candidate_id,scenario,strategy,start_before_arrival_s,target_temp_c,max_thermal_power_w,arrival_core_temp_c,arrival_surface_temp_c,arrival_temperature_deviation_c,arrival_soc,preconditioning_energy_kwh,charge_time_s,charge_time_min,grid_energy_kwh,final_soc,peak_core_temp_c,relative_aging_damage,charge_status,preconditioning_status,max_route_power_closure_residual_w,charge_complete,final_soc_ok,arrival_soc_ok,temperature_ok,power_closure_ok,feasible,constraint_failure_reason
baseline-rule,cold_arrival,rule,0.0,10.006290746522177,0.0,10.006290746522177,17.79065039056287,14.993709253477823,0.1476673332685769,3.6087719298245853,1055.0,17.583333333333332,54.13860377774808,0.8,30.369055609401524,0.00028884923287248593,charge_complete,cold_arrival_preheat,7.548806024715304e-11,True,True,True,True,True,True,ok
optimized-032,cold_arrival,optimized,1800.0,15.0,5000.0,4.499645315604464,12.657193821871902,20.500354684395536,0.16108321466859846,2.7065789473684347,1120.0,18.666666666666668,53.43742536974805,0.8,26.853580298547413,0.00023294101458239344,charge_complete,optimized_preheat,8.276401786133647e-11,True,True,True,True,True,True,ok
optimized-046,cold_arrival,optimized,2400.0,15.0,3750.0,4.552966746941754,10.26268729759067,20.447033253058244,0.160848991154683,2.7315789473684267,1125.0,18.75,53.48110558247764,0.8,26.629930497591918,0.00023090382796902656,charge_complete,optimized_preheat,6.912159733474255e-11,True,True,True,True,True,True,ok
optimized-031,cold_arrival,optimized,1800.0,15.0,3750.0,0.41902174357658845,6.409268029007723,24.58097825642341,0.17098863960840535,2.0486842105263112,1280.0,21.333333333333332,52.95396109532782,0.8,23.5485160435664,0.00018572053517420533,charge_complete,optimized_preheat,7.09405867382884e-11,True,True,True,True,True,True,ok
optimized-017,cold_arrival,optimized,1200.0,15.0,5000.0,-1.2701415020746245,7.262348584547382,26.270141502074626,0.1745470236899755,1.804385964912285,1365.0,22.75,52.776376123852465,0.8,22.62648509684541,0.00017247923542691178,charge_complete,optimized_preheat,6.821210263296962e-11,True,True,True,True,True,True,ok
optimized-045,cold_arrival,optimized,2400.0,15.0,2500.0,-0.8959214289707939,2.73906291676843,25.895921428970794,0.17399344719437354,1.854385964912293,1390.0,23.166666666666668,52.84970787552906,0.8,22.240799165704807,0.0001690585724801304,charge_complete,optimized_preheat,6.775735528208315e-11,True,True,True,True,True,True,ok
optimized-016,cold_arrival,optimized,1200.0,15.0,3750.0,-3.9112919493410656,2.361147759246369,28.911291949341066,0.18116710682239515,1.3657894736842142,1560.0,26.0,52.495672950057646,0.8,20.351909384819272,0.00014510021141948338,charge_complete,optimized_preheat,7.09405867382884e-11,True,True,True,True,True,True,ok
optimized-002,cold_arrival,optimized,600.0,15.0,5000.0,-7.255938134234979,1.3056894812713726,32.25593813423498,0.18807309074123996,0.9021929824561393,1770.0,29.5,52.22173103331086,0.8,18.41492049061697,0.000123569001221679,charge_complete,optimized_preheat,6.002665031701326e-11,True,True,True,True,True,True,ok
optimized-001,cold_arrival,optimized,600.0,15.0,3750.0,-8.401215655915736,-2.1057091282552585,33.401215655915735,0.19139263138400908,0.682894736842106,1890.0,31.5,52.119863726089854,0.8,17.49587443800561,0.00011413292142389385,charge_complete,optimized_preheat,6.002665031701326e-11,True,True,True,True,True,True,ok
optimized-000,cold_arrival,optimized,600.0,15.0,2500.0,-9.542005007337865,-5.514207481882628,34.54200500733786,0.1947024523159167,0.46359649122806956,2005.0,33.416666666666664,52.032227830942624,0.8,16.67488633379933,0.00010584665363606898,charge_complete,optimized_preheat,6.002665031701326e-11,True,True,True,True,True,True,ok
baseline-none,cold_arrival,none,0.0,-11.822062992689721,0.0,-11.822062992689721,-12.329880263924156,36.82206299268972,0.2016673837963337,0.0,2255.0,37.583333333333336,51.866946197573796,0.8,15.253382167786661,9.228253203240456e-05,charge_complete,strategy_none,6.002665031701326e-11,True,True,True,True,True,True,ok
baseline-none,mild_arrival,none,0.0,25.948358000656484,0.0,25.948358000656484,25.418832940475344,0.9483580006564836,0.24008359371790008,0.0,840.0,14.0,46.76721099292223,0.8,37.110364189489076,0.00036547551146047915,charge_complete,strategy_none,1.1823431123048067e-10,True,True,True,True,True,True,ok
optimized-006,mild_arrival,optimized,600.0,25.0,2500.0,25.38419755648503,23.233077684122755,0.38419755648503084,0.2392274602613345,0.05843082605653354,840.0,14.0,46.839333083455415,0.8,36.839826873564625,0.00036142427877751567,charge_complete,target_deadband,1.1823431123048067e-10,True,True,True,True,True,True,ok
optimized-000,mild_arrival,optimized,600.0,15.0,2500.0,23.966053593242595,18.785336864352207,1.033946406757405,0.23767850517450576,0.16388888888888897,845.0,14.083333333333334,46.97259671960994,0.8,36.161364304094896,0.0003509811116376509,charge_complete,optimized_precool,1.1823431123048067e-10,True,True,True,True,True,True,ok
optimized-001,mild_arrival,optimized,600.0,15.0,3750.0,23.014427053709547,16.0948243024618,1.9855729462904534,0.23665753445975413,0.23333333333333334,845.0,14.083333333333334,47.04910603907305,0.8,35.69037755723939,0.0003439444843494423,charge_complete,optimized_precool,1.2005330063402653e-10,True,True,True,True,True,True,ok
optimized-002,mild_arrival,optimized,600.0,15.0,5000.0,22.427286262572284,15.159119756450885,2.5727137374277156,0.23563608495174163,0.30277777777777815,845.0,14.083333333333334,47.133074877317746,0.8,35.45278238320985,0.0003406615515878541,charge_complete,optimized_precool,1.1823431123048067e-10,True,True,True,True,True,True,ok
optimized-015,mild_arrival,optimized,1200.0,15.0,2500.0,21.26158739273886,16.39290556259718,3.7384126072611394,0.2352557029007989,0.32777777777777745,845.0,14.083333333333334,47.17187263599073,0.8,35.22763733285401,0.0003355128537529685,charge_complete,optimized_precool,1.1823431123048067e-10,True,True,True,True,True,True,ok
optimized-019,mild_arrival,optimized,1200.0,20.0,3750.0,21.030816276569293,15.368743326850403,3.9691837234307066,0.23459150441245208,0.37306795871272297,850.0,14.166666666666666,47.223814241553924,0.8,35.06848546837185,0.00033374673659409057,charge_complete,optimized_precool,1.1823431123048067e-10,True,True,True,True,True,True,ok
optimized-034,mild_arrival,optimized,1800.0,20.0,3750.0,20.69138932240067,15.296270299144311,4.308610677599329,0.23408185760945743,0.40703241912294313,850.0,14.166666666666666,47.2648204752981,0.8,34.972816990534064,0.0003319003341954381,charge_complete,optimized_precool,1.1436895874794573e-10,True,True,True,True,True,True,ok
optimized-016,mild_arrival,optimized,1200.0,15.0,3750.0,20.02533970800249,15.014910066231216,4.974660291997509,0.23320616722373835,0.4666666666666667,850.0,14.166666666666666,47.336404778002354,0.8,34.79798996942317,0.0003288432900836008,charge_complete,optimized_precool,1.1823431123048067e-10,True,True,True,True,True,True,ok
optimized-030,mild_arrival,optimized,1800.0,15.0,2500.0,19.240333047668244,15.490746006602755,5.759666952331756,0.23282249380672002,0.4912058306473386,850.0,14.166666666666666,47.37036980172297,0.8,34.612420303072646,0.0003248215137121007,charge_complete,optimized_precool,1.1334577720845118e-10,True,True,True,True,True,True,ok
optimized-031,mild_arrival,optimized,1800.0,15.0,3750.0,18.554384795924932,14.507868348283598,6.445615204075068,0.2308637988343475,0.6240156493928677,855.0,14.25,47.52694998034267,0.8,34.42974345904944,0.0003219227768657226,charge_complete,optimized_precool,1.0913936421275139e-10,True,True,True,True,True,True,ok
optimized-032,mild_arrival,optimized,1800.0,15.0,5000.0,18.375568922848046,14.01173206277253,6.624431077151954,0.2298999344216385,0.6894620580150432,855.0,14.25,47.600513673261865,0.8,34.355032753300854,0.000321152412036949,charge_complete,optimized_precool,1.070930011337623e-10,True,True,True,True,True,True,ok
optimized-031,hot_arrival,optimized,1800.0,15.0,3750.0,35.45914190956733,28.047323402600572,10.459141909567329,0.2812241774131216,0.7,725.0,12.083333333333334,39.06207039516484,0.75,45.04236385542759,0.0003341557974801837,charge_complete,optimized_precool,1.5643308870494366e-10,True,True,True,True,True,True,ok
optimized-041,hot_arrival,optimized,1800.0,30.0,5000.0,32.36616923103602,22.678490360113656,7.366169231036018,0.2786530624230711,0.8761908944403348,725.0,12.083333333333334,39.28400367707636,0.75,45.04017840080262,0.0003182638513967753,charge_complete,optimized_precool,1.5575096767861396e-10,True,True,True,True,True,True,ok
optimized-032,hot_arrival,optimized,1800.0,15.0,5000.0,31.750047098888164,22.10339965761415,6.750047098888164,0.2781800502940747,0.908333333333337,725.0,12.083333333333334,39.3113587329334,0.75,45.03350889180307,0.00031620517458074066,charge_complete,optimized_precool,1.6484591469634324e-10,True,True,True,True,True,True,ok
optimized-017,hot_arrival,optimized,1200.0,15.0,5000.0,37.088739755021855,27.087838244932648,12.088739755021855,0.2826186484069183,0.605555555555554,730.0,12.166666666666666,38.88764028363172,0.75,45.62578383547868,0.00033862145600758683,charge_complete,optimized_precool,1.7280399333685637e-10,True,True,True,True,True,True,ok
baseline-rule,hot_arrival,rule,0.0,37.03752334905262,0.0,37.03752334905262,36.73893161943989,12.03752334905262,0.2836112832211659,0.5345778470831709,740.0,12.333333333333334,38.73854477864838,0.75,45.04017840080262,0.000336360411087251,charge_complete,temperature_in_benefit_band,1.5575096767861396e-10,True,True,True,True,True,True,ok
optimized-016,hot_arrival,optimized,1200.0,15.0,3750.0,39.46303799768144,31.78522022998911,14.46303799768144,0.28463776140942776,0.4666666666666667,760.0,12.666666666666666,38.583188162589394,0.75,45.62930220688965,0.00033514712799366406,charge_complete,optimized_precool,1.7280399333685637e-10,True,True,True,True,True,True,ok
optimized-002,hot_arrival,optimized,600.0,15.0,5000.0,42.589913752328584,32.58925915208508,17.589913752328584,0.2870239359883492,0.30277777777777815,800.0,13.333333333333334,38.256841900445934,0.75,46.11585540054575,0.0003280190499906009,charge_complete,optimized_precool,1.9099388737231493e-10,True,True,True,True,True,True,ok
optimized-001,hot_arrival,optimized,600.0,15.0,3750.0,43.5878381769965,35.91011265993966,18.5878381769965,0.28802895357111524,0.23333333333333334,825.0,13.75,38.12233165495277,0.75,46.11894632822649,0.0003243567672358937,charge_complete,optimized_precool,1.9099388737231493e-10,True,True,True,True,True,True,ok
optimized-000,hot_arrival,optimized,600.0,15.0,2500.0,44.586018358710206,39.23110595419034,19.586018358710206,0.2890332831821038,0.16388888888888897,850.0,14.166666666666666,37.988430389185176,0.75,46.12666255681196,0.00032009054154408804,charge_complete,optimized_precool,1.9099388737231493e-10,True,True,True,True,True,True,ok
baseline-none,hot_arrival,none,0.0,46.57442907023876,0.0,46.57442907023876,45.868236033629245,21.574429070238757,0.2914003438391198,0.0,910.0,15.166666666666666,37.71243994875906,0.75,46.58720811480848,0.00031051255143797437,charge_complete,strategy_none,1.9099388737231493e-10,True,True,True,True,True,True,ok
