dataset_id,maturity,episode_id,time_s,observed_core_temp_c,predicted_core_temp_c,core_residual_c,observed_surface_temp_c,predicted_surface_temp_c,surface_residual_c
synthetic-battery-thermal-v1,synthetic,0,0.0,20.004570756196316,20.004570756196316,0.0,18.984400238406394,18.984400238406394,0.0
synthetic-battery-thermal-v1,synthetic,0,5.0,20.032544646724975,20.02563416511129,-0.006910481613687125,19.034871182610274,19.005710871393344,-0.029160311216930523
synthetic-battery-thermal-v1,synthetic,0,10.0,20.050499012139557,20.08363312417146,0.03313411203190242,19.024079984842196,19.029124017924584,0.005044033082388211
synthetic-battery-thermal-v1,synthetic,0,15.0,20.144392678407208,20.14584176097398,0.0014490825667721197,19.06496000198061,19.05579700970088,-0.009162992279730275
synthetic-battery-thermal-v1,synthetic,0,20.0,20.207382035966845,20.210487177167025,0.003105141200180128,19.086883848556674,19.08637683556538,-0.0005070129912958521
synthetic-battery-thermal-v1,synthetic,0,25.0,20.286181528417032,20.275334115267707,-0.01084741314932458,19.145701663269588,19.121359821898793,-0.02434184137079498
synthetic-battery-thermal-v1,synthetic,0,30.0,20.33723169659102,20.338095157537847,0.0008634609468280985,19.189986857053594,19.161055118034543,-0.02893173901905044
synthetic-battery-thermal-v1,synthetic,0,35.0,20.402465807424562,20.396850664741134,-0.005615142683428331,19.204021946555912,19.205563040844726,0.0015410942888145485
synthetic-battery-thermal-v1,synthetic,0,40.0,20.45495058223181,20.450401786423694,-0.004548795808116068,19.25103938138294,19.254769472744755,0.003730091361813237
synthetic-battery-thermal-v1,synthetic,0,45.0,20.511058424643142,20.498492067939242,-0.012566356703899828,19.31754869245661,19.308355790807333,-0.00919290164927844
synthetic-battery-thermal-v1,synthetic,0,50.0,20.538808256021305,20.541857136357983,0.0030488803366779393,19.364827916995083,19.365822273984282,0.0009943569891994741
synthetic-battery-thermal-v1,synthetic,0,55.0,20.60046362693508,20.582093299135874,-0.01837032779920733,19.43269676975052,19.42652179401131,-0.006174975739209998
synthetic-battery-thermal-v1,synthetic,0,60.0,20.61527330298964,20.62136891856691,0.006095615577269342,19.492186856015664,19.48969997273163,-0.002486883284035457
synthetic-battery-thermal-v1,synthetic,0,65.0,20.670647495973355,20.662031107935444,-0.008616388037911094,19.56707455700638,19.554537921249867,-0.012536635756511316
synthetic-battery-thermal-v1,synthetic,0,70.0,20.71332455805202,20.706179400533497,-0.007145157518522183,19.633015117479154,19.620194108205766,-0.012821009273388029
synthetic-battery-thermal-v1,synthetic,0,75.0,20.788715530967654,20.755284085237783,-0.033431445729871,19.685433710692866,19.685842701916425,0.00040899122355853024
synthetic-battery-thermal-v1,synthetic,0,80.0,20.803928482270866,20.80991877902296,0.005990296752095503,19.7435472529487,19.75070671217162,0.00715945922291894
synthetic-battery-thermal-v1,synthetic,0,85.0,20.881006637279565,20.86965599768397,-0.011350639595594458,19.835463794972227,19.814085227578886,-0.02137856739334154
synthetic-battery-thermal-v1,synthetic,0,90.0,20.933985676994343,20.93314478459236,-0.0008408924019818187,19.86665469123989,19.87537483245851,0.00872014121862108
synthetic-battery-thermal-v1,synthetic,0,95.0,20.98898579266884,20.99835627864088,0.00937048597204182,19.94720953788847,19.934085775135287,-0.013123762753181722
synthetic-battery-thermal-v1,synthetic,0,100.0,21.077536007493237,21.06295249600138,-0.014583511491856882,20.000894518985046,19.989853599703185,-0.011040919281860795
synthetic-battery-thermal-v1,synthetic,0,105.0,21.086759096648187,21.09311255734653,0.006353460698342417,20.048397769041014,20.042446773619343,-0.005950995421670768
synthetic-battery-thermal-v1,synthetic,0,110.0,21.124412680674475,21.118871809569278,-0.005540871105196743,20.096741586927195,20.09137325297017,-0.0053683339570262945
synthetic-battery-thermal-v1,synthetic,0,115.0,21.1563371095544,21.139352526214772,-0.016984583339628045,20.1417889071375,20.136685612648517,-0.005103294488982613
synthetic-battery-thermal-v1,synthetic,0,120.0,21.16884414273798,21.15466242206651,-0.014181720671469833,20.181028453469267,20.17856571426941,-0.0024627391998564008
synthetic-battery-thermal-v1,synthetic,0,125.0,21.174262338605327,21.165872563246378,-0.008389775358949692,20.189829533706977,20.17886323635974,-0.010966297347238196
synthetic-battery-thermal-v1,synthetic,0,130.0,21.15688302484775,21.174649480730622,0.017766455882870957,20.174012151370263,20.177245373810372,0.0032332224401088183
synthetic-battery-thermal-v1,synthetic,0,135.0,21.180334912076994,21.18326286229155,0.002927950214555608,20.166156181906263,20.174099373719915,0.007943191813652106
synthetic-battery-thermal-v1,synthetic,0,140.0,21.194047530394602,21.193995492922664,-5.2037471938604085e-05,20.194011985301522,20.169860237427766,-0.024151747873755625
synthetic-battery-thermal-v1,synthetic,0,145.0,21.199997010712416,21.208726007102683,0.008728996390267696,20.18131808464022,20.16497259319491,-0.0163454914453105
synthetic-battery-thermal-v1,synthetic,0,150.0,21.207715729411092,21.22858553045898,0.020869801047886938,20.15674305718695,20.159848255427317,0.003105198240366036
synthetic-battery-thermal-v1,synthetic,0,155.0,21.260716627929586,21.25375081512924,-0.006965812800345361,20.165631580698477,20.15482252930449,-0.0108090513939878
synthetic-battery-thermal-v1,synthetic,0,160.0,21.29878639182502,21.28341156081556,-0.01537483100945991,20.164126200504928,20.150112985377174,-0.014013215127754108
synthetic-battery-thermal-v1,synthetic,0,165.0,21.315594291349854,21.31591782955619,0.00032353820633801433,20.141059253994232,20.145784695153342,0.004725441159109778
synthetic-battery-thermal-v1,synthetic,0,170.0,21.367062147303244,21.34908060411211,-0.017981543191133653,20.141163431247772,20.141725703772803,0.0005622725250304939
synthetic-battery-thermal-v1,synthetic,0,175.0,21.366739234189673,21.38057060081843,0.01383136662875728,20.12304418177569,20.13763580824357,0.014591626467879593
synthetic-battery-thermal-v1,synthetic,0,180.0,21.40002002198033,21.40834252372948,0.008322501749152167,20.143002452497832,20.133030573598905,-0.009971878898927145
synthetic-battery-thermal-v1,synthetic,0,185.0,21.438742193560934,21.43100730715761,-0.0077348864033233156,20.14025050459492,20.12726108697697,-0.012989417617951915
synthetic-battery-thermal-v1,synthetic,0,190.0,21.447364093731213,21.44808438461553,0.0007202908843169098,20.124692486376407,20.119548402326895,-0.005144084049511832
synthetic-battery-thermal-v1,synthetic,0,195.0,21.475214910411466,21.460087912781546,-0.015126997629920425,20.107311818810025,20.109030168968594,0.0017183501585691374
synthetic-battery-thermal-v1,synthetic,0,200.0,21.51287352110368,21.50002976593132,-0.012843755172358584,20.087992592794336,20.094815757954663,0.006823165160326994
synthetic-battery-thermal-v1,synthetic,0,205.0,21.539006096843792,21.538223870441566,-0.0007822264022259162,20.074040528360392,20.076442636167744,0.002402107807352394
synthetic-battery-thermal-v1,synthetic,0,210.0,21.565516676369157,21.576987122190694,0.011470445821537112,20.06401807617471,20.053131740123824,-0.010886336050884182
synthetic-battery-thermal-v1,synthetic,0,215.0,21.61815674945434,21.61847324912445,0.00031649967010949354,20.028317189217173,20.024246536367478,-0.004070652849694767
synthetic-battery-thermal-v1,synthetic,0,220.0,21.67849944615679,21.664276954607253,-0.014222491549535476,20.000267029842522,19.989337900485033,-0.010929129357489131
synthetic-battery-thermal-v1,synthetic,0,225.0,21.732453006538485,21.715139705609488,-0.017313300928996966,19.951327081581468,19.948177890435225,-0.0031491911462424582
synthetic-battery-thermal-v1,synthetic,0,230.0,21.772147864270956,21.77081092306028,-0.0013369412106740697,19.904653399781623,19.90078104705815,-0.0038723527234729715
synthetic-battery-thermal-v1,synthetic,0,235.0,21.812844549581406,21.83009001257838,0.017245462996974936,19.831259226555456,19.847413003167333,0.016153776611876225
synthetic-battery-thermal-v1,synthetic,0,240.0,21.8796546756518,21.891041710567,0.011387034915198768,19.7797038619241,19.788587127747718,0.008883265823616426
synthetic-battery-thermal-v1,synthetic,0,245.0,21.9661792809427,21.95134562359736,-0.014833657345342033,19.718096621574507,19.725050569374176,0.00695394779966918
synthetic-battery-thermal-v1,synthetic,0,250.0,22.012243467686964,22.008716369551475,-0.003527098135489126,19.684451790513545,19.657761358625166,-0.026690431888379607
synthetic-battery-thermal-v1,synthetic,0,255.0,22.06550224476795,22.06131784913108,-0.0041843956368694535,19.606706901103205,19.5878582202669,-0.01884868083630664
synthetic-battery-thermal-v1,synthetic,0,260.0,22.10390836787933,22.10809623492237,0.004187867043039972,19.52191118258762,19.51662452865085,-0.005286653936767749
synthetic-battery-thermal-v1,synthetic,0,265.0,22.144784072905445,22.14897106963017,0.004186996724726555,19.449298498091256,19.445447545005006,-0.003850953086249831
synthetic-battery-thermal-v1,synthetic,0,270.0,22.207729998642844,22.184849716399523,-0.02288028224332095,19.3593423282185,19.375773837525895,0.01643150930739523
synthetic-battery-thermal-v1,synthetic,0,275.0,22.234444459273494,22.217462589160213,-0.01698187011328045,19.32260973149705,19.309061711325768,-0.01354802017128165
synthetic-battery-thermal-v1,synthetic,0,280.0,22.25078545951256,22.249049241721774,-0.001736217790785588,19.235477579709638,19.24673162044135,0.011254040731710546
synthetic-battery-thermal-v1,synthetic,0,285.0,22.293875174242135,22.28195255821289,-0.011922616029245603,19.19300716098115,19.19011588888628,-0.0028912720948710557
synthetic-battery-thermal-v1,synthetic,0,290.0,22.33274109633538,22.318195012388323,-0.014546083947056587,19.151902565557034,19.140409559926866,-0.011493005630168085
synthetic-battery-thermal-v1,synthetic,0,295.0,22.362625914676652,22.327515611888813,-0.035110302787838776,19.10646074153842,19.098624702721757,-0.007836038816662949
synthetic-battery-thermal-v1,synthetic,0,300.0,22.33786235369052,22.34206672967233,0.004204375981807118,19.079456537116215,19.065153707882164,-0.014302829234051018
synthetic-battery-thermal-v1,synthetic,0,305.0,22.37581121283606,22.361266422969166,-0.014544789866892671,19.072660838864927,19.04054648460514,-0.03211435425978593
synthetic-battery-thermal-v1,synthetic,0,310.0,22.407541203374123,22.383651253099465,-0.02388995027465768,19.042199934164696,19.02508042407609,-0.01711951008860524
synthetic-battery-thermal-v1,synthetic,0,315.0,22.44058746843389,22.407149264203436,-0.033438204230453294,19.01266044519352,19.018754962986467,0.006094517792945453
synthetic-battery-thermal-v1,synthetic,0,320.0,22.431472606651678,22.429464106921664,-0.002008499730013824,19.01904549675485,19.02130089844,0.002255401685150815
synthetic-battery-thermal-v1,synthetic,0,325.0,22.454349876310285,22.44850009655076,-0.0058497797595258305,19.023046026174832,19.032204298671147,0.009158272496314623
synthetic-battery-thermal-v1,synthetic,0,330.0,22.484032441929784,22.462750537734514,-0.021281904195269874,19.058701165483342,19.050743535211346,-0.007957630271995697
synthetic-battery-thermal-v1,synthetic,0,335.0,22.461289828779545,22.471578360090447,0.010288531310902016,19.071851502033496,19.0760367190528,0.0041852170193052984
synthetic-battery-thermal-v1,synthetic,0,340.0,22.491796763821768,22.47533776634043,-0.016458997481336723,19.13044094430303,19.1070958296569,-0.023345114646129872
synthetic-battery-thermal-v1,synthetic,0,345.0,22.51697747349218,22.47531461062601,-0.04166286286616838,19.197065053177884,19.142883222516303,-0.05418183066158022
synthetic-battery-thermal-v1,synthetic,0,350.0,22.49136676642039,22.47349630694394,-0.017870459476451828,19.17768185681121,19.182366073887398,0.004684217076189157
synthetic-battery-thermal-v1,synthetic,0,355.0,22.45183228076024,22.472213181612098,0.020380900851858286,19.238416209999222,19.224564686327334,-0.013851523671888799
synthetic-battery-thermal-v1,synthetic,0,360.0,22.473086485721943,22.473716653865974,0.0006301681440312734,19.271872832701646,19.26859138029087,-0.003281452410774932
synthetic-battery-thermal-v1,synthetic,0,365.0,22.482148666857643,22.479771173599282,-0.0023774932583613406,19.320758614192847,19.313677817683907,-0.007080796508940779
synthetic-battery-thermal-v1,synthetic,0,370.0,22.51891534360536,22.491334358289162,-0.02758098531619879,19.370428815388877,19.359189882625355,-0.011238932763522058
synthetic-battery-thermal-v1,synthetic,0,375.0,22.517664800300192,22.50838370479884,-0.009281095501350478,19.39768277160359,19.4046305055836,0.006947733980009474
synthetic-battery-thermal-v1,synthetic,0,380.0,22.516561140010108,22.529921535192315,0.01336039518220744,19.450643988874905,19.449631893659138,-0.0010120952157670615
synthetic-battery-thermal-v1,synthetic,0,385.0,22.56522701254225,22.554157340600344,-0.011069671941903891,19.528501807345,19.493939393318502,-0.03456241402649596
synthetic-battery-thermal-v1,synthetic,0,390.0,22.624601216179787,22.61043292839379,-0.014168287785995659,19.5599283584943,19.53738959005521,-0.022538768439090973
synthetic-battery-thermal-v1,synthetic,0,395.0,22.669743815999453,22.664698051842095,-0.00504576415735869,19.570077697242038,19.580282420101206,0.010204722859167958
synthetic-battery-thermal-v1,synthetic,0,400.0,22.713358817165982,22.71500940835842,0.0016505911924369343,19.619031785757702,19.6225524515835,0.003520665825796243
synthetic-battery-thermal-v1,synthetic,0,405.0,22.80514970489254,22.760143855111515,-0.045005849781023954,19.65899015176581,19.664149719778095,0.005159568012285121
synthetic-battery-thermal-v1,synthetic,0,410.0,22.825689847720643,22.799821036634015,-0.025868811086628085,19.698450700052003,19.705015981463404,0.006565281411401003
synthetic-battery-thermal-v1,synthetic,0,415.0,22.8621969523478,22.834753937714574,-0.027443014633227847,19.757646340371295,19.745063210509024,-0.012583129862271392
synthetic-battery-thermal-v1,synthetic,0,420.0,22.87779242944547,22.866518146383694,-0.011274283061776913,19.790194450321422,19.784154415454637,-0.006040034866785504
synthetic-battery-thermal-v1,synthetic,0,425.0,22.90121173734188,22.8972636556658,-0.003948081676082182,19.835284599108054,19.82208673960656,-0.013197859501492104
synthetic-battery-thermal-v1,synthetic,0,430.0,22.936420830113253,22.929321732541407,-0.007099097571845903,19.84656896530438,19.85857696211797,0.012007996813586885
synthetic-battery-thermal-v1,synthetic,0,435.0,22.95970964366916,22.964778505610234,0.005068861941072811,19.902100533356545,19.893249900147694,-0.008850633208851377
synthetic-battery-thermal-v1,synthetic,0,440.0,23.043088355468093,23.00509298297422,-0.03799537249387441,19.934198037443352,19.925630705570736,-0.008567331872615824
synthetic-battery-thermal-v1,synthetic,0,445.0,23.06360356392205,23.050829104615218,-0.012774459306832853,19.96552745000832,19.955142506533324,-0.010384943474996078
synthetic-battery-thermal-v1,synthetic,0,450.0,23.13597277530267,23.101550638121267,-0.034422137181401524,19.990459326035378,19.981111109275925,-0.009348216759452299
synthetic-battery-thermal-v1,synthetic,0,455.0,23.164867798095454,23.15589803566798,-0.008969762427472716,20.025425966612328,20.002778419829337,-0.022647546782991412
synthetic-battery-thermal-v1,synthetic,0,460.0,23.233709056165704,23.211833198209373,-0.0218758579563314,20.04845313011503,20.019325794595627,-0.029127335519401498
synthetic-battery-thermal-v1,synthetic,0,465.0,23.285504383295606,23.267007488837034,-0.018496894458571944,20.017717575806014,20.02990768538953,0.012190109583517739
synthetic-battery-thermal-v1,synthetic,0,470.0,23.31469341663669,23.319185881532377,0.00449246489568722,20.06477529036172,20.03369479235052,-0.03108049801119961
synthetic-battery-thermal-v1,synthetic,0,475.0,23.408782403507058,23.366649918107,-0.04213248540005665,20.03374642788377,20.029924633902546,-0.0038217939812241752
synthetic-battery-thermal-v1,synthetic,0,480.0,23.41924350306721,23.40850603624841,-0.01073746681879939,20.046652094049147,20.017956191139024,-0.028695902910122584
synthetic-battery-thermal-v1,synthetic,0,485.0,23.41307354204706,23.413244525304954,0.00017098325789532964,20.029136194430748,20.035774187242488,0.0066379928117399345
synthetic-battery-thermal-v1,synthetic,0,490.0,23.439829077615503,23.413823534959292,-0.026005542656211134,20.044272369083135,20.04332281320521,-0.000949555877923558
synthetic-battery-thermal-v1,synthetic,0,495.0,23.428232698491083,23.41204848743924,-0.016184211051843533,20.0451831634838,20.040605279721436,-0.004577883762362234
synthetic-battery-thermal-v1,synthetic,0,500.0,23.431382091057316,23.410151750287596,-0.02123034076971919,20.05629884230718,20.027925145335836,-0.028373696971343065
synthetic-battery-thermal-v1,synthetic,0,505.0,23.427825850998627,23.410378582990955,-0.017447268007671823,20.023113184691017,20.005895972347027,-0.017217212343989985
synthetic-battery-thermal-v1,synthetic,0,510.0,23.399857707316848,23.414571051158436,0.014713343841588511,19.98261268782939,19.975432313713185,-0.007180374116206423
synthetic-battery-thermal-v1,synthetic,0,515.0,23.42720405004619,23.423825953847672,-0.0033780961985172553,19.927750757266715,19.937722551902866,0.009971794636150833
synthetic-battery-thermal-v1,synthetic,0,520.0,23.441168365522884,23.438289306541723,-0.0028790589811613643,19.897918334055397,19.894185843451847,-0.003732490603550076
synthetic-battery-thermal-v1,synthetic,0,525.0,23.486971211748706,23.457125006685427,-0.029846205063279285,19.835721377160944,19.846416839242604,0.010695462081660168
synthetic-battery-thermal-v1,synthetic,0,530.0,23.49530676872686,23.478663524767327,-0.016643243959531873,19.798525790034105,19.796122768429015,-0.0024030216050903164
synthetic-battery-thermal-v1,synthetic,0,535.0,23.51205276343946,23.5007036087357,-0.011349154703758302,19.77022571996177,19.745057795225303,-0.025167924736464897
synthetic-battery-thermal-v1,synthetic,0,540.0,23.545316625330134,23.520912055781533,-0.02440456954860082,19.725590838706875,19.694959281026012,-0.030631557680862898
synthetic-battery-thermal-v1,synthetic,0,545.0,23.551306467993456,23.53724868867554,-0.014057779317916186,19.64803627155432,19.647489800722507,-0.0005464708318143607
synthetic-battery-thermal-v1,synthetic,0,550.0,23.561363503180516,23.548339042821947,-0.013024460358568746,19.619185839314998,19.6041876353073,-0.014998204007696359
synthetic-battery-thermal-v1,synthetic,0,555.0,23.572726064408556,23.553726771120097,-0.018999293288459285,19.561847988629616,19.5664271973104,0.004579208680784319
synthetic-battery-thermal-v1,synthetic,0,560.0,23.57160132997185,23.553959675556218,-0.01764165441563037,19.550768585064244,19.535389649331933,-0.015378935732311305
synthetic-battery-thermal-v1,synthetic,0,565.0,23.60444904038313,23.550493584536632,-0.05395545584649852,19.552357346130126,19.5120430250322,-0.04031432109792732
synthetic-battery-thermal-v1,synthetic,0,570.0,23.54872522120827,23.545431487113113,-0.0032937340951555427,19.505121030511322,19.497130572672095,-0.00799045783922736
synthetic-battery-thermal-v1,synthetic,0,575.0,23.53519150187536,23.54114535739058,0.005953855515219431,19.4946775709463,19.49116585419204,-0.003511716754260874
synthetic-battery-thermal-v1,synthetic,0,580.0,23.592326403321326,23.57144806936421,-0.02087833395711769,19.524896145088288,19.494433310858778,-0.03046283422951035
synthetic-battery-thermal-v1,synthetic,0,585.0,23.611645074626086,23.60626021321258,-0.005384861413507025,19.509890096418168,19.507390630741952,-0.0024994656762160616
synthetic-battery-thermal-v1,synthetic,0,590.0,23.630716250721477,23.646391970948777,0.015675720227299905,19.5396185689146,19.52987297649741,-0.009745592417193194
synthetic-battery-thermal-v1,synthetic,0,595.0,23.692505331266098,23.69166145370705,-0.0008438775590491332,19.565576308250712,19.56151646556849,-0.0040598426822207045
synthetic-battery-thermal-v1,synthetic,0,600.0,23.74483417704512,23.740934777892704,-0.0038993991524165494,19.612128164798523,19.601777232503554,-0.010350932294969084
synthetic-battery-thermal-v1,synthetic,0,605.0,23.78331054510452,23.792339511626665,0.009028966522144799,19.601297082614657,19.611506225545934,0.010209142931277171
synthetic-battery-thermal-v1,synthetic,0,610.0,23.89299881739437,23.84344222536186,-0.049556592032512725,19.621550480816236,19.629083952698092,0.007533471881856713
synthetic-battery-thermal-v1,synthetic,0,615.0,23.89343929492984,23.89201160809206,-0.0014276868377827157,19.69279382509956,19.653523135104106,-0.03927068999545469
synthetic-battery-thermal-v1,synthetic,0,620.0,23.99794206580186,23.93625678016453,-0.06168528563732778,19.677847553457756,19.683799381655604,0.005951828197847675
synthetic-battery-thermal-v1,synthetic,0,625.0,23.9879359621155,23.975159357279345,-0.012776604836155059,19.735518003603733,19.718895569840605,-0.01662243376312844
synthetic-battery-thermal-v1,synthetic,0,630.0,24.053046889116267,24.00866398380526,-0.04438290531100719,19.754398511311503,19.757845703649064,0.003447192337560523
synthetic-battery-thermal-v1,synthetic,0,635.0,24.05258560732503,24.037692595308343,-0.0148930120166888,19.822631827021002,19.799774951343515,-0.022856875677486954
synthetic-battery-thermal-v1,synthetic,0,640.0,24.089173102775973,24.06397983654614,-0.02519326622983442,19.849317062004836,19.843932434823113,-0.005384627181722834
synthetic-battery-thermal-v1,synthetic,0,645.0,24.106519200185282,24.089759693141126,-0.016759507044156408,19.879939730097465,19.889713669910453,0.009773939812987464
synthetic-battery-thermal-v1,synthetic,0,650.0,24.132661536055885,24.117360541073197,-0.01530099498268811,19.94334126400977,19.93667034217328,-0.006670921836491317
synthetic-battery-thermal-v1,synthetic,0,655.0,24.171270915904216,24.148782527105297,-0.022488388798919345,19.986656430944315,19.98450626905954,-0.0021501618847743487
synthetic-battery-thermal-v1,synthetic,0,660.0,24.211579994323568,24.185334417990436,-0.026245576333131737,20.05854063350155,20.033059802913186,-0.025480830588364256
synthetic-battery-thermal-v1,synthetic,0,665.0,24.249103643974276,24.227396208870957,-0.02170743510331974,20.097647505441007,20.082274382131374,-0.01537312330963303
synthetic-battery-thermal-v1,synthetic,0,670.0,24.29475997590257,24.274350840306116,-0.020409135596452188,20.142061209469745,20.132160234700923,-0.009900974768822124
synthetic-battery-thermal-v1,synthetic,0,675.0,24.301925259156672,24.293098934112784,-0.008826325043887806,20.197196951081946,20.18275119243919,-0.014445758642754214
synthetic-battery-thermal-v1,synthetic,0,680.0,24.331506224538078,24.313268750413783,-0.01823747412429455,20.274553123071012,20.23366386332697,-0.04088925974404134
synthetic-battery-thermal-v1,synthetic,0,685.0,24.375860576661296,24.332523531774793,-0.043337044886502696,20.29992891890004,20.284861363370695,-0.015067555529345356
synthetic-battery-thermal-v1,synthetic,0,690.0,24.357037261190722,24.348728392808283,-0.008308868382439272,20.328592752244795,20.33621559985145,0.007622847606654659
synthetic-battery-thermal-v1,synthetic,0,695.0,24.397946637251476,24.36033931916913,-0.037607318082343966,20.400270491257135,20.387485669755435,-0.01278482150170035
synthetic-battery-thermal-v1,synthetic,0,700.0,24.393574942920306,24.366684214922724,-0.026890727997582076,20.420762277615612,20.438308017801297,0.017545740185685332
synthetic-battery-thermal-v1,synthetic,1,0.0,22.21391157722337,22.21391157722337,0.0,21.311353750859347,21.311353750859347,0.0
synthetic-battery-thermal-v1,synthetic,1,5.0,22.246375701720115,22.27648782941005,0.030112127689935875,21.289369933552063,21.303166337822148,0.013796404270085105
synthetic-battery-thermal-v1,synthetic,1,10.0,22.333668935455496,22.342690195539824,0.00902126008432802,21.293874801265595,21.299746495023737,0.005871693758141561
synthetic-battery-thermal-v1,synthetic,1,15.0,22.39371435283961,22.4105861927234,0.01687183988379104,21.293101981267334,21.30127714274221,0.008175161474877513
synthetic-battery-thermal-v1,synthetic,1,20.0,22.46209951206235,22.477887635292586,0.01578812323023726,21.303404663791778,21.307731739009462,0.004327075217684495
synthetic-battery-thermal-v1,synthetic,1,25.0,22.552893503891287,22.5423711959911,-0.010522307900185268,21.273733362648503,21.318868054276674,0.04513469162817074
synthetic-battery-thermal-v1,synthetic,1,30.0,22.58760813205639,22.602287075783217,0.014678943726828209,21.33020890019989,21.334238703555535,0.004029803355646067
synthetic-battery-thermal-v1,synthetic,1,35.0,22.65037777202598,22.656681155656127,0.006303383630147152,21.340899463409542,21.353217313362435,0.012317849952893312
synthetic-battery-thermal-v1,synthetic,1,40.0,22.668819909932655,22.70557178559861,0.03675187566595639,21.37314309932095,21.375037608532214,0.0018945092112652162
synthetic-battery-thermal-v1,synthetic,1,45.0,22.765766780305004,22.74994888452006,-0.01581789578494508,21.368936026912618,21.398841480727718,0.029905453815100458
synthetic-battery-thermal-v1,synthetic,1,50.0,22.794748227664513,22.791595443593938,-0.0031527840705756205,21.411821270809735,21.423731404193198,0.011910133383462806
synthetic-battery-thermal-v1,synthetic,1,55.0,22.822321966221626,22.83276393146852,0.010441965246894114,21.4259664618137,21.44882246642964,0.02285600461593873
synthetic-battery-thermal-v1,synthetic,1,60.0,22.861521110235103,22.875766582170918,0.014245471935815601,21.48565777476165,21.47328975807578,-0.012368016685869065
synthetic-battery-thermal-v1,synthetic,1,65.0,22.9223834041565,22.922554274594997,0.00017087043849883798,21.515204874731165,21.496407806123827,-0.018797068607337764
synthetic-battery-thermal-v1,synthetic,1,70.0,22.98346215774349,22.974360816572954,-0.009101341170534738,21.51694298882713,21.517579962001903,0.0006369731747746243
synthetic-battery-thermal-v1,synthetic,1,75.0,23.049462397059635,23.03147754156325,-0.01798485549638329,21.535705220716,21.53635696374901,0.0006517430330106322
synthetic-battery-thermal-v1,synthetic,1,80.0,23.097860482665855,23.093199381664814,-0.00466110100104089,21.540770601738643,21.55244507719826,0.01167447545961764
synthetic-battery-thermal-v1,synthetic,1,85.0,23.119807766334247,23.126353736883335,0.006545970549087343,21.548053200331587,21.565705121116626,0.0176519207850383
synthetic-battery-thermal-v1,synthetic,1,90.0,23.16804199260559,23.16052181899424,-0.0075201736113506,21.550940583330238,21.575747011870483,0.02480642854024495
synthetic-battery-thermal-v1,synthetic,1,95.0,23.197974574942137,23.193352634997805,-0.004621939944332354,21.572810583274393,21.582722129018528,0.009911545744134997
synthetic-battery-thermal-v1,synthetic,1,100.0,23.23337144091483,23.222730662100837,-0.010640778813993279,21.591205640232577,21.58689582774295,-0.0043098124896268075
synthetic-battery-thermal-v1,synthetic,1,105.0,23.267691783787402,23.247159710266747,-0.020532073520655558,21.59274927254569,21.588627590098728,-0.004121682446960762
synthetic-battery-thermal-v1,synthetic,1,110.0,23.23578702470863,23.266033975241793,0.03024695053316151,21.580628807957744,21.5883493052101,0.007720497252357461
synthetic-battery-thermal-v1,synthetic,1,115.0,23.255575697090425,23.27974691865929,0.024171221568863643,21.57218102102393,21.586541744678904,0.014360723654974095
synthetic-battery-thermal-v1,synthetic,1,120.0,23.305744076872255,23.289618168904717,-0.01612590796753821,21.58681661584884,21.583708980380514,-0.003107635468325043
synthetic-battery-thermal-v1,synthetic,1,125.0,23.28066137122313,23.297651802687373,0.016990431464243727,21.55881788867011,21.580350466448053,0.021532577777943374
synthetic-battery-thermal-v1,synthetic,1,130.0,23.30019504219035,23.30617009546054,0.005975053270191211,21.552478125195424,21.576930802299778,0.02445267710435317
synthetic-battery-thermal-v1,synthetic,1,135.0,23.30091431845825,23.31738951642447,0.016475197966219213,21.57243768313314,21.57384776696825,0.0014100838351112088
synthetic-battery-thermal-v1,synthetic,1,140.0,23.34402723896452,23.333016254666198,-0.011010984298323478,21.57454537830136,21.57139996253936,-0.003145415761999004
synthetic-battery-thermal-v1,synthetic,1,145.0,23.31337296905413,23.353934981478908,0.04056201242477897,21.568430027066487,21.569756177469156,0.001326150402668702
synthetic-battery-thermal-v1,synthetic,1,150.0,23.375097080456687,23.380047534385927,0.004950453929239984,21.56933175542704,21.56892921136412,-0.0004025440629185084
synthetic-battery-thermal-v1,synthetic,1,155.0,23.428692804487916,23.41029085569107,-0.018401948796846312,21.532082922998274,21.56875723484667,0.03667431184839742
synthetic-battery-thermal-v1,synthetic,1,160.0,23.42832794524485,23.442830821528005,0.014502876283156496,21.57211190348446,21.568895674566882,-0.003216228917576558
synthetic-battery-thermal-v1,synthetic,1,165.0,23.44624038058869,23.47539651975718,0.029156139168488693,21.585395839042903,21.568822060516325,-0.0165737785265776
synthetic-battery-thermal-v1,synthetic,1,170.0,23.50597445898669,23.505693926797797,-0.00028053218889212417,21.575080198953636,21.567855273323776,-0.007224925629859769
synthetic-battery-thermal-v1,synthetic,1,175.0,23.5181721365771,23.531823464591383,0.013651328014283592,21.572030058390332,21.565189283431845,-0.006840774958487117
synthetic-battery-thermal-v1,synthetic,1,180.0,23.595503366709778,23.584223816661503,-0.01127955004827541,21.558199217646884,21.55993994746481,0.0017407298179250574
synthetic-battery-thermal-v1,synthetic,1,185.0,23.630013239166004,23.63094616915058,0.0009329299845752814,21.550583280470715,21.551599110246354,0.0010158297756390766
synthetic-battery-thermal-v1,synthetic,1,190.0,23.655632558786134,23.672768411841947,0.017135853055812333,21.532211074247098,21.539294486146005,0.007083411898907599
synthetic-battery-thermal-v1,synthetic,1,195.0,23.705076320775873,23.711310281060225,0.006233960284351525,21.5233826566976,21.522258703768838,-0.0011239529287614403
synthetic-battery-thermal-v1,synthetic,1,200.0,23.760017863711855,23.748735470363318,-0.011282393348537312,21.479674126552915,21.499888494455455,0.02021436790253972
synthetic-battery-thermal-v1,synthetic,1,205.0,23.782003095427388,23.78735419621785,0.005351100790463192,21.49002017536786,21.471794605813322,-0.018225569554537913
synthetic-battery-thermal-v1,synthetic,1,210.0,23.814830086575455,23.829198789619763,0.014368703044308262,21.421898208776657,21.43783841118548,0.015940202408824433
synthetic-battery-thermal-v1,synthetic,1,215.0,23.875762315898275,23.87564982578664,-0.00011249011163627642,21.407649531854606,21.398152534069382,-0.009496997785223726
synthetic-battery-thermal-v1,synthetic,1,220.0,23.92475810358113,23.927181104865276,0.002423001284146409,21.370391404712937,21.353144400611555,-0.01724700410138169
synthetic-battery-thermal-v1,synthetic,1,225.0,23.99388658082015,23.983270133619335,-0.010616447200813894,21.31394185439224,21.30348324842314,-0.010458605969098755
synthetic-battery-thermal-v1,synthetic,1,230.0,24.048947020774865,24.042490581092807,-0.006456439682057891,21.283366288112997,21.25007253744353,-0.03329375066946838
synthetic-battery-thermal-v1,synthetic,1,235.0,24.09822419041931,24.102769993081246,0.004545802661937159,21.162903346430944,21.194010753075997,0.031107406645052293
synthetic-battery-thermal-v1,synthetic,1,240.0,24.184738778724927,24.161765903185497,-0.022972875539430504,21.129197969154085,21.136544159739387,0.007346190585302281
synthetic-battery-thermal-v1,synthetic,1,245.0,24.2181719610446,24.217291870367998,-0.0008800906766026628,21.09874672764676,21.079015137029437,-0.019731590617322325
synthetic-battery-thermal-v1,synthetic,1,250.0,24.24326083357081,24.267715845506387,0.024455011935575754,21.004674666149864,21.022809377801874,0.018134711652010083
synthetic-battery-thermal-v1,synthetic,1,255.0,24.28809391173892,24.312258288033004,0.024164376294084633,20.958554599501433,20.969304580866492,0.010749981365059114
synthetic-battery-thermal-v1,synthetic,1,260.0,24.357821529807563,24.351135704516622,-0.006685825290940528,20.929328435717764,20.91982250008136,-0.009505935636404672
synthetic-battery-thermal-v1,synthetic,1,265.0,24.389964156941975,24.385523437279996,-0.004440719661978676,20.856467064526793,20.875585486547106,0.019118422020312664
synthetic-battery-thermal-v1,synthetic,1,270.0,24.38317708293689,24.417344459863724,0.03416737692683469,20.840936962543797,20.83767811806517,-0.0032588444786263437
synthetic-battery-thermal-v1,synthetic,1,275.0,24.41069785920166,24.41732404496259,0.006626185760929104,20.816653227482536,20.80701422794721,-0.00963899953532632
synthetic-battery-thermal-v1,synthetic,1,280.0,24.43046877983272,24.41950628325341,-0.010962496579310255,20.78896851188291,20.783912446683548,-0.005056065199362081
synthetic-battery-thermal-v1,synthetic,1,285.0,24.437607996096357,24.425760944028433,-0.01184705206792458,20.775465414250856,20.768882849067428,-0.006582565183428812
synthetic-battery-thermal-v1,synthetic,1,290.0,24.44563295710288,24.437188697868812,-0.008444259234067886,20.75486615450894,20.762201765729245,0.007335611220305793
synthetic-battery-thermal-v1,synthetic,1,295.0,24.451810214040403,24.453925992424633,0.0021157783842298272,20.770112274588683,20.76390538246432,-0.006206892124364316
synthetic-battery-thermal-v1,synthetic,1,300.0,24.48812791012064,24.475125938414823,-0.013001971705815407,20.771097399387475,20.773792448127256,0.002695048739781214
synthetic-battery-thermal-v1,synthetic,1,305.0,24.507764301612998,24.499118537258042,-0.008645764354955787,20.790557289038713,20.791437003020775,0.0008797139820622135
synthetic-battery-thermal-v1,synthetic,1,310.0,24.522923318187228,24.523720883064925,0.000797564877696999,20.83160708334879,20.81621154759219,-0.015395535756599799
synthetic-battery-thermal-v1,synthetic,1,315.0,24.51783461051752,24.54664063447622,0.02880602395869758,20.830626832477503,20.847320307874753,0.016693475397250523
synthetic-battery-thermal-v1,synthetic,1,320.0,24.544853682017507,24.565899060481655,0.021045378464148,20.851355817033962,20.883841310232086,0.03248549319812355
synthetic-battery-thermal-v1,synthetic,1,325.0,24.571271615027218,24.58019641642518,0.008924801397963478,20.938273015662844,20.92477499030348,-0.013498025359364618
synthetic-battery-thermal-v1,synthetic,1,330.0,24.586152365656744,24.589152947659976,0.0030005820032315,20.974038026001296,20.969096187974156,-0.004941838027139767
synthetic-battery-thermal-v1,synthetic,1,335.0,24.610982178424845,24.593381525066842,-0.017600653358002205,21.037402744170222,21.015805773464624,-0.021596970705598295
synthetic-battery-thermal-v1,synthetic,1,340.0,24.59457046097897,24.594378646613364,-0.0001918143656070015,21.085665057384745,21.06397792730879,-0.021687130075953576
synthetic-battery-thermal-v1,synthetic,1,345.0,24.59682253903448,24.594253686918023,-0.0025688521164575207,21.1013241432131,21.11279932220978,0.011475178996683155
synthetic-battery-thermal-v1,synthetic,1,350.0,24.587582706298786,24.59534579618246,0.007763089883674468,21.140182902047947,21.161597123873968,0.021414221826020707
synthetic-battery-thermal-v1,synthetic,1,355.0,24.58761799187553,24.5997983565171,0.012180364641569241,21.204994676760528,21.20985376980715,0.004859093046622576
synthetic-battery-thermal-v1,synthetic,1,360.0,24.622386283895253,24.609168657095793,-0.013217626799459481,21.283259779264853,21.25720777157445,-0.026052007690402945
synthetic-battery-thermal-v1,synthetic,1,365.0,24.604635464582465,24.624144035240988,0.019508570658523183,21.347452587701873,21.34189103766676,-0.005561550035114493
synthetic-battery-thermal-v1,synthetic,1,370.0,24.662117009758465,24.67618512870145,0.014068118942986985,21.430896522414052,21.424653575722154,-0.00624294669189851
synthetic-battery-thermal-v1,synthetic,1,375.0,24.732216079562075,24.73230162127112,8.554170904417902e-05,21.47708003404832,21.505943441341277,0.02886340729295611
synthetic-battery-thermal-v1,synthetic,1,380.0,24.8066884721743,24.790531414823228,-0.01615705735107298,21.574865618658855,21.58583953857563,0.010973919916775543
synthetic-battery-thermal-v1,synthetic,1,385.0,24.843127351774555,24.84855637907117,0.005429027296614208,21.645996026684656,21.664418211120108,0.018422184435451072
synthetic-battery-thermal-v1,synthetic,1,390.0,24.897215413430754,24.90412383019376,0.006908416763007352,21.74530225800813,21.74171554728867,-0.003586710719460484
synthetic-battery-thermal-v1,synthetic,1,395.0,24.955816826263394,24.955455974697152,-0.0003608515662421041,21.819358414211344,21.81769496810209,-0.0016634461092550623
synthetic-battery-thermal-v1,synthetic,1,400.0,25.01045546104238,25.001572641725858,-0.008882819316522017,21.90835209481646,21.892222140617996,-0.016129954198465413
synthetic-battery-thermal-v1,synthetic,1,405.0,25.040996165292317,25.042468423074986,0.0014722577826695726,21.93882477053228,21.965048320175747,0.026223549643468402
synthetic-battery-thermal-v1,synthetic,1,410.0,25.09897340602507,25.07911187580179,-0.019861530223280965,22.026393964072057,22.035802349809977,0.009408385737920355
synthetic-battery-thermal-v1,synthetic,1,415.0,25.13400327574824,25.113266879583254,-0.020736396164984683,22.10496916808705,22.103990861130324,-0.0009783069567248504
synthetic-battery-thermal-v1,synthetic,1,420.0,25.14937983273232,25.14716866542657,-0.0022111673057487735,22.169162860226916,22.16900580894134,-0.000157051285576415
synthetic-battery-thermal-v1,synthetic,1,425.0,25.216730168139996,25.18311353175103,-0.033616636388966725,22.25595631575934,22.23013835047134,-0.025817965288002398
synthetic-battery-thermal-v1,synthetic,1,430.0,25.228628390003824,25.22303700623018,-0.005591383773644765,22.283449142234424,22.2865982041907,0.0031490619562752897
synthetic-battery-thermal-v1,synthetic,1,435.0,25.289085272942845,25.268157326523262,-0.020927946419583066,22.31914030615386,22.3375378945488,0.0183975883949401
synthetic-battery-thermal-v1,synthetic,1,440.0,25.328799621585084,25.318749214409372,-0.010050407175711484,22.375882248674436,22.382081577675045,0.0061993290006086
synthetic-battery-thermal-v1,synthetic,1,445.0,25.38415343449874,25.374089175327093,-0.010064259171645773,22.401017051131124,22.419358316387083,0.018341265255958916
synthetic-battery-thermal-v1,synthetic,1,450.0,25.41441592722835,25.432582297932978,0.0181663707046269,22.411650724146316,22.44853962524394,0.03688890109762255
synthetic-battery-thermal-v1,synthetic,1,455.0,25.481290520483366,25.492047455165654,0.010756934682287778,22.45633434269053,22.468880785273235,0.012546442582706874
synthetic-battery-thermal-v1,synthetic,1,460.0,25.55203048178375,25.55010894944023,-0.0019215323435197718,22.503369728830023,22.479764849064292,-0.023604879765731113
synthetic-battery-thermal-v1,synthetic,1,465.0,25.596004296650577,25.57302467221209,-0.02297962443848789,22.461161740576912,22.480747505563194,0.019585764986281617
synthetic-battery-thermal-v1,synthetic,1,470.0,25.60264803825161,25.591005898265358,-0.0116421399862503,22.46032677571121,22.471203007957037,0.010876232245827566
synthetic-battery-thermal-v1,synthetic,1,475.0,25.605571286745665,25.603410965129797,-0.0021603216158680993,22.449644371538948,22.45116837244528,0.0015240009063326454
synthetic-battery-thermal-v1,synthetic,1,480.0,25.62627392490552,25.61059588682666,-0.015678038078860368,22.41211396987084,22.420964594403355,0.008850624532513507
synthetic-battery-thermal-v1,synthetic,1,485.0,25.636130007402524,25.613842302567825,-0.02228770483469944,22.322797262007093,22.34276400863715,0.019966746630057486
synthetic-battery-thermal-v1,synthetic,1,490.0,25.621299800081548,25.614946769473008,-0.006353030608540422,22.29408445132865,22.256991679314815,-0.03709277201383543
synthetic-battery-thermal-v1,synthetic,1,495.0,25.62573852542152,25.616201716956656,-0.009536808464865487,22.185495547797558,22.164875581381043,-0.020619966416514757
synthetic-battery-thermal-v1,synthetic,1,500.0,25.627313268418582,25.619797279854787,-0.007515988563795872,22.0767306882456,22.06788822881485,-0.008842459430749017
synthetic-battery-thermal-v1,synthetic,1,505.0,25.632693705483064,25.627418187438884,-0.00527551804417925,21.966282903011052,21.967698721762847,0.0014158187517949727
synthetic-battery-thermal-v1,synthetic,1,510.0,25.63439024743299,25.639933813529286,0.0055435660962963595,21.87470214141634,21.86611217836807,-0.008589963048269311
synthetic-battery-thermal-v1,synthetic,1,515.0,25.65067130681731,25.65723801010216,0.006566703284850206,21.77808615153821,21.765000646603106,-0.013085504935105519
synthetic-battery-thermal-v1,synthetic,1,520.0,25.700839897570592,25.678268000353462,-0.022571897217130044,21.675753777371074,21.66623043516241,-0.00952334220866291
synthetic-battery-thermal-v1,synthetic,1,525.0,25.703299554100774,25.701198918844245,-0.0021006352565287045,21.583294342853108,21.57159108021005,-0.011703262643056433
synthetic-battery-thermal-v1,synthetic,1,530.0,25.72564415801357,25.723778518799715,-0.0018656392138538536,21.502459947290454,21.482730844631135,-0.019729102659319153
synthetic-battery-thermal-v1,synthetic,1,535.0,25.72285060842114,25.743740969431247,0.020890361010106773,21.402491177414632,21.401102787499898,-0.0013883899147337786
synthetic-battery-thermal-v1,synthetic,1,540.0,25.735998292694138,25.759224208890686,0.023225916196548013,21.31256468071208,21.327924182084693,0.015359501372614659
synthetic-battery-thermal-v1,synthetic,1,545.0,25.796227084129978,25.769114639123977,-0.02711244500600074,21.285200974720272,21.26415059348833,-0.021050381231940918
synthetic-battery-thermal-v1,synthetic,1,550.0,25.769098310151552,25.773256172663505,0.004157862511952715,21.19601517808531,21.210464465678704,0.014449287593393478
synthetic-battery-thermal-v1,synthetic,1,555.0,25.734598945133083,25.772485357801035,0.037886412667951674,21.16758709869386,21.16727681158357,-0.0003102871102917959
synthetic-battery-thermal-v1,synthetic,1,560.0,25.84311808842229,25.80008460005124,-0.043033488371051476,21.15001031937211,21.13473970272186,-0.015270616650251867
synthetic-battery-thermal-v1,synthetic,1,565.0,25.825018411748186,25.826546980548024,0.0015285687998378705,21.12908614048036,21.113163985869246,-0.01592215461111479
synthetic-battery-thermal-v1,synthetic,1,570.0,25.837851700870864,25.85425494839525,0.016403247524387154,21.106843005389372,21.102239430189,-0.004603575200370358
synthetic-battery-thermal-v1,synthetic,1,575.0,25.8939851964346,25.885313097281344,-0.008672099153255175,21.109287796074696,21.101473278623157,-0.00781451745153916
synthetic-battery-thermal-v1,synthetic,1,580.0,25.940415640323828,25.921172377429674,-0.0192432628941539,21.12447082769176,21.110220109378858,-0.014250718312901256
synthetic-battery-thermal-v1,synthetic,1,585.0,25.98001629233183,25.96237320794769,-0.017643084384140195,21.126382691217714,21.127711827023553,0.0013291358058395986
synthetic-battery-thermal-v1,synthetic,1,590.0,26.029808860370803,26.008454215473964,-0.021354644896838693,21.186382122461406,21.153087465203317,-0.033294657258089444
synthetic-battery-thermal-v1,synthetic,1,595.0,26.051669857323603,26.0580431439708,0.006373286647196608,21.18078940661875,21.185422947541458,0.004633540922707624
synthetic-battery-thermal-v1,synthetic,1,600.0,26.137628535301083,26.109113284062868,-0.028515251238214745,21.22935940824742,21.22376111863728,-0.005598289610137641
synthetic-battery-thermal-v1,synthetic,1,605.0,26.18918577283345,26.15935861112676,-0.02982716170669164,21.26873203288376,21.267142196703258,-0.0015898361805035677
synthetic-battery-thermal-v1,synthetic,1,610.0,26.23748287622215,26.206619198172465,-0.03086367804968404,21.324573664680994,21.31463435549645,-0.009939309184542111
synthetic-battery-thermal-v1,synthetic,1,615.0,26.262424572526047,26.24927932459828,-0.013145247927766945,21.396526149968746,21.365363519129453,-0.031162630839293826
synthetic-battery-thermal-v1,synthetic,1,620.0,26.29060525726868,26.28656570183721,-0.004039555431472053,21.41183131727593,21.418540795001462,0.006709477725532764
synthetic-battery-thermal-v1,synthetic,1,625.0,26.32158559998171,26.318691469054283,-0.0028941309274266303,21.487387892422134,21.47348543970971,-0.013902452712425628
synthetic-battery-thermal-v1,synthetic,1,630.0,26.333082934552607,26.346819750812127,0.013736816259520168,21.54602814534008,21.529640999089466,-0.016387146250615103
synthetic-battery-thermal-v1,synthetic,1,635.0,26.374632359052754,26.372853482024073,-0.0017788770286806255,21.610331914390887,21.586582393159613,-0.023749521231273718
synthetic-battery-thermal-v1,synthetic,1,640.0,26.373147280259715,26.399089891130668,0.02594261087095262,21.63845429080969,21.64401227213147,0.005557981321778982
synthetic-battery-thermal-v1,synthetic,1,645.0,26.412603609163995,26.427802712034712,0.01519910287071724,21.695302845187207,21.701745917068344,0.006443071881136575
synthetic-battery-thermal-v1,synthetic,1,650.0,26.474796354492614,26.460828368629542,-0.01396798586307213,21.762659155973132,21.75968518952438,-0.0029739664487529183
synthetic-battery-thermal-v1,synthetic,1,655.0,26.47405655670458,26.4676330520251,-0.006423504679478498,21.8207724566905,21.81778337927543,-0.0029890774150693744
synthetic-battery-thermal-v1,synthetic,1,660.0,26.493339183168995,26.48005452754962,-0.013284655619376196,21.865572632620776,21.875606870514748,0.010034237893972175
synthetic-battery-thermal-v1,synthetic,1,665.0,26.518084550996665,26.49720620962726,-0.020878341369403586,21.947849361103756,21.933095245933156,-0.014754115170600102
synthetic-battery-thermal-v1,synthetic,1,670.0,26.533492169920493,26.517379202607636,-0.01611296731285705,22.003002728452465,21.990115409655154,-0.012887318797311309
synthetic-battery-thermal-v1,synthetic,1,675.0,26.553203139607696,26.53835317227239,-0.014849967335305081,22.08122612543226,22.046428399342695,-0.03479772608956466
synthetic-battery-thermal-v1,synthetic,1,680.0,26.566952132510444,26.557800234727182,-0.009151897783262086,22.101075000088635,22.101667096985977,0.0005920968973427421
synthetic-battery-thermal-v1,synthetic,1,685.0,26.572892614540653,26.57370817148179,0.0008155569411378849,22.143614435371404,22.15532751013644,0.011713074765037135
synthetic-battery-thermal-v1,synthetic,1,690.0,26.576560458402742,26.58474574909909,0.008185290696346215,22.196989396745707,22.206774786760807,0.009785390015100148
synthetic-battery-thermal-v1,synthetic,1,695.0,26.59988229616989,26.590503478174814,-0.009378817995077782,22.26362467995537,22.255263485005113,-0.008361194950257556
synthetic-battery-thermal-v1,synthetic,1,700.0,26.602696430426302,26.591565864813116,-0.01113056561318615,22.29166451829603,22.299970080238317,0.008305561942286488
synthetic-battery-thermal-v1,synthetic,2,0.0,24.413502768460297,24.413502768460297,0.0,23.5893326620968,23.5893326620968,0.0
synthetic-battery-thermal-v1,synthetic,2,5.0,24.468440237362845,24.483847839256086,0.015407601893240752,23.567563685067924,23.58828176096756,0.020718075899637256
synthetic-battery-thermal-v1,synthetic,2,10.0,24.550966367749126,24.555257822734376,0.004291454985249743,23.582562347040263,23.590516684391375,0.007954337351112173
synthetic-battery-thermal-v1,synthetic,2,15.0,24.591656166068656,24.625412030641918,0.03375586457326207,23.583882740593236,23.59553911686501,0.011656376271773183
synthetic-battery-thermal-v1,synthetic,2,20.0,24.68452558829495,24.692171003403878,0.007645415108928688,23.57870294266906,23.602706761166736,0.02400381849767541
synthetic-battery-thermal-v1,synthetic,2,25.0,24.745661540575483,24.753968496677572,0.008306956102089202,23.57906291132991,23.611269723004973,0.03220681167506356
synthetic-battery-thermal-v1,synthetic,2,30.0,24.819366753478683,24.810098568111627,-0.009268185367055537,23.628875857004623,23.62041667054392,-0.008459186460701318
synthetic-battery-thermal-v1,synthetic,2,35.0,24.846623893719162,24.860845367837126,0.014221474117963595,23.62464818430061,23.629326796169106,0.004678611868495608
synthetic-battery-thermal-v1,synthetic,2,40.0,24.86115993949762,24.907431941373297,0.04627200187567482,23.60988650163808,23.63722294189478,0.027336440256700456
synthetic-battery-thermal-v1,synthetic,2,45.0,24.937561407344,24.951797380895197,0.0142359735511981,23.61750037169615,23.643421139549897,0.02592076785374786
synthetic-battery-thermal-v1,synthetic,2,50.0,24.99742299957781,24.996242985884212,-0.0011800136935988803,23.667661475777894,23.64737227528874,-0.020289200489155945
synthetic-battery-thermal-v1,synthetic,2,55.0,25.016135314581117,25.043012003157838,0.026876688576720653,23.626646739352424,23.648692541123705,0.022045801771280793
synthetic-battery-thermal-v1,synthetic,2,60.0,25.088519771304398,25.093879647729874,0.0053598764254765285,23.662068478293158,23.647180637219666,-0.014887841073491614
synthetic-battery-thermal-v1,synthetic,2,65.0,25.122971000779046,25.149828246392158,0.026857245613111758,23.637500814567293,23.64282114384182,0.005320329274528746
synthetic-battery-thermal-v1,synthetic,2,70.0,25.198250477129182,25.179268244433263,-0.01898223269591881,23.602182136466823,23.63577488339251,0.03359274692568803
synthetic-battery-thermal-v1,synthetic,2,75.0,25.1856314343089,25.21297090357487,0.027339469265971417,23.611043420127576,23.62596106940496,0.014917649277382594
synthetic-battery-thermal-v1,synthetic,2,80.0,25.23346403383423,25.24916549511491,0.01570146128067762,23.617722422956614,23.613834419908603,-0.0038880030480115124
synthetic-battery-thermal-v1,synthetic,2,85.0,25.281565874476687,25.285601569146003,0.004035694669315859,23.565283405321114,23.599940864885227,0.03465745956411226
synthetic-battery-thermal-v1,synthetic,2,90.0,25.32024572898199,25.319958005697195,-0.00028772328479576004,23.56845385060295,23.584881253705692,0.01642740310274249
synthetic-battery-thermal-v1,synthetic,2,95.0,25.362127179138838,25.350265239670126,-0.01186193946871228,23.55236181203671,23.569275439904537,0.01691362786782591
synthetic-battery-thermal-v1,synthetic,2,100.0,25.35861127429627,25.375263705378266,0.01665243108199732,23.554601180115544,23.553728546514744,-0.0008726336007995883
synthetic-battery-thermal-v1,synthetic,2,105.0,25.39908628530306,25.394633156581268,-0.0044531287217921545,23.538519604196974,23.538800439344065,0.00028083514709109636
synthetic-battery-thermal-v1,synthetic,2,110.0,25.376854510838445,25.409051042869887,0.032196532031441905,23.526271758407372,23.524978748917118,-0.0012930094902543487
synthetic-battery-thermal-v1,synthetic,2,115.0,25.3976969730552,25.420069274208117,0.022372301152916663,23.50961179595287,23.51265531476143,0.0030435188085604636
synthetic-battery-thermal-v1,synthetic,2,120.0,25.401664665531925,25.42983180279217,0.02816713726024389,23.502411220538985,23.50210575680008,-0.0003054637389041659
synthetic-battery-thermal-v1,synthetic,2,125.0,25.42182886264231,25.440684460565258,0.018855597922947,23.468004656163235,23.49347202099126,0.025467364828024586
synthetic-battery-thermal-v1,synthetic,2,130.0,25.458775879251466,25.45474812261181,-0.0040277566396547115,23.48428598603188,23.48674814584865,0.002462159816772669
synthetic-battery-thermal-v1,synthetic,2,135.0,25.457753663023322,25.473532942082343,0.015779279059021434,23.497574176640214,23.48177004143938,-0.01580413520083468
synthetic-battery-thermal-v1,synthetic,2,140.0,25.484631341168125,25.49766390473229,0.013032563564163269,23.472838443547673,23.478210614031468,0.005372170483795458
synthetic-battery-thermal-v1,synthetic,2,145.0,25.524559487584845,25.526767648488466,0.0022081609036206373,23.460534945768398,23.47558194914073,0.015047003372330892
synthetic-battery-thermal-v1,synthetic,2,150.0,25.56057195823892,25.559541088510098,-0.0010308697288223811,23.45959293586488,23.473246345157243,0.01365340929236325
synthetic-battery-thermal-v1,synthetic,2,155.0,25.581994934350934,25.593989243440046,0.011994309089111255,23.48533209405255,23.470437679184023,-0.014894414868525274
synthetic-battery-thermal-v1,synthetic,2,160.0,25.606571293697947,25.627788818076983,0.021217524379036234,23.424677148784962,23.46629386523957,0.04161671645460885
synthetic-battery-thermal-v1,synthetic,2,165.0,25.709274839378597,25.690309774177432,-0.018965065201165032,23.49285683193885,23.45990008972817,-0.03295674221068268
synthetic-battery-thermal-v1,synthetic,2,170.0,25.73718161083902,25.748084889163223,0.010903278324203569,23.41657401741998,23.450738394863066,0.03416437744308709
synthetic-battery-thermal-v1,synthetic,2,175.0,25.791053460609497,25.800201235224446,0.009147774614948645,23.428745617871613,23.43794335517619,0.009197737304578624
synthetic-battery-thermal-v1,synthetic,2,180.0,25.839678160727804,25.846724013412814,0.007045852685010345,23.399411547263128,23.420768089110823,0.021356541847694643
synthetic-battery-thermal-v1,synthetic,2,185.0,25.893439761836557,25.88868249301896,-0.00475726881759897,23.402147410230533,23.39864203985008,-0.0035053703804521774
synthetic-battery-thermal-v1,synthetic,2,190.0,25.90176861479826,25.92787980132674,0.026111186528478214,23.377686515223047,23.371220925206583,-0.0064655900164645175
synthetic-battery-thermal-v1,synthetic,2,195.0,25.99389364885619,25.966561360565304,-0.027332288290885742,23.337366869957386,23.338424126044778,0.0010572560873924886
synthetic-battery-thermal-v1,synthetic,2,200.0,25.998733864805338,26.007002565545545,0.00826870074020647,23.295117741084436,23.30045576929401,0.005338028209575185
synthetic-battery-thermal-v1,synthetic,2,205.0,26.057385449029788,26.05109103616169,-0.00629441286809751,23.229105778546383,23.25780724532388,0.028701466777498297
synthetic-battery-thermal-v1,synthetic,2,210.0,26.099818773746193,26.09997977468221,0.00016100093601778553,23.2031396703102,23.211240689277073,0.00810101896687243
synthetic-battery-thermal-v1,synthetic,2,215.0,26.1793072263374,26.153874626518604,-0.025432599818795865,23.157417260061532,23.161754809536635,0.004337549475103231
synthetic-battery-thermal-v1,synthetic,2,220.0,26.235099501171135,26.211994943080985,-0.023104558090150107,23.092785490648318,23.11053611023598,0.017750619587662442
synthetic-battery-thermal-v1,synthetic,2,225.0,26.279998379853748,26.272714744663944,-0.007283635189804016,23.063026694053665,23.058899806391302,-0.004126887662362577
synthetic-battery-thermal-v1,synthetic,2,230.0,26.319688539633667,26.333858743567546,0.014170203933879577,23.010740704766796,23.008225416249683,-0.0025152885171131345
synthetic-battery-thermal-v1,synthetic,2,235.0,26.410529385583512,26.393099320521916,-0.017430065061596167,22.95538428049125,22.959892075476688,0.004507794985439517
synthetic-battery-thermal-v1,synthetic,2,240.0,26.42259347817262,26.44838210715413,0.025788628981512574,22.915763544970794,22.915218092234802,-0.0005454527359916028
synthetic-battery-thermal-v1,synthetic,2,245.0,26.48466762077762,26.498302578076313,0.013634957298691575,22.909632468370887,22.913858166974038,0.004225698603150363
synthetic-battery-thermal-v1,synthetic,2,250.0,26.54148225675517,26.542535178743176,0.0010529219880055507,22.892710644449075,22.917322574872053,0.024611930422977935
synthetic-battery-thermal-v1,synthetic,2,255.0,26.557749341900124,26.581581263636004,0.02383192173588,22.934698577345586,22.92647523103848,-0.008223346307104862
synthetic-battery-thermal-v1,synthetic,2,260.0,26.577805258167807,26.58525812667688,0.00745286850907334,22.90447698196657,22.941985228520284,0.03750824655371332
synthetic-battery-thermal-v1,synthetic,2,265.0,26.5995151227096,26.58738032008668,-0.01213480262292066,22.9688853757537,22.963918741732005,-0.004966634021695171
synthetic-battery-thermal-v1,synthetic,2,270.0,26.57994129736177,26.59030746977899,0.010366172417217712,22.97353748860868,22.992544041730834,0.01900655312215349
synthetic-battery-thermal-v1,synthetic,2,275.0,26.60913882696197,26.596259142012634,-0.012879684949336223,23.03372315109808,23.02792453078026,-0.005798620317818859
synthetic-battery-thermal-v1,synthetic,2,280.0,26.643028951244013,26.606914538602584,-0.03611441264142812,23.076552298625447,23.06992822159512,-0.006624077030327413
synthetic-battery-thermal-v1,synthetic,2,285.0,26.629372216622333,26.62311080892691,-0.006261407695422605,23.11577709883673,23.118242170721754,0.0024650718850232067
synthetic-battery-thermal-v1,synthetic,2,290.0,26.65749908526461,26.644694859838133,-0.01280422542647841,23.181484463512433,23.17239155593325,-0.009092907579184129
synthetic-battery-thermal-v1,synthetic,2,295.0,26.690018940516666,26.670555562866582,-0.019463377650083657,23.223304418008404,23.231763366613613,0.00845894860520957
synthetic-battery-thermal-v1,synthetic,2,300.0,26.693136661354178,26.698830375820066,0.005693714465888178,23.287426573015676,23.295634717379208,0.008208144363532455
synthetic-battery-thermal-v1,synthetic,2,305.0,26.740096965129517,26.727248608506905,-0.0128483566226123,23.38425718959042,23.363205556680864,-0.021051632909557583
synthetic-battery-thermal-v1,synthetic,2,310.0,26.747784600734118,26.753548665487305,0.005764064753186915,23.42542382037438,23.433635049494075,0.008211229119694963
synthetic-battery-thermal-v1,synthetic,2,315.0,26.78182562831806,26.77589313147222,-0.005932496845840518,23.500131463155906,23.506080253793904,0.005948790637997803
synthetic-battery-thermal-v1,synthetic,2,320.0,26.808774197570614,26.79320598187159,-0.015568215699023114,23.54327157615899,23.57973501596676,0.03646343980777189
synthetic-battery-thermal-v1,synthetic,2,325.0,26.79428602779622,26.805370424750322,0.011084396954103681,23.639021908618748,23.653866431212037,0.01484452259328961
synthetic-battery-thermal-v1,synthetic,2,330.0,26.779759874423693,26.813251316011357,0.03349144158766393,23.70986810672353,23.727845892337527,0.0179777856139971
synthetic-battery-thermal-v1,synthetic,2,335.0,26.806103283827728,26.818538097445032,0.01243481361730403,23.794226354977983,23.80117178896904,0.0069454339910564045
synthetic-battery-thermal-v1,synthetic,2,340.0,26.841398986643927,26.82343694947703,-0.01796203716689604,23.865482039671875,23.87348136749235,0.007999327820474633
synthetic-battery-thermal-v1,synthetic,2,345.0,26.816061294658443,26.83026835545331,0.014207060794866777,23.938989964207586,23.944550101527852,0.0055601373202662785
synthetic-battery-thermal-v1,synthetic,2,350.0,26.858050384394918,26.84104352591937,-0.01700685847554695,23.99456305564602,24.014278068794074,0.019715013148054794
synthetic-battery-thermal-v1,synthetic,2,355.0,26.87657556779273,26.888695572616477,0.0121200048237462,24.08560954488535,24.082664144000073,-0.002945400885277394
synthetic-battery-thermal-v1,synthetic,2,360.0,26.94042061701809,26.941899647853365,0.0014790308352736758,24.154102526140427,24.150167310683695,-0.003935215456731811
synthetic-battery-thermal-v1,synthetic,2,365.0,27.002050959579343,27.000074448756852,-0.001976510822490951,24.183141995672656,24.17841114795863,-0.004730847714025543
synthetic-battery-thermal-v1,synthetic,2,370.0,27.048589836154804,27.061576408841447,0.012986572686642717,24.20054785154766,24.20653640048737,0.005988548939708238
synthetic-battery-thermal-v1,synthetic,2,375.0,27.124055746752056,27.12431159685733,0.00025585010527251484,24.21043062900276,24.234484174083875,0.024053545081113015
synthetic-battery-thermal-v1,synthetic,2,380.0,27.16575073225713,27.185943246996338,0.020192514739207468,24.266572812203524,24.262102467947724,-0.004470344255800285
synthetic-battery-thermal-v1,synthetic,2,385.0,27.24264331909568,27.244317426477046,0.0016741073813655305,24.267976113053304,24.289117081760548,0.021140968707243246
synthetic-battery-thermal-v1,synthetic,2,390.0,27.300297711203786,27.297855111427957,-0.0024425997758292795,24.326250086863077,24.31511409343313,-0.011135993429945756
synthetic-battery-thermal-v1,synthetic,2,395.0,27.315768306307437,27.34583912392917,0.030070817621734136,24.3113416443584,24.33953523249381,0.02819358813540873
synthetic-battery-thermal-v1,synthetic,2,400.0,27.379057539805903,27.38854354861333,0.009486008807428448,24.37792335664072,24.361686184292555,-0.01623717234816624
synthetic-battery-thermal-v1,synthetic,2,405.0,27.43596591454878,27.427181970059788,-0.008783944488993,24.386678927479394,24.38075669033628,-0.0059222371431140175
synthetic-battery-thermal-v1,synthetic,2,410.0,27.45129898996606,27.463683914848893,0.01238492488283427,24.373599297033373,24.39585040522294,0.022251108189568214
synthetic-battery-thermal-v1,synthetic,2,415.0,27.511947890595618,27.50034021899905,-0.01160767159656828,24.401611282076637,24.40602192299882,0.004410640922184683
synthetic-battery-thermal-v1,synthetic,2,420.0,27.5526927485635,27.539381957761126,-0.013310790802375294,24.402443065071832,24.410318220759862,0.007875155688029878
synthetic-battery-thermal-v1,synthetic,2,425.0,27.59203937547911,27.58256970849328,-0.009469666985829406,24.40541682380948,24.407821942143176,0.0024051183336943893
synthetic-battery-thermal-v1,synthetic,2,430.0,27.648085147343263,27.630868055077205,-0.017217092266058387,24.405370693721117,24.397694358379937,-0.007676335341180618
synthetic-battery-thermal-v1,synthetic,2,435.0,27.66580545884455,27.684264722638478,0.018459263793928926,24.34149678663657,24.37921636569849,0.03771957906192114
synthetic-battery-thermal-v1,synthetic,2,440.0,27.762948880350564,27.74176738315467,-0.021181497195893684,24.3661235986734,24.351826365485014,-0.014297233188386826
synthetic-battery-thermal-v1,synthetic,2,445.0,27.792757095010728,27.801578799371228,0.008821704360499893,24.284305141053938,24.315154212536058,0.030849071482119683
synthetic-battery-thermal-v1,synthetic,2,450.0,27.837905889271294,27.82981988935646,-0.008085999914833053,24.280703087717093,24.26905054080593,-0.011652546911161465
synthetic-battery-thermal-v1,synthetic,2,455.0,27.889538549059377,27.855875024364714,-0.033663524694663494,24.219360044114136,24.213213498376234,-0.006146545737902187
synthetic-battery-thermal-v1,synthetic,2,460.0,27.878932799683334,27.877737181581217,-0.0011956181021162138,24.133794257245313,24.14801227849499,0.014218021249675417
synthetic-battery-thermal-v1,synthetic,2,465.0,27.901087256197236,27.894108393733017,-0.006978862464219304,24.069611838324278,24.07408857324802,0.0044767349237417875
synthetic-battery-thermal-v1,synthetic,2,470.0,27.89620899181897,27.904630344896177,0.008421353077206817,24.023979534538135,23.992356768875702,-0.031622765662433494
synthetic-battery-thermal-v1,synthetic,2,475.0,27.943490572782217,27.909944153015264,-0.03354641976695305,23.922838059678355,23.903993246672993,-0.018844813005362226
synthetic-battery-thermal-v1,synthetic,2,480.0,27.90446646471028,27.911568606423558,0.007102141713279053,23.825975171382456,23.810413587454168,-0.015561583928288769
synthetic-battery-thermal-v1,synthetic,2,485.0,27.927858309326957,27.91161921452893,-0.016239094798027764,23.723548548897476,23.71323713963932,-0.010311409258157767
synthetic-battery-thermal-v1,synthetic,2,490.0,27.93775174527053,27.91241944123165,-0.025332304038879982,23.628369586489107,23.61423937380115,-0.01413021268795589
synthetic-battery-thermal-v1,synthetic,2,495.0,27.933728350161207,27.916075124382708,-0.01765322577849915,23.53034769063988,23.515293600369883,-0.015054090269995157
synthetic-battery-thermal-v1,synthetic,2,500.0,27.935753595569647,27.924089766203362,-0.011663829366284517,23.39791206415411,23.41830481099185,0.020392746837739395
synthetic-battery-thermal-v1,synthetic,2,505.0,27.944933375659716,27.937090891004107,-0.007842484655608217,23.323965800469786,23.325139433462002,0.0011736329922165112
synthetic-battery-thermal-v1,synthetic,2,510.0,27.94217847633354,27.954717374976962,0.012538898643420282,23.270695135033247,23.237555491276048,-0.03313964375719891
synthetic-battery-thermal-v1,synthetic,2,515.0,28.00837745719802,27.975688260367953,-0.032689196830066436,23.18610740105724,23.157137900329268,-0.02896950072797111
synthetic-battery-thermal-v1,synthetic,2,520.0,28.008729416010056,27.99804043470735,-0.01068898130270668,23.114670822958328,23.0852433530315,-0.029427469926826433
synthetic-battery-thermal-v1,synthetic,2,525.0,28.026634591546557,28.019491728519117,-0.0071428630274397165,23.035668212063555,23.022958449859328,-0.012709762204227815
synthetic-battery-thermal-v1,synthetic,2,530.0,28.028503751861926,28.037863085182988,0.009359333321061314,22.987105707596207,22.971073534124375,-0.016032173471831612
synthetic-battery-thermal-v1,synthetic,2,535.0,28.059479476285095,28.05148266159121,-0.007996814693886023,22.920929242292928,22.93007322455075,0.009143982257821648
synthetic-battery-thermal-v1,synthetic,2,540.0,28.065830970394234,28.05949799738149,-0.006332973012742826,22.909571757457403,22.90014311646699,-0.009428640990414294
synthetic-battery-thermal-v1,synthetic,2,545.0,28.12789406625175,28.093637735408556,-0.03425633084319202,22.905370787364575,22.881190736115798,-0.02418005124877709
synthetic-battery-thermal-v1,synthetic,2,550.0,28.130884463797678,28.12326012839345,-0.007624335404226912,22.88783474235476,22.873274941693783,-0.014559800660975952
synthetic-battery-thermal-v1,synthetic,2,555.0,28.15849519690326,28.150238873502424,-0.008256323400836152,22.88361060652646,22.875840058813463,-0.007770547712997455
synthetic-battery-thermal-v1,synthetic,2,560.0,28.168382664511032,28.176888714571454,0.008506050060422155,22.896636614492497,22.88816943192722,-0.008467182565276232
synthetic-battery-thermal-v1,synthetic,2,565.0,28.202240190559547,28.205551245324756,0.0033110547652093203,22.901266836312654,22.909429425884383,0.008162589571728773
synthetic-battery-thermal-v1,synthetic,2,570.0,28.253900348099585,28.238175397219415,-0.015724950880169786,22.95498013641171,22.93871091245442,-0.016269223957287693
synthetic-battery-thermal-v1,synthetic,2,575.0,28.257435468094787,28.275969012412155,0.018533544317367756,22.983391885334864,22.975066328540034,-0.008325556794829936
synthetic-battery-thermal-v1,synthetic,2,580.0,28.3426336750339,28.319184964408393,-0.023448710625505242,23.043326884759246,23.017541348556097,-0.025785536203148496
synthetic-battery-thermal-v1,synthetic,2,585.0,28.391257855029945,28.36708077822881,-0.024177076801134234,23.075386913375503,23.065201062726732,-0.010185850648770867
synthetic-battery-thermal-v1,synthetic,2,590.0,28.414468130649926,28.418059087059365,0.0035909564094396274,23.110183554394222,23.117151163198688,0.006967608804465897
synthetic-battery-thermal-v1,synthetic,2,595.0,28.48451602594981,28.469963307631037,-0.014552718318771696,23.18720472717604,23.17255493136121,-0.014649795814833055
synthetic-battery-thermal-v1,synthetic,2,600.0,28.549454726043816,28.52047463078668,-0.028980095257136185,23.255772056616355,23.230646778696183,-0.025125277920171385
synthetic-battery-thermal-v1,synthetic,2,605.0,28.57548449704624,28.567537964345146,-0.007946532701094355,23.28036675983873,23.290742772700174,0.010376012861442518
synthetic-battery-thermal-v1,synthetic,2,610.0,28.615106086565397,28.60973919818645,-0.005366888378947721,23.36345486645293,23.352248087981614,-0.01120677847131546
synthetic-battery-thermal-v1,synthetic,2,615.0,28.65387116913519,28.646565046616868,-0.007306122518322411,23.413604016381186,23.41466080521161,0.0010567888304251483
synthetic-battery-thermal-v1,synthetic,2,620.0,28.692776641206738,28.678498140051676,-0.014278501155061463,23.477290319146025,23.477571090059676,0.000280770913651196
synthetic-battery-thermal-v1,synthetic,2,625.0,28.70811606257016,28.706930081291127,-0.0011859812790326885,23.55227670742935,23.540654651948874,-0.011622055480476234
synthetic-battery-thermal-v1,synthetic,2,630.0,28.73859549620481,28.733908372717924,-0.00468712348688527,23.613948507848036,23.60365959147253,-0.010288916375507995
synthetic-battery-thermal-v1,synthetic,2,635.0,28.776693103356877,28.761763407376854,-0.014929695980022473,23.655605403066893,23.666386311319556,0.010780908252662869
synthetic-battery-thermal-v1,synthetic,2,640.0,28.764612822156206,28.761084987700446,-0.0035278344557596597,23.756228342870383,23.728661029477124,-0.02756731339325924
synthetic-battery-thermal-v1,synthetic,2,645.0,28.75852224230394,28.765258708046094,0.006736465742154252,23.763855973468807,23.789907283847377,0.02605131037856978
synthetic-battery-thermal-v1,synthetic,2,650.0,28.75784136438926,28.77508718601876,0.017245821629497726,23.855758189965155,23.84991555483275,-0.005842635132403018
synthetic-battery-thermal-v1,synthetic,2,655.0,28.80155349231589,28.79038340744182,-0.01117008487407034,23.911767152355985,23.908405527119033,-0.0033616252369519373
synthetic-battery-thermal-v1,synthetic,2,660.0,28.838976173694586,28.81000333409078,-0.028972839603806477,23.929767916457614,23.964998980938393,0.035231064480779395
synthetic-battery-thermal-v1,synthetic,2,665.0,28.84882126506662,28.832052699157114,-0.01676856590950493,24.047240452092908,24.019201510523377,-0.02803894156953035
synthetic-battery-thermal-v1,synthetic,2,670.0,28.84821252082695,28.854230239784087,0.006017718957135543,24.069097865323542,24.07039625962831,0.0012983943047686353
synthetic-battery-thermal-v1,synthetic,2,675.0,28.87390380620419,28.874244734239944,0.00034092803575447306,24.108647790216736,24.117851737669483,0.009203947452746775
synthetic-battery-thermal-v1,synthetic,2,680.0,28.89631298013179,28.890229756181604,-0.006083223950184902,24.18621772742794,24.160744276573883,-0.025473450854057944
synthetic-battery-thermal-v1,synthetic,2,685.0,28.939606997714606,28.90108048372773,-0.03852651398687712,24.197109710676163,24.19819401267446,0.0010843019982971214
synthetic-battery-thermal-v1,synthetic,2,690.0,28.94614450225947,28.906651128818464,-0.03949337344100812,24.233743495849232,24.2293116720256,-0.004431823823633607
synthetic-battery-thermal-v1,synthetic,2,695.0,28.944920955276075,28.90777698733835,-0.03714396793772323,24.255749538263245,24.25325213930214,-0.0024973989611041247
synthetic-battery-thermal-v1,synthetic,2,700.0,28.918823972888987,28.906117113420517,-0.01270685946846939,24.278707642604818,24.26926999227348,-0.009437650331339142
synthetic-battery-thermal-v1,synthetic,3,0.0,26.647682805190513,26.647682805190513,0.0,25.812142289313456,25.812142289313456,0.0
synthetic-battery-thermal-v1,synthetic,3,5.0,26.664408461003227,26.722037340041272,0.057628879038045255,25.80613819017946,25.804515071904497,-0.001623118274963531
synthetic-battery-thermal-v1,synthetic,3,10.0,26.742641586828945,26.794444196898883,0.051802610069938027,25.776354114492747,25.79673460116665,0.02038048667390413
synthetic-battery-thermal-v1,synthetic,3,15.0,26.830741884534156,26.86287520441827,0.03213331988411383,25.77546873733953,25.788135706427155,0.012666969087625546
synthetic-battery-thermal-v1,synthetic,3,20.0,26.884956434776566,26.925968541021696,0.0410121062451303,25.765080509161404,25.778077057094077,0.012996547932672797
synthetic-battery-thermal-v1,synthetic,3,25.0,26.94366243525235,26.9832767877993,0.03961435254695189,25.759108878324447,25.765986095221507,0.006877216897059668
synthetic-battery-thermal-v1,synthetic,3,30.0,26.962118174007088,27.035347909070047,0.07322973506295938,25.748132135112485,25.751402193694325,0.003270058581840374
synthetic-battery-thermal-v1,synthetic,3,35.0,27.02517737272066,27.083624441679266,0.05844706895860696,25.699121983852727,25.734014005193963,0.03489202134123559
synthetic-battery-thermal-v1,synthetic,3,40.0,27.086030109823383,27.13017934318646,0.044149233363075524,25.70172711567055,25.713687308087238,0.011960192416687221
synthetic-battery-thermal-v1,synthetic,3,45.0,27.124106387052855,27.17733675026275,0.05323036320989516,25.689787483936737,25.690480467654673,0.0006929837179363574
synthetic-battery-thermal-v1,synthetic,3,50.0,27.164748374186896,27.227246896308262,0.06249852212136631,25.64546470024369,25.66464581602224,0.01918111577855086
synthetic-battery-thermal-v1,synthetic,3,55.0,27.199025024429133,27.249894212547265,0.05086918811813135,25.62293774545485,25.636616654714235,0.013678909259386529
synthetic-battery-thermal-v1,synthetic,3,60.0,27.240134750241825,27.27774326674076,0.03760851649893482,25.57859155064489,25.60658382652951,0.027992275884617612
synthetic-battery-thermal-v1,synthetic,3,65.0,27.279937712545138,27.31052763138196,0.03058991883682083,25.563445408803418,25.575264704294437,0.011819295491019233
synthetic-battery-thermal-v1,synthetic,3,70.0,27.277566566767927,27.347038477014316,0.06947191024638855,25.50141171940015,25.543448344968155,0.0420366255680058
synthetic-battery-thermal-v1,synthetic,3,75.0,27.34443895139996,27.38534448655035,0.04090553515038664,25.496072192499728,25.511947165602763,0.015874973103034762
synthetic-battery-thermal-v1,synthetic,3,80.0,27.38123830101428,27.423143951318565,0.04190565030428317,25.468650596697646,25.481548828010464,0.012898231312817643
synthetic-battery-thermal-v1,synthetic,3,85.0,27.42155905465808,27.458184856839686,0.03662580218160727,25.45476919430764,25.45297176632927,-0.0017974279783707914
synthetic-battery-thermal-v1,synthetic,3,90.0,27.432312081618903,27.48867634368352,0.056364262064615644,25.3968659123164,25.426827034347557,0.02996112203115686
synthetic-battery-thermal-v1,synthetic,3,95.0,27.457789961267295,27.513616477610732,0.05582651634343705,25.395547248582425,25.403588195233556,0.008040946651131975
synthetic-battery-thermal-v1,synthetic,3,100.0,27.512454555398577,27.532976502393982,0.020521946995405216,25.36470097649764,25.383569990129406,0.01886901363176463
synthetic-battery-thermal-v1,synthetic,3,105.0,27.471182975192058,27.54770790039478,0.07652492520272247,25.328900915988505,25.366915660881336,0.03801474489283052
synthetic-battery-thermal-v1,synthetic,3,110.0,27.508251199478476,27.559570882139628,0.051319682661151944,25.33268480096532,25.353592188590987,0.02090738762566602
synthetic-battery-thermal-v1,synthetic,3,115.0,27.52603504666511,27.570815478090502,0.04478043142539079,25.33131514559794,25.343392411739615,0.012077266141673704
synthetic-battery-thermal-v1,synthetic,3,120.0,27.540622393367837,27.58377327799494,0.043150884627102926,25.338889096667785,25.335943008264337,-0.0029460884034477886
synthetic-battery-thermal-v1,synthetic,3,125.0,27.552023190664187,27.60043415564116,0.0484109649769735,25.342968906515907,25.369167489675355,0.026198583159448674
synthetic-battery-thermal-v1,synthetic,3,130.0,27.59140473738895,27.622255280316363,0.030850542927414182,25.366564331078532,25.40333386956528,0.03676953848674813
synthetic-battery-thermal-v1,synthetic,3,135.0,27.6176677813854,27.64958379817414,0.031916016788741786,25.425029545003724,25.43769047375477,0.012660928751046185
synthetic-battery-thermal-v1,synthetic,3,140.0,27.642097389658126,27.681767603443802,0.03967021378567637,25.48056381636636,25.471387452962123,-0.009176363404236554
synthetic-battery-thermal-v1,synthetic,3,145.0,27.670804833071077,27.717273955877335,0.0464691228062577,25.519344626962873,25.503511233302554,-0.015833393660319217
synthetic-battery-thermal-v1,synthetic,3,150.0,27.74559630799188,27.785566751669734,0.039970443677852074,25.498510232024625,25.53312511921455,0.03461488718992456
synthetic-battery-thermal-v1,synthetic,3,155.0,27.817551950619304,27.852558768648347,0.03500681802904282,25.52776505919544,25.559712670765386,0.0319476115699473
synthetic-battery-thermal-v1,synthetic,3,160.0,27.869289123972962,27.916115983911055,0.046826859938093435,25.57228465539455,25.582425115108208,0.01014045971365718
synthetic-battery-thermal-v1,synthetic,3,165.0,27.94795354905407,27.97470383071264,0.02675028165857185,25.574876930410973,25.60053862526041,0.025661694849436145
synthetic-battery-thermal-v1,synthetic,3,170.0,28.00781545515456,28.02766459312159,0.019849137967028696,25.614368153517027,25.61350445209536,-0.0008637014216681393
synthetic-battery-thermal-v1,synthetic,3,175.0,28.062602757350064,28.075334542452442,0.012731785102378268,25.61233195104014,25.620993406159425,0.008661455119284511
synthetic-battery-thermal-v1,synthetic,3,180.0,28.10550796892726,28.11897957181159,0.013471602884330025,25.578078241617455,25.622930481975764,0.044852240358309814
synthetic-battery-thermal-v1,synthetic,3,185.0,28.122206267592023,28.160561201400128,0.03835493380810462,25.589896635727207,25.61951576225735,0.02961912653014309
synthetic-battery-thermal-v1,synthetic,3,190.0,28.17091422108167,28.20237577186538,0.03146155078371038,25.586128197790895,25.61122865043251,0.025100452641613202
synthetic-battery-thermal-v1,synthetic,3,195.0,28.211242121557323,28.246632772187784,0.035390650630461096,25.61065531542401,25.59881388052269,-0.011841434901320724
synthetic-battery-thermal-v1,synthetic,3,200.0,28.25998419934024,28.295049344198844,0.03506514485860279,25.573246050128706,25.58324947869905,0.010003428570342976
synthetic-battery-thermal-v1,synthetic,3,205.0,28.312944177534547,28.348535044618423,0.03559086708387582,25.550837916596826,25.565698671704087,0.014860755107260815
synthetic-battery-thermal-v1,synthetic,3,210.0,28.375453456963132,28.407024468090697,0.03157101112756422,25.53841323488244,25.54744939787825,0.009036162995808894
synthetic-battery-thermal-v1,synthetic,3,215.0,28.4557780378756,28.469488346915444,0.013710309039844049,25.53904128563795,25.529846337558688,-0.009194948079262133
synthetic-battery-thermal-v1,synthetic,3,220.0,28.508060000887138,28.534121167841676,0.02606116695453764,25.50779106188557,25.5142210600283,0.006429998142731819
synthetic-battery-thermal-v1,synthetic,3,225.0,28.55118453814989,28.59867112542347,0.04748658727357835,25.485463588288276,25.501825892531556,0.016362304243280335
synthetic-battery-thermal-v1,synthetic,3,230.0,28.645196311340236,28.660852242538887,0.015655931198651274,25.49192676061907,25.493776466743892,0.0018497061248226032
synthetic-battery-thermal-v1,synthetic,3,235.0,28.69260903304754,28.71876347281725,0.026154439769712212,25.489635133838007,25.491006704549523,0.001371570711516057
synthetic-battery-thermal-v1,synthetic,3,240.0,28.749663239651195,28.77123829686377,0.021575057212576354,25.497706831667866,25.494238462786498,-0.0034683688813679225
synthetic-battery-thermal-v1,synthetic,3,245.0,28.7619976217325,28.78646238432174,0.024464762589239797,25.446044419793704,25.46551651869781,0.019472098904106616
synthetic-battery-thermal-v1,synthetic,3,250.0,28.773112867838634,28.796782392663417,0.023669524824782684,25.38651844276497,25.444281328463795,0.05776288569882482
synthetic-battery-thermal-v1,synthetic,3,255.0,28.780948775642294,28.803836646590696,0.022887870948402167,25.362301374695633,25.43056673268165,0.06826535798601796
synthetic-battery-thermal-v1,synthetic,3,260.0,28.75541252954433,28.809826449978022,0.0544139204336922,25.41763277540432,25.424197315389506,0.006564539985184581
synthetic-battery-thermal-v1,synthetic,3,265.0,28.795799583553226,28.817119935261353,0.02132035170812685,25.39417296165061,25.424816117186555,0.030643155535944544
synthetic-battery-thermal-v1,synthetic,3,270.0,28.788763183568506,28.8278254468321,0.0390622632635953,25.439342436695057,25.431915983574527,-0.007426453120530141
synthetic-battery-thermal-v1,synthetic,3,275.0,28.807907258378084,28.84341212796851,0.03550486959042587,25.465405757086664,25.444872207521957,-0.020533549564706988
synthetic-battery-thermal-v1,synthetic,3,280.0,28.836347203433036,28.86444678809882,0.028099584665785216,25.45595931415223,25.462974868528782,0.007015554376550881
synthetic-battery-thermal-v1,synthetic,3,285.0,28.8868848161584,28.890494941548493,0.0036101253900930885,25.47422303130303,25.485460007826678,0.011236976523647968
synthetic-battery-thermal-v1,synthetic,3,290.0,28.87753731211196,28.920203992556516,0.04266668044455457,25.49659116689853,25.51153935387527,0.01494818697674205
synthetic-battery-thermal-v1,synthetic,3,295.0,28.92362926145,28.951553348515272,0.02792408706527283,25.506528270036878,25.540428617321087,0.03390034728420943
synthetic-battery-thermal-v1,synthetic,3,300.0,28.95123363318569,28.982225825865008,0.0309921926793173,25.546664259920103,25.57137437071644,0.024710110796338114
synthetic-battery-thermal-v1,synthetic,3,305.0,28.996956861160104,29.010032616589054,0.013075755428950231,25.590457373336026,25.603679247395885,0.013221874059858862
synthetic-battery-thermal-v1,synthetic,3,310.0,29.002311787551033,29.033314336220286,0.031002548669253116,25.62121567997464,25.636724729741523,0.01550904976688372
synthetic-battery-thermal-v1,synthetic,3,315.0,29.02797311912241,29.051245053183756,0.02327193406134498,25.66514291595872,25.66999028513383,0.004847369175109861
synthetic-battery-thermal-v1,synthetic,3,320.0,29.02247395277056,29.06398390482022,0.04150995204965824,25.673155116077815,25.703067198294796,0.029912082216981162
synthetic-battery-thermal-v1,synthetic,3,325.0,29.062777727313698,29.07264670816784,0.009868980854143672,25.714999631589382,25.73566527704648,0.020665645457096815
synthetic-battery-thermal-v1,synthetic,3,330.0,29.03146985445433,29.079102803028306,0.04763294857397682,25.75959256545692,25.767610769517468,0.008018204060547873
synthetic-battery-thermal-v1,synthetic,3,335.0,29.066263007148677,29.085634234099068,0.019371226950390508,25.761001699354527,25.798834359606655,0.03783266025212839
synthetic-battery-thermal-v1,synthetic,3,340.0,29.10353216273682,29.126118065568694,0.02258590283187445,25.82531307721832,25.829348970812024,0.004035893593705708
synthetic-battery-thermal-v1,synthetic,3,345.0,29.15058225142451,29.17067494639885,0.020092694974341185,25.853827772468158,25.859615391730355,0.005787619262196841
synthetic-battery-thermal-v1,synthetic,3,350.0,29.17398820046273,29.220407604431767,0.04641940396903621,25.879201955335073,25.88970041091124,0.010498455576165355
synthetic-battery-thermal-v1,synthetic,3,355.0,29.245951495769138,29.2754587647411,0.029507268971961764,25.89674007841488,25.919640175947304,0.022900097532424724
synthetic-battery-thermal-v1,synthetic,3,360.0,29.32349086956662,29.334984910888874,0.011494041322254844,25.955738021347653,25.949396481203138,-0.006341540144514823
synthetic-battery-thermal-v1,synthetic,3,365.0,29.400104904273178,29.39730973844259,-0.002795165830587365,25.982510447236606,25.978817102806126,-0.0036933444304807495
synthetic-battery-thermal-v1,synthetic,3,370.0,29.434895870608813,29.460229274856115,0.025333404247302127,25.996697782033866,26.00760445782985,0.010906675795983034
synthetic-battery-thermal-v1,synthetic,3,375.0,29.509645757106522,29.521412968317463,0.011767211210941042,26.02076571120515,26.035296253393753,0.014530542188602169
synthetic-battery-thermal-v1,synthetic,3,380.0,29.557908152977742,29.578827537978214,0.020919385000471635,26.05714261706523,26.0612607161528,0.004118099087566662
synthetic-battery-thermal-v1,synthetic,3,385.0,29.607686477269976,29.631106223231047,0.023419745961071214,26.057199808488907,26.08470758308045,0.02750777459154463
synthetic-battery-thermal-v1,synthetic,3,390.0,29.6493576009329,29.677796028662684,0.02843842772978533,26.097601037297288,26.104714472011885,0.007113434714597133
synthetic-battery-thermal-v1,synthetic,3,395.0,29.69753354214563,29.71943781806814,0.021904275922508987,26.10874347315506,26.120266740243853,0.011523267088794142
synthetic-battery-thermal-v1,synthetic,3,400.0,29.74581210970419,29.75746460651876,0.011652496814569702,26.108112572000106,26.130307677818898,0.022195105818791916
synthetic-battery-thermal-v1,synthetic,3,405.0,29.783810106662564,29.793936572155804,0.010126465493240033,26.123026033226658,26.133795024753155,0.010768991526497018
synthetic-battery-thermal-v1,synthetic,3,410.0,29.791406558443242,29.831161108827484,0.03975455038424158,26.13513803642337,26.129759438878104,-0.005378597545266928
synthetic-battery-thermal-v1,synthetic,3,415.0,29.842780889032813,29.87126723146516,0.028486342432348266,26.076555353706723,26.11736068472784,0.040805331021115165
synthetic-battery-thermal-v1,synthetic,3,420.0,29.87944866888146,29.915811998922447,0.03636333004098802,26.0650066814947,26.095937897082656,0.030931215587955307
synthetic-battery-thermal-v1,synthetic,3,425.0,29.94590846907888,29.96549080913902,0.019582340060139813,26.045780225381417,26.065051164474838,0.01927093909342048
synthetic-battery-thermal-v1,synthetic,3,430.0,29.994943048417564,30.02000450687259,0.025061458455024166,26.019186601004062,26.024512709343146,0.005326108339083646
synthetic-battery-thermal-v1,synthetic,3,435.0,30.031759253346422,30.046509083552618,0.014749830206195469,25.965154195430888,25.974406938431237,0.009252743000349284
synthetic-battery-thermal-v1,synthetic,3,440.0,30.0612460409175,30.074772153799948,0.01352611288244887,25.91065968874899,25.91470226888835,0.004042580139362428
synthetic-battery-thermal-v1,synthetic,3,445.0,30.051327131119965,30.10244828062653,0.05112114950656377,25.828085862282002,25.846055743995823,0.017969881713820968
synthetic-battery-thermal-v1,synthetic,3,450.0,30.07518957638177,30.127241336564467,0.05205176018269597,25.758274332103547,25.769393900753716,0.011119568650169498
synthetic-battery-thermal-v1,synthetic,3,455.0,30.128021704533953,30.14731746578084,0.019295761246887366,25.690806700324867,25.685892982372074,-0.004913717952792496
synthetic-battery-thermal-v1,synthetic,3,460.0,30.160307210486415,30.16163443013567,0.0013272196492550847,25.59014801670961,25.596951138011086,0.006803121301476978
synthetic-battery-thermal-v1,synthetic,3,465.0,30.143526880608835,30.170127441169157,0.026600560560321895,25.50252728283627,25.504153132851442,0.0016258500151735689
synthetic-battery-thermal-v1,synthetic,3,470.0,30.146719143975464,30.173717731057685,0.026998587082221803,25.40124522355764,25.409228003730846,0.007982780173204418
synthetic-battery-thermal-v1,synthetic,3,475.0,30.16985093350226,30.17414241454318,0.004291481040919365,25.298595870943338,25.314000202910417,0.015404331967079798
synthetic-battery-thermal-v1,synthetic,3,480.0,30.16663125276707,30.173636751769056,0.007005499001987658,25.22434865150782,25.220335115356047,-0.004013536151774133
synthetic-battery-thermal-v1,synthetic,3,485.0,30.141119703200594,30.174526802933478,0.033407099732883694,25.139382251303655,25.130080388544588,-0.009301862759066637
synthetic-battery-thermal-v1,synthetic,3,490.0,30.170231712469473,30.178806769218983,0.008575056749510424,25.042005243036982,25.045005192169146,0.002999949132163948
synthetic-battery-thermal-v1,synthetic,3,495.0,30.157356215828326,30.18777806910713,0.030421853278802757,24.95002588594037,24.966740197615064,0.016714311674693505
synthetic-battery-thermal-v1,synthetic,3,500.0,30.17486753565265,30.20181590427112,0.026948368618469942,24.901652225864897,24.896721584919415,-0.004930640945481457
synthetic-battery-thermal-v1,synthetic,3,505.0,30.18722379432957,30.22030578611397,0.033081991784399634,24.840023187671274,24.836142611524828,-0.003880576146446657
synthetic-battery-thermal-v1,synthetic,3,510.0,30.204544758876512,30.24176147007279,0.03721671119627956,24.780602791477435,24.78591611639438,0.00531332491694414
synthetic-battery-thermal-v1,synthetic,3,515.0,30.247320737093556,30.264102638834224,0.01678190174066785,24.781406760062698,24.746650750040686,-0.03475601002201145
synthetic-battery-thermal-v1,synthetic,3,520.0,30.246109208510195,30.285041525793595,0.03893231728340041,24.739035166488744,24.71864275123624,-0.020392415252505458
synthetic-battery-thermal-v1,synthetic,3,525.0,30.286612524114105,30.30250779285126,0.015895268737153856,24.70650091168501,24.70188383683628,-0.0046170748487277535
synthetic-battery-thermal-v1,synthetic,3,530.0,30.330579468722423,30.346632586133175,0.01605311741075255,24.70125048784723,24.696084385488795,-0.005166102358433733
synthetic-battery-thermal-v1,synthetic,3,535.0,30.365228227402717,30.385088459294195,0.01986023189147801,24.721373358780856,24.701106942446813,-0.020266416334042248
synthetic-battery-thermal-v1,synthetic,3,540.0,30.394115566239076,30.418282568350456,0.024167002111379787,24.73152814912685,24.7162066551522,-0.01532149397464977
synthetic-battery-thermal-v1,synthetic,3,545.0,30.4207700337841,30.447549537112057,0.02677950332795831,24.737739572500608,24.740493221842872,0.002753649342263742
synthetic-battery-thermal-v1,synthetic,3,550.0,30.441913177882903,30.474915702804115,0.03300252492121203,24.77771051463004,24.772984465239098,-0.004726049390942677
synthetic-battery-thermal-v1,synthetic,3,555.0,30.507682668011476,30.50273670215795,-0.004945965853526246,24.809095495933395,24.81265733014888,0.0035618342154855043
synthetic-battery-thermal-v1,synthetic,3,560.0,30.51379917052205,30.533274406187036,0.019475235664987878,24.839025997935725,24.858492864577283,0.019466866641558056
synthetic-battery-thermal-v1,synthetic,3,565.0,30.548566752921072,30.568290298833237,0.019723545912164298,24.882491665952955,24.909512714043437,0.027021048090482225
synthetic-battery-thermal-v1,synthetic,3,570.0,30.579024999257893,30.608729421518426,0.029704422260532937,24.964669570972582,24.964805803014666,0.00013623204208457196
synthetic-battery-thermal-v1,synthetic,3,575.0,30.658633906379364,30.654552513341798,-0.004081393037566272,25.061716272411157,25.02354502448093,-0.03817124793022586
synthetic-battery-thermal-v1,synthetic,3,580.0,30.680579078238335,30.70474697178755,0.024167893549215336,25.10211501040167,25.08499474731621,-0.017120263085459442
synthetic-battery-thermal-v1,synthetic,3,585.0,30.746151065510745,30.757514665254778,0.011363599744033337,25.141382665338753,25.1485106554764,0.007127990137647089
synthetic-battery-thermal-v1,synthetic,3,590.0,30.80241942864351,30.81060238981788,0.008182961174370007,25.209150376598892,25.213533782885833,0.004383406286940783
synthetic-battery-thermal-v1,synthetic,3,595.0,30.849029658008874,30.86171475728201,0.012685099273134881,25.2676918101665,25.27958059823854,0.011888788072038636
synthetic-battery-thermal-v1,synthetic,3,600.0,30.873922060946995,30.908934272206064,0.03501221125906895,25.316865536605803,25.34623068452601,0.02936514792020617
synthetic-battery-thermal-v1,synthetic,3,605.0,30.947092192448814,30.95107204314705,0.003979850698236476,25.440447982179506,25.45156294655456,0.01111496437505366
synthetic-battery-thermal-v1,synthetic,3,610.0,30.96555801163234,30.988055439363556,0.0224974277312171,25.548604752180996,25.556176360184054,0.007571608003058117
synthetic-battery-thermal-v1,synthetic,3,615.0,31.019184908268905,31.020628715269947,0.0014438070010420745,25.65405138979617,25.65975839550037,0.00570700570419902
synthetic-battery-thermal-v1,synthetic,3,620.0,31.027347257015368,31.05039029810141,0.023043041086040716,25.771279701071148,25.76198671423182,-0.009292986839327
synthetic-battery-thermal-v1,synthetic,3,625.0,31.058325660255225,31.04790160498252,-0.01042405527270418,25.860168816459296,25.862513046977732,0.002344230518435353
synthetic-battery-thermal-v1,synthetic,3,630.0,31.048518230232194,31.047227367582675,-0.0012908626495189424,25.968786435549667,25.960549411544637,-0.008237024005030236
synthetic-battery-thermal-v1,synthetic,3,635.0,31.05404427660772,31.05043170812068,-0.0036125684870391694,26.053880574791002,26.05565495216046,0.0017743773694576248
synthetic-battery-thermal-v1,synthetic,3,640.0,31.05458689515182,31.05894003698972,0.004353141837899699,26.14357359200318,26.147316003829776,0.0037424118265967365
synthetic-battery-thermal-v1,synthetic,3,645.0,31.043537247961243,31.073276115937702,0.02973886797645875,26.23340602102547,26.234935465951004,0.0015294449255343068
synthetic-battery-thermal-v1,synthetic,3,650.0,31.059432216881667,31.09296310165177,0.033530884770101466,26.293421510920922,26.317828270124775,0.0244067592038526
synthetic-battery-thermal-v1,synthetic,3,655.0,31.123077368346735,31.116606577510176,-0.006470790836559104,26.394956208782016,26.395225314427933,0.00026910564591631214
synthetic-battery-thermal-v1,synthetic,3,660.0,31.151495264316825,31.142144400055777,-0.00935086426104803,26.449025812188196,26.4662877874498,0.017261975261604334
synthetic-battery-thermal-v1,synthetic,3,665.0,31.13709186724208,31.1672177774544,0.030125910212319695,26.513102251138623,26.530132916815045,0.01703066567642253
synthetic-battery-thermal-v1,synthetic,3,670.0,31.178382269847194,31.189595904995645,0.011213635148450862,26.573477902176293,26.58587093863386,0.012393036457567064
synthetic-battery-thermal-v1,synthetic,3,675.0,31.21190462137913,31.20757673567982,-0.004327885699311196,26.613589632676362,26.6326516614452,0.019062028768836115
synthetic-battery-thermal-v1,synthetic,3,680.0,31.212923967605068,31.22029083862662,0.007366871021552868,26.641272450196222,26.669717604814238,0.028445154618015778
synthetic-battery-thermal-v1,synthetic,3,685.0,31.221954772626813,31.227852995454718,0.0058982228279056415,26.683011854348873,26.696459554724946,0.013447700376072902
synthetic-battery-thermal-v1,synthetic,3,690.0,31.207400632868346,31.23133397621877,0.023933343350424963,26.695653332766284,26.712469692114514,0.01681635934822978
synthetic-battery-thermal-v1,synthetic,3,695.0,31.21706138455743,31.23255775241817,0.0154963678607416,26.7005630661823,26.717587348306285,0.01702428212398388
synthetic-battery-thermal-v1,synthetic,3,700.0,31.247551547734403,31.233761259218948,-0.013790288515455273,26.69787809209203,26.711932961476087,0.014054869384057866
