dataset_id,maturity,episode_id,time_s,heat_generation_w,coolant_temp_c,coolant_ua_w_k,external_heat_w,core_temp_c,surface_temp_c,core_temp_std_c,surface_temp_std_c
synthetic-battery-thermal-v1,synthetic,0,0.0,1700.0,16.0,235.0,900.0,20.004570756196316,18.984400238406394,0.015,0.015
synthetic-battery-thermal-v1,synthetic,0,5.0,4154.614562220469,16.455257448943446,255.65947808293572,900.0,20.032544646724975,19.034871182610274,0.015,0.015
synthetic-battery-thermal-v1,synthetic,0,10.0,4444.559937206778,16.90584334039897,275.95028729004935,900.0,20.050499012139557,19.024079984842196,0.015,0.015
synthetic-battery-thermal-v1,synthetic,0,15.0,4616.9603162914555,17.34713405338011,295.5103376503417,900.0,20.144392678407208,19.06496000198061,0.015,0.015
synthetic-battery-thermal-v1,synthetic,0,20.0,4640.37595169749,17.774601348009934,313.9905796017472,900.0,20.207382035966845,19.086883848556674,0.015,0.015
synthetic-battery-thermal-v1,synthetic,0,25.0,4510.5366575058415,18.183858831389866,331.06123278883797,900.0,20.286181528417032,19.145701663269588,0.015,0.015
synthetic-battery-thermal-v1,synthetic,0,30.0,4251.120540937643,18.570706967926565,346.41767100107904,900.0,20.33723169659102,19.189986857053594,0.015,0.015
synthetic-battery-thermal-v1,synthetic,0,35.0,3909.435950834694,18.931176172249998,359.78585823477226,900.0,20.402465807424562,19.204021946555912,0.015,0.015
synthetic-battery-thermal-v1,synthetic,0,40.0,3547.7941036175334,19.26156754253104,370.9272388720341,900.0,20.45495058223181,19.25103938138294,0.015,0.015
synthetic-battery-thermal-v1,synthetic,0,45.0,3232.145715418497,19.558490816219642,379.6429947114484,900.0,20.511058424643142,19.31754869245661,0.015,0.015
synthetic-battery-thermal-v1,synthetic,0,50.0,3020.0539178495155,19.818899158726378,385.7775928835808,900.0,20.538808256021305,19.364827916995083,0.015,0.015
synthetic-battery-thermal-v1,synthetic,0,55.0,2950.1967733170927,20.040120428068338,389.2215613387182,900.0,20.60046362693508,19.43269676975052,0.015,0.015
synthetic-battery-thermal-v1,synthetic,0,60.0,3035.3137607955928,20.219884594661863,389.9134423781895,900.0,20.61527330298964,19.492186856015664,0.015,0.015
synthetic-battery-thermal-v1,synthetic,0,65.0,3259.882544243349,20.35634703489792,387.84088936845444,900.0,20.670647495973355,19.56707455700638,0.015,0.015
synthetic-battery-thermal-v1,synthetic,0,70.0,3582.949699151241,20.448107459476503,383.0408870670714,900.0,20.71332455805202,19.633015117479154,0.015,0.015
synthetic-battery-thermal-v1,synthetic,0,75.0,3945.599172554256,20.494224282269737,375.5990916288228,900.0,20.788715530967654,19.685433710692866,0.015,0.015
synthetic-battery-thermal-v1,synthetic,0,80.0,4281.69649284745,20.494224282269737,365.6483020696035,900.0,20.803928482270866,19.7435472529487,0.015,0.015
synthetic-battery-thermal-v1,synthetic,0,85.0,4529.949364534432,20.448107459476503,353.3660904648365,900.0,20.881006637279565,19.835463794972227,0.015,0.015
synthetic-battery-thermal-v1,synthetic,0,90.0,4645.085220859859,20.35634703489792,338.97163317157964,900.0,20.933985676994343,19.86665469123989,0.015,0.015
synthetic-battery-thermal-v1,synthetic,0,95.0,4606.107343010346,20.219884594661863,322.7217996212422,900.0,20.98898579266884,19.94720953788847,0.015,0.015
synthetic-battery-thermal-v1,synthetic,0,100.0,2320.123920973514,20.040120428068338,304.9065684784958,900.0,21.077536007493237,20.000894518985046,0.015,0.015
synthetic-battery-thermal-v1,synthetic,0,105.0,2021.0517704233707,19.818899158726378,285.8438529651331,900.0,21.086759096648187,20.048397769041014,0.015,0.015
synthetic-battery-thermal-v1,synthetic,0,110.0,1663.431101946149,19.558490816219642,265.87382769109456,900.0,21.124412680674475,20.096741586927195,0.015,0.015
synthetic-battery-thermal-v1,synthetic,0,115.0,1312.4793105178094,19.26156754253104,245.35285823049378,900.0,21.1563371095544,20.1417889071375,0.015,0.015
synthetic-battery-thermal-v1,synthetic,0,120.0,1032.1976231830938,18.93117617225,224.64714176950625,0.0,21.16884414273798,20.181028453469267,0.015,0.015
synthetic-battery-thermal-v1,synthetic,0,125.0,873.6995328652981,18.57070696792657,204.1261723089055,0.0,21.174262338605327,20.189829533706977,0.015,0.015
synthetic-battery-thermal-v1,synthetic,0,130.0,865.889500269132,18.183858831389866,184.15614703486685,0.0,21.15688302484775,20.174012151370263,0.015,0.015
synthetic-battery-thermal-v1,synthetic,0,135.0,1010.1917998437426,17.774601348009934,165.09343152150427,0.0,21.180334912076994,20.166156181906263,0.015,0.015
synthetic-battery-thermal-v1,synthetic,0,140.0,1280.290782364019,17.34713405338011,147.2782003787578,0.0,21.194047530394602,20.194011985301522,0.015,0.015
synthetic-battery-thermal-v1,synthetic,0,145.0,1626.9299210731692,16.90584334039897,131.0283668284204,0.0,21.199997010712416,20.18131808464022,0.015,0.015
synthetic-battery-thermal-v1,synthetic,0,150.0,1986.8944646549958,16.455257448943446,116.63390953516355,0.0,21.207715729411092,20.15674305718695,0.015,0.015
synthetic-battery-thermal-v1,synthetic,0,155.0,2294.5395779939,16.0,104.35169793039645,0.0,21.260716627929586,20.165631580698477,0.015,0.015
synthetic-battery-thermal-v1,synthetic,0,160.0,2493.7616444994865,15.544742551056556,94.4009083711772,0.0,21.29878639182502,20.164126200504928,0.015,0.015
synthetic-battery-thermal-v1,synthetic,0,165.0,2548.2295867355833,15.094156659601033,86.95911293292862,0.0,21.315594291349854,20.141059253994232,0.015,0.015
synthetic-battery-thermal-v1,synthetic,0,170.0,2448.0103733775054,14.65286594661989,82.15911063154557,0.0,21.367062147303244,20.141163431247772,0.015,0.015
synthetic-battery-thermal-v1,synthetic,0,175.0,2211.380453741185,14.22539865199007,80.08655762181054,0.0,21.366739234189673,20.12304418177569,0.015,0.015
synthetic-battery-thermal-v1,synthetic,0,180.0,1881.4927781238275,13.816141168610137,80.77843866128188,0.0,21.40002002198033,20.143002452497832,0.015,0.015
synthetic-battery-thermal-v1,synthetic,0,185.0,1518.507221876175,13.429293032073435,84.22240711641922,0.0,21.438742193560934,20.14025050459492,0.015,0.015
synthetic-battery-thermal-v1,synthetic,0,190.0,1188.6195462588166,13.068823827749998,90.3570052885516,0.0,21.447364093731213,20.124692486376407,0.015,0.015
synthetic-battery-thermal-v1,synthetic,0,195.0,3051.989626622495,12.73843245746896,99.07276112796586,0.0,21.475214910411466,20.107311818810025,0.015,0.015
synthetic-battery-thermal-v1,synthetic,0,200.0,2951.7704132644167,12.441509183780356,110.21414176522778,0.0,21.51287352110368,20.087992592794336,0.015,0.015
synthetic-battery-thermal-v1,synthetic,0,205.0,3006.238355500513,12.181100841273622,123.5823289989209,0.0,21.539006096843792,20.074040528360392,0.015,0.015
synthetic-battery-thermal-v1,synthetic,0,210.0,3205.460422006099,11.959879571931662,138.9387672111621,0.0,21.565516676369157,20.06401807617471,0.015,0.015
synthetic-battery-thermal-v1,synthetic,0,215.0,3513.1055353450033,11.780115405338139,156.00942039825273,0.0,21.61815674945434,20.028317189217173,0.015,0.015
synthetic-battery-thermal-v1,synthetic,0,220.0,3873.0700789268294,11.643652965102081,174.48966234965837,0.0,21.67849944615679,20.000267029842522,0.015,0.015
synthetic-battery-thermal-v1,synthetic,0,225.0,4219.709217635978,11.551892540523498,194.04971270995063,0.0,21.732453006538485,19.951327081581468,0.015,0.015
synthetic-battery-thermal-v1,synthetic,0,230.0,4489.808200156258,11.505775717730263,214.34052191706436,0.0,21.772147864270956,19.904653399781623,0.015,0.015
synthetic-battery-thermal-v1,synthetic,0,235.0,4634.110499730868,11.505775717730263,234.99999999999997,0.0,21.812844549581406,19.831259226555456,0.015,0.015
synthetic-battery-thermal-v1,synthetic,0,240.0,4626.300467134703,11.551892540523498,255.65947808293558,0.0,21.8796546756518,19.7797038619241,0.015,0.015
synthetic-battery-thermal-v1,synthetic,0,245.0,4467.802376816907,11.643652965102081,275.95028729004935,0.0,21.9661792809427,19.718096621574507,0.015,0.015
synthetic-battery-thermal-v1,synthetic,0,250.0,4187.520689482191,11.780115405338137,295.5103376503415,0.0,22.012243467686964,19.684451790513545,0.015,0.015
synthetic-battery-thermal-v1,synthetic,0,255.0,3836.568898053852,11.959879571931662,313.9905796017472,0.0,22.06550224476795,19.606706901103205,0.015,0.015
synthetic-battery-thermal-v1,synthetic,0,260.0,3478.94822957663,12.18110084127362,331.06123278883786,0.0,22.10390836787933,19.52191118258762,0.015,0.015
synthetic-battery-thermal-v1,synthetic,0,265.0,3179.8760790264855,12.441509183780354,346.41767100107904,0.0,22.144784072905445,19.449298498091256,0.015,0.015
synthetic-battery-thermal-v1,synthetic,0,270.0,2993.892656989655,12.73843245746896,359.7858582347722,0.0,22.207729998642844,19.3593423282185,0.015,0.015
synthetic-battery-thermal-v1,synthetic,0,275.0,2954.9147791401406,13.068823827750002,370.92723887203414,0.0,22.234444459273494,19.32260973149705,0.015,0.015
synthetic-battery-thermal-v1,synthetic,0,280.0,3070.050635465567,13.429293032073435,379.64299471144835,0.0,22.25078545951256,19.235477579709638,0.015,0.015
synthetic-battery-thermal-v1,synthetic,0,285.0,3318.30350715255,13.816141168610137,385.7775928835808,0.0,22.293875174242135,19.19300716098115,0.015,0.015
synthetic-battery-thermal-v1,synthetic,0,290.0,1554.4008274457417,14.225398651990066,389.2215613387181,0.0,22.33274109633538,19.151902565557034,0.015,0.015
synthetic-battery-thermal-v1,synthetic,0,295.0,1917.0503008487603,14.65286594661989,389.9134423781895,0.0,22.362625914676652,19.10646074153842,0.015,0.015
synthetic-battery-thermal-v1,synthetic,0,300.0,2240.11745575665,15.094156659601028,387.84088936845444,0.0,22.33786235369052,19.079456537116215,0.015,0.015
synthetic-battery-thermal-v1,synthetic,0,305.0,2464.686239204407,15.544742551056556,383.04088706707137,0.0,22.37581121283606,19.072660838864927,0.015,0.015
synthetic-battery-thermal-v1,synthetic,0,310.0,2549.8032266829073,15.999999999999998,375.5990916288228,0.0,22.407541203374123,19.042199934164696,0.015,0.015
synthetic-battery-thermal-v1,synthetic,0,315.0,2479.946082150484,16.455257448943446,365.6483020696035,0.0,22.44058746843389,19.01266044519352,0.015,0.015
synthetic-battery-thermal-v1,synthetic,0,320.0,2267.8542845815045,16.90584334039897,353.3660904648365,0.0,22.431472606651678,19.01904549675485,0.015,0.015
synthetic-battery-thermal-v1,synthetic,0,325.0,1952.2058963824702,17.347134053380106,338.97163317157975,0.0,22.454349876310285,19.023046026174832,0.015,0.015
synthetic-battery-thermal-v1,synthetic,0,330.0,1590.5640491653091,17.774601348009927,322.72179962124244,0.0,22.484032441929784,19.058701165483342,0.015,0.015
synthetic-battery-thermal-v1,synthetic,0,335.0,1248.8794590623586,18.183858831389863,304.90656847849596,0.0,22.461289828779545,19.071851502033496,0.015,0.015
synthetic-battery-thermal-v1,synthetic,0,340.0,989.4633424941594,18.570706967926565,285.84385296513324,0.0,22.491796763821768,19.13044094430303,0.015,0.015
synthetic-battery-thermal-v1,synthetic,0,345.0,859.6240483025103,18.93117617225,265.87382769109445,0.0,22.51697747349218,19.197065053177884,0.015,0.015
synthetic-battery-thermal-v1,synthetic,0,350.0,883.0396837085435,19.261567542531036,245.3528582304941,0.0,22.49136676642039,19.17768185681121,0.015,0.015
synthetic-battery-thermal-v1,synthetic,0,355.0,1055.4400627932205,19.558490816219642,224.64714176950628,0.0,22.45183228076024,19.238416209999222,0.015,0.015
synthetic-battery-thermal-v1,synthetic,0,360.0,1345.3854377795292,19.818899158726378,204.12617230890538,0.0,22.473086485721943,19.271872832701646,0.015,0.015
synthetic-battery-thermal-v1,synthetic,0,365.0,1700.000000000002,20.040120428068338,184.15614703486665,0.0,22.482148666857643,19.320758614192847,0.015,0.015
synthetic-battery-thermal-v1,synthetic,0,370.0,2054.6145622204663,20.219884594661863,165.09343152150444,0.0,22.51891534360536,19.370428815388877,0.015,0.015
synthetic-battery-thermal-v1,synthetic,0,375.0,2344.559937206778,20.35634703489792,147.27820037875784,0.0,22.517664800300192,19.39768277160359,0.015,0.015
synthetic-battery-thermal-v1,synthetic,0,380.0,2516.960316291455,20.448107459476503,131.02836682842033,0.0,22.516561140010108,19.450643988874905,0.015,0.015
synthetic-battery-thermal-v1,synthetic,0,385.0,4640.375951697489,20.494224282269737,116.63390953516341,0.0,22.56522701254225,19.528501807345,0.015,0.015
synthetic-battery-thermal-v1,synthetic,0,390.0,4510.5366575058415,20.494224282269737,104.35169793039657,0.0,22.624601216179787,19.5599283584943,0.015,0.015
synthetic-battery-thermal-v1,synthetic,0,395.0,4251.120540937646,20.448107459476503,94.40090837117721,0.0,22.669743815999453,19.570077697242038,0.015,0.015
synthetic-battery-thermal-v1,synthetic,0,400.0,3909.435950834693,20.35634703489792,86.95911293292853,0.0,22.713358817165982,19.619031785757702,0.015,0.015
synthetic-battery-thermal-v1,synthetic,0,405.0,3547.794103617535,20.219884594661863,82.15911063154563,0.0,22.80514970489254,19.65899015176581,0.015,0.015
synthetic-battery-thermal-v1,synthetic,0,410.0,3232.1457154184995,20.040120428068338,80.08655762181054,0.0,22.825689847720643,19.698450700052003,0.015,0.015
synthetic-battery-thermal-v1,synthetic,0,415.0,3020.0539178495155,19.81889915872638,80.77843866128185,0.0,22.8621969523478,19.757646340371295,0.015,0.015
synthetic-battery-thermal-v1,synthetic,0,420.0,2950.1967733170927,19.558490816219642,84.22240711641928,0.0,22.87779242944547,19.790194450321422,0.015,0.015
synthetic-battery-thermal-v1,synthetic,0,425.0,3035.313760795591,19.26156754253104,90.3570052885515,0.0,22.90121173734188,19.835284599108054,0.015,0.015
synthetic-battery-thermal-v1,synthetic,0,430.0,3259.882544243348,18.93117617225,99.07276112796585,0.0,22.936420830113253,19.84656896530438,0.015,0.015
synthetic-battery-thermal-v1,synthetic,0,435.0,3582.949699151238,18.57070696792656,110.21414176522777,0.0,22.95970964366916,19.902100533356545,0.015,0.015
synthetic-battery-thermal-v1,synthetic,0,440.0,3945.5991725542563,18.183858831389863,123.58232899892107,0.0,23.043088355468093,19.934198037443352,0.015,0.015
synthetic-battery-thermal-v1,synthetic,0,445.0,4281.696492847448,17.774601348009934,138.93876721116183,0.0,23.06360356392205,19.96552745000832,0.015,0.015
synthetic-battery-thermal-v1,synthetic,0,450.0,4529.94936453443,17.347134053380113,156.0094203982527,0.0,23.13597277530267,19.990459326035378,0.015,0.015
synthetic-battery-thermal-v1,synthetic,0,455.0,4645.085220859859,16.905843340398967,174.48966234965835,0.0,23.164867798095454,20.025425966612328,0.015,0.015
synthetic-battery-thermal-v1,synthetic,0,460.0,4606.107343010345,16.455257448943446,194.04971270995082,0.0,23.233709056165704,20.04845313011503,0.015,0.015
synthetic-battery-thermal-v1,synthetic,0,465.0,4420.123920973518,16.0,214.34052191706405,0.0,23.285504383295606,20.017717575806014,0.015,0.015
synthetic-battery-thermal-v1,synthetic,0,470.0,4121.051770423372,15.54474255105656,234.99999999999994,0.0,23.31469341663669,20.06477529036172,0.015,0.015
synthetic-battery-thermal-v1,synthetic,0,475.0,3763.431101946147,15.094156659601028,255.65947808293578,0.0,23.408782403507058,20.03374642788377,0.015,0.015
synthetic-battery-thermal-v1,synthetic,0,480.0,1312.4793105178157,14.652865946619897,275.950287290049,900.0,23.41924350306721,20.046652094049147,0.015,0.015
synthetic-battery-thermal-v1,synthetic,0,485.0,1032.1976231830945,14.22539865199007,295.5103376503415,900.0,23.41307354204706,20.029136194430748,0.015,0.015
synthetic-battery-thermal-v1,synthetic,0,490.0,873.6995328652977,13.81614116861014,313.9905796017472,900.0,23.439829077615503,20.044272369083135,0.015,0.015
synthetic-battery-thermal-v1,synthetic,0,495.0,865.8895002691318,13.429293032073433,331.0612327888381,900.0,23.428232698491083,20.0451831634838,0.015,0.015
synthetic-battery-thermal-v1,synthetic,0,500.0,1010.191799843741,13.068823827750006,346.4176710010789,900.0,23.431382091057316,20.05629884230718,0.015,0.015
synthetic-battery-thermal-v1,synthetic,0,505.0,1280.2907823640194,12.738432457468962,359.78585823477215,900.0,23.427825850998627,20.023113184691017,0.015,0.015
synthetic-battery-thermal-v1,synthetic,0,510.0,1626.9299210731683,12.441509183780358,370.9272388720341,900.0,23.399857707316848,19.98261268782939,0.015,0.015
synthetic-battery-thermal-v1,synthetic,0,515.0,1986.8944646549976,12.18110084127362,379.6429947114484,900.0,23.42720405004619,19.927750757266715,0.015,0.015
synthetic-battery-thermal-v1,synthetic,0,520.0,2294.5395779938995,11.959879571931662,385.77759288358067,900.0,23.441168365522884,19.897918334055397,0.015,0.015
synthetic-battery-thermal-v1,synthetic,0,525.0,2493.7616444994856,11.780115405338139,389.2215613387181,900.0,23.486971211748706,19.835721377160944,0.015,0.015
synthetic-battery-thermal-v1,synthetic,0,530.0,2548.2295867355833,11.643652965102081,389.9134423781895,900.0,23.49530676872686,19.798525790034105,0.015,0.015
synthetic-battery-thermal-v1,synthetic,0,535.0,2448.010373377506,11.551892540523498,387.8408893684544,900.0,23.51205276343946,19.77022571996177,0.015,0.015
synthetic-battery-thermal-v1,synthetic,0,540.0,2211.3804537411875,11.505775717730263,383.0408870670715,900.0,23.545316625330134,19.725590838706875,0.015,0.015
synthetic-battery-thermal-v1,synthetic,0,545.0,1881.492778123827,11.505775717730263,375.59909162882286,900.0,23.551306467993456,19.64803627155432,0.015,0.015
synthetic-battery-thermal-v1,synthetic,0,550.0,1518.5072218761761,11.5518925405235,365.6483020696035,900.0,23.561363503180516,19.619185839314998,0.015,0.015
synthetic-battery-thermal-v1,synthetic,0,555.0,1188.619546258815,11.643652965102081,353.3660904648365,900.0,23.572726064408556,19.561847988629616,0.015,0.015
synthetic-battery-thermal-v1,synthetic,0,560.0,951.9896266224954,11.780115405338137,338.9716331715798,900.0,23.57160132997185,19.550768585064244,0.015,0.015
synthetic-battery-thermal-v1,synthetic,0,565.0,851.7704132644168,11.959879571931662,322.7217996212423,900.0,23.60444904038313,19.552357346130126,0.015,0.015
synthetic-battery-thermal-v1,synthetic,0,570.0,906.2383555005135,12.181100841273622,304.9065684784957,900.0,23.54872522120827,19.505121030511322,0.015,0.015
synthetic-battery-thermal-v1,synthetic,0,575.0,3205.4604220060983,12.44150918378035,285.8438529651335,900.0,23.53519150187536,19.4946775709463,0.015,0.015
synthetic-battery-thermal-v1,synthetic,0,580.0,3513.105535344999,12.73843245746896,265.8738276910948,900.0,23.592326403321326,19.524896145088288,0.015,0.015
synthetic-battery-thermal-v1,synthetic,0,585.0,3873.0700789268285,13.068823827749998,245.35285823049387,900.0,23.611645074626086,19.509890096418168,0.015,0.015
synthetic-battery-thermal-v1,synthetic,0,590.0,4219.709217635983,13.429293032073437,224.64714176950605,900.0,23.630716250721477,19.5396185689146,0.015,0.015
synthetic-battery-thermal-v1,synthetic,0,595.0,4489.808200156253,13.816141168610129,204.1261723089057,900.0,23.692505331266098,19.565576308250712,0.015,0.015
synthetic-battery-thermal-v1,synthetic,0,600.0,4634.110499730868,14.225398651990066,184.15614703486693,0.0,23.74483417704512,19.612128164798523,0.015,0.015
synthetic-battery-thermal-v1,synthetic,0,605.0,4626.300467134702,14.652865946619885,165.09343152150447,0.0,23.78331054510452,19.601297082614657,0.015,0.015
synthetic-battery-thermal-v1,synthetic,0,610.0,4467.802376816908,15.094156659601031,147.27820037875762,0.0,23.89299881739437,19.621550480816236,0.015,0.015
synthetic-battery-thermal-v1,synthetic,0,615.0,4187.520689482192,15.544742551056547,131.02836682842036,0.0,23.89343929492984,19.69279382509956,0.015,0.015
synthetic-battery-thermal-v1,synthetic,0,620.0,3836.56889805385,15.999999999999998,116.63390953516361,0.0,23.99794206580186,19.677847553457756,0.015,0.015
synthetic-battery-thermal-v1,synthetic,0,625.0,3478.948229576631,16.455257448943442,104.35169793039658,0.0,23.9879359621155,19.735518003603733,0.015,0.015
synthetic-battery-thermal-v1,synthetic,0,630.0,3179.876079026484,16.90584334039897,94.40090837117711,0.0,24.053046889116267,19.754398511311503,0.015,0.015
synthetic-battery-thermal-v1,synthetic,0,635.0,2993.892656989656,17.34713405338011,86.95911293292856,0.0,24.05258560732503,19.822631827021002,0.015,0.015
synthetic-battery-thermal-v1,synthetic,0,640.0,2954.9147791401406,17.77460134800993,82.15911063154559,0.0,24.089173102775973,19.849317062004836,0.015,0.015
synthetic-battery-thermal-v1,synthetic,0,645.0,3070.050635465568,18.183858831389866,80.08655762181054,0.0,24.106519200185282,19.879939730097465,0.015,0.015
synthetic-battery-thermal-v1,synthetic,0,650.0,3318.303507152544,18.57070696792656,80.77843866128184,0.0,24.132661536055885,19.94334126400977,0.015,0.015
synthetic-battery-thermal-v1,synthetic,0,655.0,3654.4008274457406,18.931176172249998,84.22240711641926,0.0,24.171270915904216,19.986656430944315,0.015,0.015
synthetic-battery-thermal-v1,synthetic,0,660.0,4017.0503008487535,19.261567542531033,90.35700528855138,0.0,24.211579994323568,20.05854063350155,0.015,0.015
synthetic-battery-thermal-v1,synthetic,0,665.0,4340.117455756649,19.558490816219646,99.07276112796583,0.0,24.249103643974276,20.097647505441007,0.015,0.015
synthetic-battery-thermal-v1,synthetic,0,670.0,2464.686239204405,19.818899158726374,110.21414176522757,0.0,24.29475997590257,20.142061209469745,0.015,0.015
synthetic-battery-thermal-v1,synthetic,0,675.0,2549.8032266829073,20.04012042806834,123.58232899892103,0.0,24.301925259156672,20.197196951081946,0.015,0.015
synthetic-battery-thermal-v1,synthetic,0,680.0,2479.946082150486,20.21988459466186,138.93876721116203,0.0,24.331506224538078,20.274553123071012,0.015,0.015
synthetic-battery-thermal-v1,synthetic,0,685.0,2267.8542845815073,20.35634703489792,156.0094203982527,0.0,24.375860576661296,20.29992891890004,0.015,0.015
synthetic-battery-thermal-v1,synthetic,0,690.0,1952.2058963824625,20.448107459476503,174.48966234965854,0.0,24.357037261190722,20.328592752244795,0.015,0.015
synthetic-battery-thermal-v1,synthetic,0,695.0,1590.5640491653103,20.494224282269737,194.04971270995026,0.0,24.397946637251476,20.400270491257135,0.015,0.015
synthetic-battery-thermal-v1,synthetic,0,700.0,1248.879459062362,20.494224282269737,214.34052191706374,0.0,24.393574942920306,20.420762277615612,0.015,0.015
synthetic-battery-thermal-v1,synthetic,1,0.0,4424.28414459106,19.752092530187966,293.2116661958627,0.0,22.21391157722337,21.311353750859347,0.015,0.015
synthetic-battery-thermal-v1,synthetic,1,5.0,4686.090876766996,20.128142843137773,311.83944382181096,0.0,22.246375701720115,21.289369933552063,0.015,0.015
synthetic-battery-thermal-v1,synthetic,1,10.0,4819.131540149659,20.476198718749867,329.0960197523988,0.0,22.333668935455496,21.293874801265595,0.015,0.015
synthetic-battery-thermal-v1,synthetic,1,15.0,4799.144210704746,20.792688632745616,344.67344998132893,0.0,22.39371435283961,21.293101981267334,0.015,0.015
synthetic-battery-thermal-v1,synthetic,1,20.0,4629.77387227638,21.074364970328148,358.29375489713004,0.0,22.46209951206235,21.303404663791778,0.015,0.015
synthetic-battery-thermal-v1,synthetic,1,25.0,4341.907700109572,21.31833735110487,369.71387983590864,0.0,22.552893503891287,21.273733362648503,0.015,0.015
synthetic-battery-thermal-v1,synthetic,1,30.0,3988.0423296207314,21.52210228830164,378.7300323975843,0.0,22.58760813205639,21.33020890019989,0.015,0.015
synthetic-battery-thermal-v1,synthetic,1,35.0,3632.7103218996635,21.6835688779248,385.1813191260974,0.0,22.65037777202598,21.340899463409542,0.015,0.015
synthetic-battery-thermal-v1,synthetic,1,40.0,3340.7117009321805,21.80108025426561,388.9526166569438,0.0,22.668819909932655,21.37314309932095,0.015,0.015
synthetic-battery-thermal-v1,synthetic,1,45.0,3165.296715025126,21.873430591584516,389.9766260963419,0.0,22.765766780305004,21.368936026912618,0.015,0.015
synthetic-battery-thermal-v1,synthetic,1,50.0,3138.454869900626,21.899877477514973,388.23507397158625,0.0,22.794748227664513,21.411821270809735,0.015,0.015
synthetic-battery-thermal-v1,synthetic,1,55.0,3265.0811712719187,21.880149531218983,383.7590383216014,0.0,22.822321966221626,21.4259664618137,0.015,0.015
synthetic-battery-thermal-v1,synthetic,1,60.0,3522.083448471014,21.81444918812172,376.62839410860056,0.0,22.861521110235103,21.48565777476165,0.015,0.015
synthetic-battery-thermal-v1,synthetic,1,65.0,3862.5935518096308,21.703450622650127,366.97038784749276,0.0,22.9223834041565,21.515204874731165,0.015,0.015
synthetic-battery-thermal-v1,synthetic,1,70.0,4224.514449823397,21.548292830291004,354.95736688880993,0.0,22.98346215774349,21.51694298882713,0.015,0.015
synthetic-battery-thermal-v1,synthetic,1,75.0,4541.844537358106,21.350567939955997,340.8037038761535,0.0,23.049462397059635,21.535705220716,0.015,0.015
synthetic-battery-thermal-v1,synthetic,1,80.0,2656.7140001644025,21.112304876584467,324.76197126129085,0.0,23.097860482665855,21.540770601738643,0.015,0.015
synthetic-battery-thermal-v1,synthetic,1,85.0,2729.9382276777474,20.835948541628046,307.11843414276984,0.0,23.119807766334247,21.548053200331587,0.015,0.015
synthetic-battery-thermal-v1,synthetic,1,90.0,2648.163703760827,20.524334725053258,288.18794185845377,0.0,23.16804199260559,21.550940583330238,0.015,0.015
synthetic-battery-thermal-v1,synthetic,1,95.0,2426.303217006006,20.18066100629903,268.30830949162777,0.0,23.197974574942137,21.572810583274393,0.015,0.015
synthetic-battery-thermal-v1,synthetic,1,100.0,2104.8162941399087,19.808453942784624,247.8342895528352,0.0,23.23337144091483,21.591205640232577,0.015,0.015
synthetic-battery-thermal-v1,synthetic,1,105.0,1742.3308095453042,19.411532882658335,227.13124141292232,0.0,23.267691783787402,21.59274927254569,0.015,0.015
synthetic-battery-thermal-v1,synthetic,1,110.0,1404.9513290531327,18.993970773117066,206.56861145641017,0.0,23.23578702470863,21.580628807957744,0.015,0.015
synthetic-battery-thermal-v1,synthetic,1,115.0,1154.2039689522903,18.56005236645653,186.51334030201053,0.0,23.255575697090425,21.57218102102393,0.015,0.015
synthetic-battery-thermal-v1,synthetic,1,120.0,1035.816202692532,18.114230252714485,167.3233147385919,0.0,23.305744076872255,21.58681661584884,0.015,0.015
synthetic-battery-thermal-v1,synthetic,1,125.0,1071.377782749183,17.66107917007163,149.3409812269534,0.0,23.28066137122313,21.55881788867011,0.015,0.015
synthetic-battery-thermal-v1,synthetic,1,130.0,1254.403531343233,17.205249061847276,132.88723493461976,0.0,23.30019504219035,21.552478125195424,0.015,0.015
synthetic-battery-thermal-v1,synthetic,1,135.0,1551.5160081056574,16.751417361788498,118.25569335397415,0.0,23.30091431845825,21.57243768313314,0.015,0.015
synthetic-battery-thermal-v1,synthetic,1,140.0,1908.5323778222382,16.304240997270306,105.70745669115082,0.0,23.34402723896452,21.57454537830136,0.015,0.015
synthetic-battery-thermal-v1,synthetic,1,145.0,2260.345448294511,15.868308602918969,95.46644852667114,0.0,23.31337296905413,21.568430027066487,0.015,0.015
synthetic-battery-thermal-v1,synthetic,1,150.0,2542.7969255614653,15.448093435011305,87.71541989384421,0.0,23.375097080456687,21.56933175542704,0.015,0.015
synthetic-battery-thermal-v1,synthetic,1,155.0,2704.3776235548034,15.047907469812033,82.5926880822481,0.0,23.428692804487916,21.532082922998274,0.015,0.015
synthetic-battery-thermal-v1,synthetic,1,160.0,2715.6209226677956,14.671857156862226,80.18966836242053,0.0,23.42832794524485,21.57211190348446,0.015,0.015
synthetic-battery-thermal-v1,synthetic,1,165.0,2574.4764417460005,14.323801281250132,80.54924267819041,0.0,23.44624038058869,21.585395839042903,0.015,0.015
synthetic-battery-thermal-v1,synthetic,1,170.0,2306.683955283294,14.00731136725438,83.66499441737437,0.0,23.50597445898669,21.575080198953636,0.015,0.015
synthetic-battery-thermal-v1,synthetic,1,175.0,4061.0793665164747,13.725635029671851,89.48132291637306,0.0,23.5181721365771,21.572030058390332,0.015,0.015
synthetic-battery-thermal-v1,synthetic,1,180.0,3700.688761345679,13.481662648895126,97.89443565533062,0.0,23.595503366709778,21.558199217646884,0.015,0.015
synthetic-battery-thermal-v1,synthetic,1,185.0,3391.2346734911434,13.277897711698358,108.75420043810982,0.0,23.630013239166004,21.550583280470715,0.015,0.015
synthetic-battery-thermal-v1,synthetic,1,190.0,3189.1506126839217,13.116431122075198,121.86682450488962,0.0,23.655632558786134,21.532211074247098,0.015,0.015
synthetic-battery-thermal-v1,synthetic,1,195.0,3131.2895831648734,12.998919745734387,136.99831276855414,0.0,23.705076320775873,21.5233826566976,0.015,0.015
synthetic-battery-thermal-v1,synthetic,1,200.0,3228.20339568903,12.926569408415482,153.87864346256714,0.0,23.760017863711855,21.479674126552915,0.015,0.015
synthetic-battery-thermal-v1,synthetic,1,205.0,3462.218389455611,12.900122522485024,172.20658668579097,0.0,23.782003095427388,21.49002017536786,0.015,0.015
synthetic-battery-thermal-v1,synthetic,1,210.0,3790.658484405383,12.919850468781014,191.65507985721072,0.0,23.814830086575455,21.421898208776657,0.015,0.015
synthetic-battery-thermal-v1,synthetic,1,215.0,4153.627792838428,12.985550811878278,211.8770641554385,0.0,23.875762315898275,21.407649531854606,0.015,0.015
synthetic-battery-thermal-v1,synthetic,1,220.0,4484.933516522403,13.09654937734987,232.51167779160525,0.0,23.92475810358113,21.370391404712937,0.015,0.015
synthetic-battery-thermal-v1,synthetic,1,225.0,4724.157178160404,13.251707169708991,253.19069559652996,0.0,23.99388658082015,21.31394185439224,0.015,0.015
synthetic-battery-thermal-v1,synthetic,1,230.0,4827.67282040754,13.449432060044,273.5451000075893,0.0,24.048947020774865,21.283366288112997,0.015,0.015
synthetic-battery-thermal-v1,synthetic,1,235.0,4776.60284159898,13.68769512341553,293.2116661958626,0.0,24.09822419041931,21.162903346430944,0.015,0.015
synthetic-battery-thermal-v1,synthetic,1,240.0,4580.2606043923015,13.96405145837195,311.83944382181073,0.0,24.184738778724927,21.129197969154085,0.015,0.015
synthetic-battery-thermal-v1,synthetic,1,245.0,4274.4520069446025,14.275665274946737,329.0960197523987,0.0,24.2181719610446,21.09874672764676,0.015,0.015
synthetic-battery-thermal-v1,synthetic,1,250.0,3914.9457501302404,14.619338993700964,344.6734499813288,0.0,24.24326083357081,21.004674666149864,0.015,0.015
synthetic-battery-thermal-v1,synthetic,1,255.0,3567.3030937243375,14.99154605721537,358.29375489713004,0.0,24.28809391173892,20.958554599501433,0.015,0.015
synthetic-battery-thermal-v1,synthetic,1,260.0,3294.9217952722206,15.388467117341662,369.71387983590853,0.0,24.357821529807563,20.929328435717764,0.015,0.015
synthetic-battery-thermal-v1,synthetic,1,265.0,3147.474595448685,15.806029226882927,378.7300323975843,0.0,24.389964156941975,20.856467064526793,0.015,0.015
synthetic-battery-thermal-v1,synthetic,1,270.0,1051.8506623488993,16.239947633543466,385.1813191260974,0.0,24.38317708293689,20.840936962543797,0.015,0.015
synthetic-battery-thermal-v1,synthetic,1,275.0,1207.25195573462,16.685769747285516,388.9526166569438,0.0,24.41069785920166,20.816653227482536,0.015,0.015
synthetic-battery-thermal-v1,synthetic,1,280.0,1485.3387614230332,17.138920829928367,389.9766260963419,0.0,24.43046877983272,20.78896851188291,0.015,0.015
synthetic-battery-thermal-v1,synthetic,1,285.0,1835.3978554793784,17.59475093815272,388.23507397158625,0.0,24.437607996096357,20.775465414250856,0.015,0.015
synthetic-battery-thermal-v1,synthetic,1,290.0,2193.590807369951,18.0485826382115,383.75903832160145,0.0,24.44563295710288,20.75486615450894,0.015,0.015
synthetic-battery-thermal-v1,synthetic,1,295.0,2494.595857811319,18.49575900272969,376.62839410860056,0.0,24.451810214040403,20.770112274588683,0.015,0.015
synthetic-battery-thermal-v1,synthetic,1,300.0,2683.5203034595006,18.93169139708103,366.9703878474928,0.0,24.48812791012064,20.771097399387475,0.015,0.015
synthetic-battery-thermal-v1,synthetic,1,305.0,2725.9109896774503,19.351906564988692,354.9573668888099,0.0,24.507764301612998,20.790557289038713,0.015,0.015
synthetic-battery-thermal-v1,synthetic,1,310.0,2614.0373506168607,19.752092530187962,340.8037038761535,0.0,24.522923318187228,20.83160708334879,0.015,0.015
synthetic-battery-thermal-v1,synthetic,1,315.0,2368.301191735676,20.12814284313777,324.7619712612908,0.0,24.51783461051752,20.830626832477503,0.015,0.015
synthetic-battery-thermal-v1,synthetic,1,320.0,2033.5161201497042,20.476198718749863,307.11843414276984,0.0,24.544853682017507,20.851355817033962,0.015,0.015
synthetic-battery-thermal-v1,synthetic,1,325.0,1670.7351234802866,20.792688632745616,288.1879418584539,0.0,24.571271615027218,20.938273015662844,0.015,0.015
synthetic-battery-thermal-v1,synthetic,1,330.0,1346.1166585367155,21.074364970328144,268.30830949162805,0.0,24.586152365656744,20.974038026001296,0.015,0.015
synthetic-battery-thermal-v1,synthetic,1,335.0,1118.8596825125514,21.31833735110487,247.83428955283537,0.0,24.610982178424845,21.037402744170222,0.015,0.015
synthetic-battery-thermal-v1,synthetic,1,340.0,1030.4078514177204,21.52210228830164,227.13124141292235,0.0,24.59457046097897,21.085665057384745,0.015,0.015
synthetic-battery-thermal-v1,synthetic,1,345.0,1096.8916591339719,21.6835688779248,206.5686114564101,0.0,24.59682253903448,21.1013241432131,0.015,0.015
synthetic-battery-thermal-v1,synthetic,1,350.0,1306.1868043288323,21.801080254265607,186.51334030201082,0.0,24.587582706298786,21.140182902047947,0.015,0.015
synthetic-battery-thermal-v1,synthetic,1,355.0,1620.1252353378297,21.873430591584516,167.32331473859193,0.0,24.58761799187553,21.204994676760528,0.015,0.015
synthetic-battery-thermal-v1,synthetic,1,360.0,1981.455656422302,21.899877477514973,149.34098122695332,900.0,24.622386283895253,21.283259779264853,0.015,0.015
synthetic-battery-thermal-v1,synthetic,1,365.0,4424.284144591063,21.880149531218983,132.88723493461958,900.0,24.604635464582465,21.347452587701873,0.015,0.015
synthetic-battery-thermal-v1,synthetic,1,370.0,4686.090876766993,21.814449188121717,118.25569335397427,900.0,24.662117009758465,21.430896522414052,0.015,0.015
synthetic-battery-thermal-v1,synthetic,1,375.0,4819.131540149658,21.703450622650127,105.70745669115084,900.0,24.732216079562075,21.47708003404832,0.015,0.015
synthetic-battery-thermal-v1,synthetic,1,380.0,4799.144210704747,21.548292830291004,95.46644852667109,900.0,24.8066884721743,21.574865618658855,0.015,0.015
synthetic-battery-thermal-v1,synthetic,1,385.0,4629.77387227638,21.350567939955997,87.71541989384411,900.0,24.843127351774555,21.645996026684656,0.015,0.015
synthetic-battery-thermal-v1,synthetic,1,390.0,4341.907700109576,21.112304876584467,82.59268808224815,900.0,24.897215413430754,21.74530225800813,0.015,0.015
synthetic-battery-thermal-v1,synthetic,1,395.0,3988.0423296207364,20.835948541628046,80.18966836242053,900.0,24.955816826263394,21.819358414211344,0.015,0.015
synthetic-battery-thermal-v1,synthetic,1,400.0,3632.710321899665,20.524334725053254,80.54924267819042,900.0,25.01045546104238,21.90835209481646,0.015,0.015
synthetic-battery-thermal-v1,synthetic,1,405.0,3340.7117009321832,20.180661006299026,83.6649944173743,900.0,25.040996165292317,21.93882477053228,0.015,0.015
synthetic-battery-thermal-v1,synthetic,1,410.0,3165.296715025128,19.808453942784624,89.48132291637305,900.0,25.09897340602507,22.026393964072057,0.015,0.015
synthetic-battery-thermal-v1,synthetic,1,415.0,3138.4548699006255,19.411532882658335,97.89443565533061,900.0,25.13400327574824,22.10496916808705,0.015,0.015
synthetic-battery-thermal-v1,synthetic,1,420.0,3265.081171271916,18.993970773117063,108.75420043810996,900.0,25.14937983273232,22.169162860226916,0.015,0.015
synthetic-battery-thermal-v1,synthetic,1,425.0,3522.0834484710085,18.560052366456528,121.86682450488941,900.0,25.216730168139996,22.25595631575934,0.015,0.015
synthetic-battery-thermal-v1,synthetic,1,430.0,3862.5935518096276,18.114230252714485,136.99831276855414,900.0,25.228628390003824,22.283449142234424,0.015,0.015
synthetic-battery-thermal-v1,synthetic,1,435.0,4224.514449823391,17.661079170071623,153.87864346256708,900.0,25.289085272942845,22.31914030615386,0.015,0.015
synthetic-battery-thermal-v1,synthetic,1,440.0,4541.844537358104,17.205249061847272,172.2065866857912,900.0,25.328799621585084,22.375882248674436,0.015,0.015
synthetic-battery-thermal-v1,synthetic,1,445.0,4756.714000164401,16.751417361788494,191.6550798572104,900.0,25.38415343449874,22.401017051131124,0.015,0.015
synthetic-battery-thermal-v1,synthetic,1,450.0,4829.938227677748,16.304240997270306,211.87706415543843,900.0,25.41441592722835,22.411650724146316,0.015,0.015
synthetic-battery-thermal-v1,synthetic,1,455.0,4748.163703760829,15.868308602918962,232.51167779160522,900.0,25.481290520483366,22.45633434269053,0.015,0.015
synthetic-battery-thermal-v1,synthetic,1,460.0,2426.3032170060055,15.448093435011302,253.19069559653022,900.0,25.55203048178375,22.503369728830023,0.015,0.015
synthetic-battery-thermal-v1,synthetic,1,465.0,2104.816294139917,15.047907469812031,273.54510000758904,900.0,25.596004296650577,22.461161740576912,0.015,0.015
synthetic-battery-thermal-v1,synthetic,1,470.0,1742.330809545308,14.671857156862226,293.21166619586256,900.0,25.60264803825161,22.46032677571121,0.015,0.015
synthetic-battery-thermal-v1,synthetic,1,475.0,1404.9513290531336,14.323801281250127,311.83944382181096,900.0,25.605571286745665,22.449644371538948,0.015,0.015
synthetic-battery-thermal-v1,synthetic,1,480.0,1154.2039689522956,14.007311367254381,329.09601975239855,0.0,25.62627392490552,22.41211396987084,0.015,0.015
synthetic-battery-thermal-v1,synthetic,1,485.0,1035.8162026925324,13.72563502967185,344.6734499813288,0.0,25.636130007402524,22.322797262007093,0.015,0.015
synthetic-battery-thermal-v1,synthetic,1,490.0,1071.3777827491826,13.481662648895128,358.29375489713,0.0,25.621299800081548,22.29408445132865,0.015,0.015
synthetic-battery-thermal-v1,synthetic,1,495.0,1254.4035313432303,13.277897711698355,369.71387983590864,0.0,25.62573852542152,22.185495547797558,0.015,0.015
synthetic-battery-thermal-v1,synthetic,1,500.0,1551.5160081056522,13.116431122075198,378.7300323975842,0.0,25.627313268418582,22.0767306882456,0.015,0.015
synthetic-battery-thermal-v1,synthetic,1,505.0,1908.5323778222357,12.998919745734387,385.1813191260974,0.0,25.632693705483064,21.966282903011052,0.015,0.015
synthetic-battery-thermal-v1,synthetic,1,510.0,2260.345448294507,12.926569408415482,388.9526166569438,0.0,25.63439024743299,21.87470214141634,0.015,0.015
synthetic-battery-thermal-v1,synthetic,1,515.0,2542.796925561465,12.900122522485024,389.9766260963419,0.0,25.65067130681731,21.77808615153821,0.015,0.015
synthetic-battery-thermal-v1,synthetic,1,520.0,2704.3776235548025,12.919850468781014,388.2350739715863,0.0,25.700839897570592,21.675753777371074,0.015,0.015
synthetic-battery-thermal-v1,synthetic,1,525.0,2715.620922667797,12.98555081187828,383.75903832160145,0.0,25.703299554100774,21.583294342853108,0.015,0.015
synthetic-battery-thermal-v1,synthetic,1,530.0,2574.476441746001,13.09654937734987,376.62839410860056,0.0,25.72564415801357,21.502459947290454,0.015,0.015
synthetic-battery-thermal-v1,synthetic,1,535.0,2306.683955283297,13.251707169708993,366.97038784749265,0.0,25.72285060842114,21.402491177414632,0.015,0.015
synthetic-battery-thermal-v1,synthetic,1,540.0,1961.0793665164804,13.449432060044002,354.9573668888101,0.0,25.735998292694138,21.31256468071208,0.015,0.015
synthetic-battery-thermal-v1,synthetic,1,545.0,1600.68876134568,13.68769512341553,340.8037038761536,0.0,25.796227084129978,21.285200974720272,0.015,0.015
synthetic-battery-thermal-v1,synthetic,1,550.0,1291.2346734911466,13.964051458371955,324.7619712612908,0.0,25.769098310151552,21.19601517808531,0.015,0.015
synthetic-battery-thermal-v1,synthetic,1,555.0,3189.150612683922,14.275665274946743,307.11843414276996,0.0,25.734598945133083,21.16758709869386,0.015,0.015
synthetic-battery-thermal-v1,synthetic,1,560.0,3131.289583164873,14.61933899370097,288.18794185845394,0.0,25.84311808842229,21.15001031937211,0.015,0.015
synthetic-battery-thermal-v1,synthetic,1,565.0,3228.203395689027,14.991546057215372,268.3083094916278,0.0,25.825018411748186,21.12908614048036,0.015,0.015
synthetic-battery-thermal-v1,synthetic,1,570.0,3462.21838945561,15.388467117341667,247.83428955283514,0.0,25.837851700870864,21.106843005389372,0.015,0.015
synthetic-battery-thermal-v1,synthetic,1,575.0,3790.658484405379,15.806029226882925,227.13124141292266,0.0,25.8939851964346,21.109287796074696,0.015,0.015
synthetic-battery-thermal-v1,synthetic,1,580.0,4153.627792838422,16.23994763354347,206.5686114564104,0.0,25.940415640323828,21.12447082769176,0.015,0.015
synthetic-battery-thermal-v1,synthetic,1,585.0,4484.9335165224,16.685769747285512,186.5133403020106,0.0,25.98001629233183,21.126382691217714,0.015,0.015
synthetic-battery-thermal-v1,synthetic,1,590.0,4724.157178160405,17.138920829928374,167.32331473859148,0.0,26.029808860370803,21.186382122461406,0.015,0.015
synthetic-battery-thermal-v1,synthetic,1,595.0,4827.672820407539,17.594750938152714,149.3409812269536,0.0,26.051669857323603,21.18078940661875,0.015,0.015
synthetic-battery-thermal-v1,synthetic,1,600.0,4776.602841598981,18.048582638211503,132.8872349346196,0.0,26.137628535301083,21.22935940824742,0.015,0.015
synthetic-battery-thermal-v1,synthetic,1,605.0,4580.260604392301,18.49575900272969,118.25569335397411,0.0,26.18918577283345,21.26873203288376,0.015,0.015
synthetic-battery-thermal-v1,synthetic,1,610.0,4274.452006944606,18.931691397081035,105.70745669115057,0.0,26.23748287622215,21.324573664680994,0.015,0.015
synthetic-battery-thermal-v1,synthetic,1,615.0,3914.9457501302445,19.35190656498869,95.46644852667099,0.0,26.262424572526047,21.396526149968746,0.015,0.015
synthetic-battery-thermal-v1,synthetic,1,620.0,3567.3030937243384,19.752092530187966,87.71541989384414,0.0,26.29060525726868,21.41183131727593,0.015,0.015
synthetic-battery-thermal-v1,synthetic,1,625.0,3294.921795272223,20.12814284313777,82.59268808224809,0.0,26.32158559998171,21.487387892422134,0.015,0.015
synthetic-battery-thermal-v1,synthetic,1,630.0,3147.4745954486852,20.47619871874987,80.1896683624205,0.0,26.333082934552607,21.54602814534008,0.015,0.015
synthetic-battery-thermal-v1,synthetic,1,635.0,3151.850662348898,20.79268863274562,80.54924267819044,0.0,26.374632359052754,21.610331914390887,0.015,0.015
synthetic-battery-thermal-v1,synthetic,1,640.0,3307.2519557346177,21.074364970328148,83.6649944173744,0.0,26.373147280259715,21.63845429080969,0.015,0.015
synthetic-battery-thermal-v1,synthetic,1,645.0,3585.3387614230323,21.318337351104873,89.48132291637313,0.0,26.412603609163995,21.695302845187207,0.015,0.015
synthetic-battery-thermal-v1,synthetic,1,650.0,1835.3978554793684,21.52210228830164,97.8944356553306,0.0,26.474796354492614,21.762659155973132,0.015,0.015
synthetic-battery-thermal-v1,synthetic,1,655.0,2193.5908073699475,21.6835688779248,108.7542004381101,0.0,26.47405655670458,21.8207724566905,0.015,0.015
synthetic-battery-thermal-v1,synthetic,1,660.0,2494.5958578113123,21.801080254265607,121.86682450488937,0.0,26.493339183168995,21.865572632620776,0.015,0.015
synthetic-battery-thermal-v1,synthetic,1,665.0,2683.5203034594997,21.873430591584516,136.9983127685543,0.0,26.518084550996665,21.947849361103756,0.015,0.015
synthetic-battery-thermal-v1,synthetic,1,670.0,2725.9109896774507,21.899877477514973,153.87864346256708,0.0,26.533492169920493,22.003002728452465,0.015,0.015
synthetic-battery-thermal-v1,synthetic,1,675.0,2614.03735061686,21.880149531218983,172.20658668579142,0.0,26.553203139607696,22.08122612543226,0.015,0.015
synthetic-battery-thermal-v1,synthetic,1,680.0,2368.301191735682,21.81444918812172,191.65507985721092,0.0,26.566952132510444,22.101075000088635,0.015,0.015
synthetic-battery-thermal-v1,synthetic,1,685.0,2033.516120149711,21.703450622650127,211.8770641554387,0.0,26.572892614540653,22.143614435371404,0.015,0.015
synthetic-battery-thermal-v1,synthetic,1,690.0,1670.7351234802818,21.548292830291004,232.51167779160573,0.0,26.576560458402742,22.196989396745707,0.015,0.015
synthetic-battery-thermal-v1,synthetic,1,695.0,1346.1166585367187,21.350567939955997,253.1906955965299,0.0,26.59988229616989,22.26362467995537,0.015,0.015
synthetic-battery-thermal-v1,synthetic,1,700.0,1118.8596825125546,21.11230487658447,273.545100007589,0.0,26.602696430426302,22.29166451829603,0.015,0.015
synthetic-battery-thermal-v1,synthetic,2,0.0,4917.526256052221,22.81043312027646,342.9009619872403,0.0,24.413502768460297,23.5893326620968,0.015,0.015
synthetic-battery-thermal-v1,synthetic,2,5.0,5009.305012272252,22.996359897968738,356.76987412013153,0.0,24.468440237362845,23.567563685067924,0.015,0.015
synthetic-battery-thermal-v1,synthetic,2,10.0,4946.2004932155105,23.13922634452562,368.4657999645671,0.0,24.550966367749126,23.582562347040263,0.015,0.015
synthetic-battery-thermal-v1,synthetic,2,15.0,4739.7207371662935,23.237566456876245,377.7800254467715,0.0,24.591656166068656,23.583882740593236,0.015,0.015
synthetic-battery-thermal-v1,synthetic,2,20.0,4427.52036812086,23.290371132392455,384.5463379923567,0.0,24.68452558829495,23.57870294266906,0.015,0.015
synthetic-battery-thermal-v1,synthetic,2,25.0,4066.5337206252952,23.297098523647318,388.6439925936497,0.0,24.745661540575483,23.57906291132991,0.015,0.015
synthetic-battery-thermal-v1,synthetic,2,30.0,3722.592025494674,23.25767959850294,389.9998665072153,0.0,24.819366753478683,23.628875857004623,0.015,0.015
synthetic-battery-thermal-v1,synthetic,2,35.0,3458.4181154879284,23.17251884847363,388.5897641309447,0.0,24.846623893719162,23.62464818430061,0.015,0.015
synthetic-battery-thermal-v1,synthetic,2,40.0,3322.1879931404123,23.042490138095598,384.43884877514824,0.0,24.86115993949762,23.60988650163808,0.015,0.015
synthetic-battery-thermal-v1,synthetic,2,45.0,3338.7452272944756,22.868927737894282,377.62119362268726,0.0,24.937561407344,23.61750037169615,0.015,0.015
synthetic-battery-thermal-v1,synthetic,2,50.0,3505.070362491538,22.653612632963195,368.25845989127055,0.0,24.99742299957781,23.667661475777894,0.015,0.015
synthetic-battery-thermal-v1,synthetic,2,55.0,3790.8315611374082,22.398754247646828,356.51772578614265,0.0,25.016135314581117,23.626646739352424,0.015,0.015
synthetic-battery-thermal-v1,synthetic,2,60.0,4143.916060733635,22.106967773857022,342.6085049855527,0.0,25.088519771304398,23.662068478293158,0.015,0.015
synthetic-battery-thermal-v1,synthetic,2,65.0,2399.9337034962537,21.78124733566505,326.77900786420275,0.0,25.122971000779046,23.637500814567293,0.015,0.015
synthetic-battery-thermal-v1,synthetic,2,70.0,2693.959429793429,21.424935265536927,309.311712173231,0.0,25.198250477129182,23.602182136466823,0.015,0.015
synthetic-battery-thermal-v1,synthetic,2,75.0,2872.3733188116707,21.041687807479452,290.5183222180508,0.0,25.1856314343089,23.611043420127576,0.015,0.015
synthetic-battery-thermal-v1,synthetic,2,80.0,2902.6389706867185,20.635437599028954,270.734206487636,0.0,25.23346403383423,23.617722422956614,0.015,0.015
synthetic-battery-thermal-v1,synthetic,2,85.0,2779.2369981277175,20.210353317068513,250.31241299589027,0.0,25.281565874476687,23.565283405321114,0.015,0.015
synthetic-battery-thermal-v1,synthetic,2,90.0,2524.6715679644585,19.770796901561972,229.6173691314751,0.0,25.32024572898199,23.56845385060295,0.015,0.015
synthetic-battery-thermal-v1,synthetic,2,95.0,2185.3664349448864,19.321278796147308,209.01837844242564,0.0,25.362127179138838,23.55236181203671,0.015,0.015
synthetic-battery-thermal-v1,synthetic,2,100.0,1823.1988864521165,18.866411664881255,188.88303040558714,0.0,25.35861127429627,23.554601180115544,0.015,0.015
synthetic-battery-thermal-v1,synthetic,2,105.0,1504.2155079872132,18.410863060064177,169.57064078369223,0.0,25.39908628530306,23.538519604196974,0.015,0.015
synthetic-battery-thermal-v1,synthetic,2,110.0,1286.5876157458888,17.959307526837257,151.42583962706263,0.0,25.376854510838445,23.526271758407372,0.015,0.015
synthetic-battery-thermal-v1,synthetic,2,115.0,1210.0028605189214,17.516378636023667,134.7724213421967,0.0,25.3976969730552,23.50961179595287,0.015,0.015
synthetic-battery-thermal-v1,synthetic,2,120.0,1288.4276001570506,17.086621437421716,119.9075665729148,0.0,25.401664665531925,23.502411220538985,0.015,0.015
synthetic-battery-thermal-v1,synthetic,2,125.0,1507.5599285578003,16.674445821443456,107.09653900472946,0.0,25.42182886264231,23.468004656163235,0.015,0.015
synthetic-battery-thermal-v1,synthetic,2,130.0,1827.4378388434175,16.284081267671557,96.56795172809407,0.0,25.458775879251466,23.48428598603188,0.015,0.015
synthetic-battery-thermal-v1,synthetic,2,135.0,2189.72688376841,15.91953344467536,88.50968763238681,0.0,25.457753663023322,23.497574176640214,0.015,0.015
synthetic-battery-thermal-v1,synthetic,2,140.0,2528.3583211682294,15.584543106430827,83.06554663129965,0.0,25.484631341168125,23.472838443547673,0.015,0.015
synthetic-battery-thermal-v1,synthetic,2,145.0,2781.577721976402,15.282547707122703,80.3326795499709,0.0,25.524559487584845,23.460534945768398,0.015,0.015
synthetic-battery-thermal-v1,synthetic,2,150.0,2903.2067997185995,15.016646128212962,80.35985446620978,0.0,25.56057195823892,23.45959293586488,0.015,0.015
synthetic-battery-thermal-v1,synthetic,2,155.0,2871.06470104132,14.789566879723543,83.14658644299226,0.0,25.581994934350934,23.48533209405255,0.015,0.015
synthetic-battery-thermal-v1,synthetic,2,160.0,4791.013010941086,14.603640102031264,88.64314618217361,0.0,25.606571293697947,23.424677148784962,0.015,0.015
synthetic-battery-thermal-v1,synthetic,2,165.0,4495.886806426608,14.46077365547438,96.75144744499227,0.0,25.709274839378597,23.49285683193885,0.015,0.015
synthetic-battery-thermal-v1,synthetic,2,170.0,4139.506696719194,14.362433543123757,107.3267974033242,0.0,25.73718161083902,23.41657401741998,0.015,0.015
synthetic-battery-thermal-v1,synthetic,2,175.0,3786.8638426355064,14.309628867607547,120.18047868662799,0.0,25.791053460609497,23.428745617871613,0.015,0.015
synthetic-battery-thermal-v1,synthetic,2,180.0,3502.267861396924,14.302901476352684,135.083117047894,0.0,25.839678160727804,23.399411547263128,0.015,0.015
synthetic-battery-thermal-v1,synthetic,2,185.0,3337.619020949482,14.342320401497062,151.76877455251508,0.0,25.893439761836557,23.402147410230533,0.015,0.015
synthetic-battery-thermal-v1,synthetic,2,190.0,3322.943461855799,14.427481151526372,169.93969524703107,0.0,25.90176861479826,23.377686515223047,0.015,0.015
synthetic-battery-thermal-v1,synthetic,2,195.0,3460.917488418925,14.557509861904403,189.27161862117077,0.0,25.99389364885619,23.337366869957386,0.015,0.015
synthetic-battery-thermal-v1,synthetic,2,200.0,3726.379505183246,14.731072262105723,209.41956604434145,0.0,25.998733864805338,23.295117741084436,0.015,0.015
synthetic-battery-thermal-v1,synthetic,2,205.0,4070.9186043783748,14.946387367036806,230.02399691746228,0.0,26.057385449029788,23.229105778546383,0.015,0.015
synthetic-battery-thermal-v1,synthetic,2,210.0,4431.703007817255,15.201245752353172,250.71722468347497,0.0,26.099818773746193,23.2031396703102,0.015,0.015
synthetic-battery-thermal-v1,synthetic,2,215.0,4742.938366866652,15.493032226142976,271.12997820266287,0.0,26.1793072263374,23.157417260061532,0.015,0.015
synthetic-battery-thermal-v1,synthetic,2,220.0,4947.866330763344,15.818752664334955,290.89799140488935,0.0,26.235099501171135,23.092785490648318,0.015,0.015
synthetic-battery-thermal-v1,synthetic,2,225.0,5009.115267660719,16.175064734463074,309.66850362624734,0.0,26.279998379853748,23.063026694053665,0.015,0.015
synthetic-battery-thermal-v1,synthetic,2,230.0,4915.515532005284,16.55831219252055,327.10655463146554,0.0,26.319688539633667,23.010740704766796,0.015,0.015
synthetic-battery-thermal-v1,synthetic,2,235.0,4684.136413879962,16.964562400971044,342.90096198724024,0.0,26.410529385583512,22.95538428049125,0.015,0.015
synthetic-battery-thermal-v1,synthetic,2,240.0,4357.17330260669,17.389646682931485,356.76987412013136,900.0,26.42259347817262,22.915763544970794,0.015,0.015
synthetic-battery-thermal-v1,synthetic,2,245.0,3994.252736162912,17.829203098438025,368.46579996456705,900.0,26.48466762077762,22.909632468370887,0.015,0.015
synthetic-battery-thermal-v1,synthetic,2,250.0,3661.558623961496,18.27872120385269,377.78002544677145,900.0,26.54148225675517,22.892710644449075,0.015,0.015
synthetic-battery-thermal-v1,synthetic,2,255.0,1319.7626363899572,18.733588335118743,384.54633799235665,900.0,26.557749341900124,22.934698577345586,0.015,0.015
synthetic-battery-thermal-v1,synthetic,2,260.0,1212.9598323055013,19.189136939935825,388.64399259364967,900.0,26.577805258167807,22.90447698196657,0.015,0.015
synthetic-battery-thermal-v1,synthetic,2,265.0,1260.6272757385022,19.640692473162744,389.9998665072153,900.0,26.5995151227096,22.9688853757537,0.015,0.015
synthetic-battery-thermal-v1,synthetic,2,270.0,1454.072106460544,20.08362136397633,388.5897641309447,900.0,26.57994129736177,22.97353748860868,0.015,0.015
synthetic-battery-thermal-v1,synthetic,2,275.0,1758.0168110522393,20.513378562578293,384.43884877514824,900.0,26.60913882696197,23.03372315109808,0.015,0.015
synthetic-battery-thermal-v1,synthetic,2,280.0,2117.032596947951,20.925554178556546,377.6211936226873,900.0,26.643028951244013,23.076552298625447,0.015,0.015
synthetic-battery-thermal-v1,synthetic,2,285.0,2465.647648966906,21.315918732328445,368.2584598912706,900.0,26.629372216622333,23.11577709883673,0.015,0.015
synthetic-battery-thermal-v1,synthetic,2,290.0,2740.2868789049026,21.68046655532464,356.51772578614276,900.0,26.65749908526461,23.181484463512433,0.015,0.015
synthetic-battery-thermal-v1,synthetic,2,295.0,2890.865779031933,22.015456893569176,342.6085049855527,900.0,26.690018940516666,23.223304418008404,0.015,0.015
synthetic-battery-thermal-v1,synthetic,2,300.0,2889.9240695871895,22.3174522928773,326.7790078642028,900.0,26.693136661354178,23.287426573015676,0.015,0.015
synthetic-battery-thermal-v1,synthetic,2,305.0,2737.6334851548963,22.58335387178704,309.31171217323094,900.0,26.740096965129517,23.38425718959042,0.015,0.015
synthetic-battery-thermal-v1,synthetic,2,310.0,2461.766456334022,22.810433120276457,290.5183222180509,900.0,26.747784600734118,23.42542382037438,0.015,0.015
synthetic-battery-thermal-v1,synthetic,2,315.0,2112.6313980606046,22.996359897968738,270.73420648763596,900.0,26.78182562831806,23.500131463155906,0.015,0.015
synthetic-battery-thermal-v1,synthetic,2,320.0,1753.898229336608,23.13922634452562,250.31241299589038,900.0,26.808774197570614,23.54327157615899,0.015,0.015
synthetic-battery-thermal-v1,synthetic,2,325.0,1450.9872259399099,23.237566456876245,229.61736913147536,900.0,26.79428602779622,23.639021908618748,0.015,0.015
synthetic-battery-thermal-v1,synthetic,2,330.0,1259.1386698016545,23.290371132392455,209.01837844242604,900.0,26.779759874423693,23.70986810672353,0.015,0.015
synthetic-battery-thermal-v1,synthetic,2,335.0,1213.3389701652268,23.297098523647318,188.88303040558736,900.0,26.806103283827728,23.794226354977983,0.015,0.015
synthetic-battery-thermal-v1,synthetic,2,340.0,1321.9403766746082,23.25767959850294,169.57064078369234,900.0,26.841398986643927,23.865482039671875,0.015,0.015
synthetic-battery-thermal-v1,synthetic,2,345.0,1565.137823662244,23.17251884847363,151.4258396270626,900.0,26.816061294658443,23.938989964207586,0.015,0.015
synthetic-battery-thermal-v1,synthetic,2,350.0,3998.580675509457,23.042490138095598,134.772421342197,900.0,26.858050384394918,23.99456305564602,0.015,0.015
synthetic-battery-thermal-v1,synthetic,2,355.0,4361.460718128894,22.868927737894282,119.90756657291487,900.0,26.87657556779273,24.08560954488535,0.015,0.015
synthetic-battery-thermal-v1,synthetic,2,360.0,4687.601432223782,22.653612632963195,107.09653900472948,0.0,26.94042061701809,24.154102526140427,0.015,0.015
synthetic-battery-thermal-v1,synthetic,2,365.0,4917.526256052221,22.39875424764683,96.56795172809395,0.0,27.002050959579343,24.183141995672656,0.015,0.015
synthetic-battery-thermal-v1,synthetic,2,370.0,5009.305012272252,22.106967773857026,88.50968763238691,0.0,27.048589836154804,24.20054785154766,0.015,0.015
synthetic-battery-thermal-v1,synthetic,2,375.0,4946.2004932155105,21.781247335665046,83.06554663129965,0.0,27.124055746752056,24.21043062900276,0.015,0.015
synthetic-battery-thermal-v1,synthetic,2,380.0,4739.7207371662935,21.42493526553693,80.3326795499709,0.0,27.16575073225713,24.266572812203524,0.015,0.015
synthetic-battery-thermal-v1,synthetic,2,385.0,4427.520368120858,21.041687807479452,80.35985446620981,0.0,27.24264331909568,24.267976113053304,0.015,0.015
synthetic-battery-thermal-v1,synthetic,2,390.0,4066.533720625295,20.635437599028958,83.14658644299219,0.0,27.300297711203786,24.326250086863077,0.015,0.015
synthetic-battery-thermal-v1,synthetic,2,395.0,3722.592025494675,20.210353317068517,88.6431461821736,0.0,27.315768306307437,24.3113416443584,0.015,0.015
synthetic-battery-thermal-v1,synthetic,2,400.0,3458.418115487927,19.770796901561976,96.7514474449924,0.0,27.379057539805903,24.37792335664072,0.015,0.015
synthetic-battery-thermal-v1,synthetic,2,405.0,3322.1879931404123,19.32127879614731,107.32679740332404,0.0,27.43596591454878,24.386678927479394,0.015,0.015
synthetic-battery-thermal-v1,synthetic,2,410.0,3338.745227294475,18.86641166488126,120.18047868662795,0.0,27.45129898996606,24.373599297033373,0.015,0.015
synthetic-battery-thermal-v1,synthetic,2,415.0,3505.0703624915386,18.410863060064184,135.08311704789398,0.0,27.511947890595618,24.401611282076637,0.015,0.015
synthetic-battery-thermal-v1,synthetic,2,420.0,3790.8315611374073,17.959307526837257,151.76877455251525,0.0,27.5526927485635,24.402443065071832,0.015,0.015
synthetic-battery-thermal-v1,synthetic,2,425.0,4143.916060733633,17.51637863602367,169.93969524703078,0.0,27.59203937547911,24.40541682380948,0.015,0.015
synthetic-battery-thermal-v1,synthetic,2,430.0,4499.933703496254,17.086621437421716,189.27161862117077,0.0,27.648085147343263,24.405370693721117,0.015,0.015
synthetic-battery-thermal-v1,synthetic,2,435.0,4793.959429793427,16.674445821443456,209.41956604434142,0.0,27.66580545884455,24.34149678663657,0.015,0.015
synthetic-battery-thermal-v1,synthetic,2,440.0,4972.373318811671,16.284081267671557,230.0239969174625,0.0,27.762948880350564,24.3661235986734,0.015,0.015
synthetic-battery-thermal-v1,synthetic,2,445.0,2902.6389706867185,15.919533444675363,250.71722468347465,0.0,27.792757095010728,24.284305141053938,0.015,0.015
synthetic-battery-thermal-v1,synthetic,2,450.0,2779.236998127719,15.58454310643083,271.12997820266276,0.0,27.837905889271294,24.280703087717093,0.015,0.015
synthetic-battery-thermal-v1,synthetic,2,455.0,2524.671567964458,15.282547707122704,290.8979914048893,0.0,27.889538549059377,24.219360044114136,0.015,0.015
synthetic-battery-thermal-v1,synthetic,2,460.0,2185.366434944882,15.016646128212964,309.66850362624757,0.0,27.878932799683334,24.133794257245313,0.015,0.015
synthetic-battery-thermal-v1,synthetic,2,465.0,1823.1988864521204,14.789566879723544,327.1065546314653,0.0,27.901087256197236,24.069611838324278,0.015,0.015
synthetic-battery-thermal-v1,synthetic,2,470.0,1504.2155079872127,14.603640102031266,342.9009619872402,0.0,27.89620899181897,24.023979534538135,0.015,0.015
synthetic-battery-thermal-v1,synthetic,2,475.0,1286.5876157458874,14.46077365547438,356.76987412013153,0.0,27.943490572782217,23.922838059678355,0.015,0.015
synthetic-battery-thermal-v1,synthetic,2,480.0,1210.0028605189214,14.362433543123759,368.4657999645669,0.0,27.90446646471028,23.825975171382456,0.015,0.015
synthetic-battery-thermal-v1,synthetic,2,485.0,1288.427600157051,14.309628867607547,377.7800254467714,0.0,27.927858309326957,23.723548548897476,0.015,0.015
synthetic-battery-thermal-v1,synthetic,2,490.0,1507.559928557803,14.302901476352684,384.54633799235665,0.0,27.93775174527053,23.628369586489107,0.015,0.015
synthetic-battery-thermal-v1,synthetic,2,495.0,1827.437838843418,14.342320401497062,388.6439925936497,0.0,27.933728350161207,23.53034769063988,0.015,0.015
synthetic-battery-thermal-v1,synthetic,2,500.0,2189.726883768409,14.42748115152637,389.9998665072153,0.0,27.935753595569647,23.39791206415411,0.015,0.015
synthetic-battery-thermal-v1,synthetic,2,505.0,2528.358321168231,14.557509861904403,388.5897641309447,0.0,27.944933375659716,23.323965800469786,0.015,0.015
synthetic-battery-thermal-v1,synthetic,2,510.0,2781.5777219764022,14.73107226210572,384.43884877514824,0.0,27.94217847633354,23.270695135033247,0.015,0.015
synthetic-battery-thermal-v1,synthetic,2,515.0,2903.2067997186,14.946387367036806,377.6211936226872,0.0,28.00837745719802,23.18610740105724,0.015,0.015
synthetic-battery-thermal-v1,synthetic,2,520.0,2871.0647010413195,15.20124575235317,368.2584598912707,0.0,28.008729416010056,23.114670822958328,0.015,0.015
synthetic-battery-thermal-v1,synthetic,2,525.0,2691.0130109410866,15.493032226142976,356.5177257861428,0.0,28.026634591546557,23.035668212063555,0.015,0.015
synthetic-battery-thermal-v1,synthetic,2,530.0,2395.886806426605,15.818752664334948,342.6085049855527,0.0,28.028503751861926,22.987105707596207,0.015,0.015
synthetic-battery-thermal-v1,synthetic,2,535.0,2039.5066967191942,16.17506473446307,326.77900786420264,0.0,28.059479476285095,22.920929242292928,0.015,0.015
synthetic-battery-thermal-v1,synthetic,2,540.0,3786.8638426355074,16.55831219252055,309.31171217323123,0.0,28.065830970394234,22.909571757457403,0.015,0.015
synthetic-battery-thermal-v1,synthetic,2,545.0,3502.267861396923,16.96456240097104,290.5183222180509,0.0,28.12789406625175,22.905370787364575,0.015,0.015
synthetic-battery-thermal-v1,synthetic,2,550.0,3337.6190209494825,17.38964668293149,270.734206487636,0.0,28.130884463797678,22.88783474235476,0.015,0.015
synthetic-battery-thermal-v1,synthetic,2,555.0,3322.943461855799,17.829203098438025,250.3124129958904,0.0,28.15849519690326,22.88361060652646,0.015,0.015
synthetic-battery-thermal-v1,synthetic,2,560.0,3460.9174884189247,18.27872120385269,229.61736913147539,0.0,28.168382664511032,22.896636614492497,0.015,0.015
synthetic-battery-thermal-v1,synthetic,2,565.0,3726.3795051832426,18.733588335118743,209.01837844242579,0.0,28.202240190559547,22.901266836312654,0.015,0.015
synthetic-battery-thermal-v1,synthetic,2,570.0,4070.9186043783766,19.189136939935825,188.88303040558716,0.0,28.253900348099585,22.95498013641171,0.015,0.015
synthetic-battery-thermal-v1,synthetic,2,575.0,4431.703007817254,19.640692473162737,169.57064078369237,0.0,28.257435468094787,22.983391885334864,0.015,0.015
synthetic-battery-thermal-v1,synthetic,2,580.0,4742.93836686665,20.08362136397633,151.42583962706289,0.0,28.3426336750339,23.043326884759246,0.015,0.015
synthetic-battery-thermal-v1,synthetic,2,585.0,4947.866330763344,20.513378562578282,134.7724213421966,0.0,28.391257855029945,23.075386913375503,0.015,0.015
synthetic-battery-thermal-v1,synthetic,2,590.0,5009.115267660719,20.925554178556546,119.90756657291472,0.0,28.414468130649926,23.110183554394222,0.015,0.015
synthetic-battery-thermal-v1,synthetic,2,595.0,4915.515532005286,21.315918732328434,107.0965390047295,0.0,28.48451602594981,23.18720472717604,0.015,0.015
synthetic-battery-thermal-v1,synthetic,2,600.0,4684.136413879962,21.68046655532464,96.5679517280941,0.0,28.549454726043816,23.255772056616355,0.015,0.015
synthetic-battery-thermal-v1,synthetic,2,605.0,4357.173302606685,22.01545689356917,88.50968763238694,0.0,28.57548449704624,23.28036675983873,0.015,0.015
synthetic-battery-thermal-v1,synthetic,2,610.0,3994.2527361629127,22.3174522928773,83.0655466312996,0.0,28.615106086565397,23.36345486645293,0.015,0.015
synthetic-battery-thermal-v1,synthetic,2,615.0,3661.5586239614963,22.583353871787033,80.3326795499709,0.0,28.65387116913519,23.413604016381186,0.015,0.015
synthetic-battery-thermal-v1,synthetic,2,620.0,3419.7626363899562,22.810433120276457,80.35985446620978,0.0,28.692776641206738,23.477290319146025,0.015,0.015
synthetic-battery-thermal-v1,synthetic,2,625.0,3312.9598323055015,22.996359897968738,83.14658644299217,0.0,28.70811606257016,23.55227670742935,0.015,0.015
synthetic-battery-thermal-v1,synthetic,2,630.0,3360.6272757385027,23.13922634452562,88.64314618217367,0.0,28.73859549620481,23.613948507848036,0.015,0.015
synthetic-battery-thermal-v1,synthetic,2,635.0,1454.0721064605414,23.237566456876245,96.75144744499238,0.0,28.776693103356877,23.655605403066893,0.015,0.015
synthetic-battery-thermal-v1,synthetic,2,640.0,1758.0168110522382,23.290371132392455,107.32679740332416,0.0,28.764612822156206,23.756228342870383,0.015,0.015
synthetic-battery-thermal-v1,synthetic,2,645.0,2117.0325969479527,23.297098523647318,120.18047868662791,0.0,28.75852224230394,23.763855973468807,0.015,0.015
synthetic-battery-thermal-v1,synthetic,2,650.0,2465.6476489669,23.25767959850294,135.08311704789375,0.0,28.75784136438926,23.855758189965155,0.015,0.015
synthetic-battery-thermal-v1,synthetic,2,655.0,2740.286878904902,23.17251884847363,151.76877455251525,0.0,28.80155349231589,23.911767152355985,0.015,0.015
synthetic-battery-thermal-v1,synthetic,2,660.0,2890.865779031931,23.0424901380956,169.9396952470305,0.0,28.838976173694586,23.929767916457614,0.015,0.015
synthetic-battery-thermal-v1,synthetic,2,665.0,2889.9240695871895,22.86892773789428,189.27161862117072,0.0,28.84882126506662,24.047240452092908,0.015,0.015
synthetic-battery-thermal-v1,synthetic,2,670.0,2737.6334851548986,22.6536126329632,209.4195660443411,0.0,28.84821252082695,24.069097865323542,0.015,0.015
synthetic-battery-thermal-v1,synthetic,2,675.0,2461.7664563340177,22.398754247646828,230.02399691746245,0.0,28.87390380620419,24.108647790216736,0.015,0.015
synthetic-battery-thermal-v1,synthetic,2,680.0,2112.6313980606087,22.106967773857026,250.71722468347488,0.0,28.89631298013179,24.18621772742794,0.015,0.015
synthetic-battery-thermal-v1,synthetic,2,685.0,1753.8982293366116,21.781247335665054,271.12997820266276,0.0,28.939606997714606,24.197109710676163,0.015,0.015
synthetic-battery-thermal-v1,synthetic,2,690.0,1450.9872259399044,21.42493526553693,290.8979914048896,0.0,28.94614450225947,24.233743495849232,0.015,0.015
synthetic-battery-thermal-v1,synthetic,2,695.0,1259.138669801655,21.041687807479455,309.66850362624706,0.0,28.944920955276075,24.255749538263245,0.015,0.015
synthetic-battery-thermal-v1,synthetic,2,700.0,1213.3389701652263,20.63543759902897,327.1065546314651,0.0,28.918823972888987,24.278707642604818,0.015,0.015
synthetic-battery-thermal-v1,synthetic,3,0.0,5187.335274185831,24.685892628042634,376.79321871154366,0.0,26.647682805190513,25.812142289313456,0.015,0.015
synthetic-battery-thermal-v1,synthetic,3,5.0,5082.015822573292,24.626856589673174,383.8728131408868,0.0,26.664408461003227,25.80613819017946,0.015,0.015
synthetic-battery-thermal-v1,synthetic,3,10.0,4841.378859293343,24.522395012199574,388.2957686928684,0.0,26.742641586828945,25.776354114492747,0.015,0.015
synthetic-battery-thermal-v1,synthetic,3,15.0,4509.308078056611,24.373579812765808,389.98315762088157,0.0,26.830741884534156,25.77546873733953,0.015,0.015
synthetic-battery-thermal-v1,synthetic,3,20.0,4146.361475670459,24.18193803669721,388.90486842953095,0.0,26.884956434776566,25.765080509161404,0.015,0.015
synthetic-battery-thermal-v1,synthetic,3,25.0,3818.727709585227,23.949436187949,385.0801432149813,0.0,26.94366243525235,25.759108878324447,0.015,0.015
synthetic-battery-thermal-v1,synthetic,3,30.0,3586.15562155893,23.67846005011461,378.57723428929575,0.0,26.962118174007088,25.748132135112485,0.015,0.015
synthetic-battery-thermal-v1,synthetic,3,35.0,3491.0581565418142,23.37179020505752,369.5121862163099,0.0,27.02517737272066,25.699121983852727,0.015,0.015
synthetic-battery-thermal-v1,synthetic,3,40.0,3550.7777376204485,23.032573500378618,358.04676499364115,0.0,27.086030109823383,25.70172711567055,0.015,0.015
synthetic-battery-thermal-v1,synthetic,3,45.0,3754.423619795144,22.664290758501455,344.3855713346288,0.0,27.124106387052855,25.689787483936737,0.015,0.015
synthetic-battery-thermal-v1,synthetic,3,50.0,1964.8579777003602,22.27072105872387,328.77238956375777,0.0,27.164748374186896,25.64546470024369,0.015,0.015
synthetic-battery-thermal-v1,synthetic,3,55.0,2325.468534926513,21.855902958750473,311.4858372796124,0.0,27.199025024429133,25.62293774545485,0.015,0.015
synthetic-battery-thermal-v1,synthetic,3,60.0,2670.4926462572034,21.42409305362557,292.8343934172291,0.0,27.240134750241825,25.57859155064489,0.015,0.015
synthetic-battery-thermal-v1,synthetic,3,65.0,2937.0100844004924,20.97972229730791,273.1508934341932,0.0,27.279937712545138,25.563445408803418,0.015,0.015
synthetic-battery-thermal-v1,synthetic,3,70.0,3076.4174699561217,20.527350535087017,252.78658985401265,0.0,27.277566566767927,25.50141171940015,0.015,0.015
synthetic-battery-thermal-v1,synthetic,3,75.0,3063.2918133495227,20.07161971340008,232.1048841565151,0.0,27.34443895139996,25.496072192499728,0.015,0.015
synthetic-battery-thermal-v1,synthetic,3,80.0,2900.026771342415,19.617206247179944,211.47484186983115,0.0,27.38123830101428,25.468650596697646,0.015,0.015
synthetic-battery-thermal-v1,synthetic,3,85.0,2616.3961284749444,19.168773033509694,191.2646065873014,0.0,27.42155905465808,25.45476919430764,0.015,0.015
synthetic-battery-thermal-v1,synthetic,3,90.0,2264.124109026256,18.730921603988683,171.8348304363319,0.0,27.432312081618903,25.3968659123164,0.015,0.015
synthetic-battery-thermal-v1,synthetic,3,95.0,1907.4527030613797,18.308144906791444,153.53223823263676,0.0,27.457789961267295,25.395547248582425,0.015,0.015
synthetic-battery-thermal-v1,synthetic,3,100.0,1611.426193558954,17.904781202939507,136.6834401676873,0.0,27.512454555398577,25.36470097649764,0.015,0.015
synthetic-battery-thermal-v1,synthetic,3,105.0,1430.0293736121223,17.52496954987269,121.58910344210804,0.0,27.471182975192058,25.328900915988505,0.015,0.015
synthetic-battery-thermal-v1,synthetic,3,110.0,1396.342624464589,17.172607329118748,108.51858685235835,0.0,27.508251199478476,25.33268480096532,0.015,0.015
synthetic-battery-thermal-v1,synthetic,3,115.0,1516.5092208716023,16.85131025388488,97.70513407662864,0.0,27.52603504666511,25.33131514559794,0.015,0.015
synthetic-battery-thermal-v1,synthetic,3,120.0,1768.615014486636,16.5643752669474,89.3417114358773,900.0,27.540622393367837,25.338889096667785,0.015,0.015
synthetic-battery-thermal-v1,synthetic,3,125.0,2106.684801505257,16.31474670955736,83.57756440526158,900.0,27.552023190664187,25.342968906515907,0.015,0.015
synthetic-battery-thermal-v1,synthetic,3,130.0,2469.0665780784857,16.104986108514993,80.51555432509805,900.0,27.59140473738895,25.366564331078532,0.015,0.015
synthetic-battery-thermal-v1,synthetic,3,135.0,2789.6746910602096,15.93724589143844,80.21032283780764,900.0,27.6176677813854,25.425029545003724,0.015,0.015
synthetic-battery-thermal-v1,synthetic,3,140.0,3010.0415299908377,15.813247299943686,82.66731680651208,900.0,27.642097389658126,25.48056381636636,0.015,0.015
synthetic-battery-thermal-v1,synthetic,3,145.0,5189.979956818928,15.734262727376372,87.84269111563255,900.0,27.670804833071077,25.519344626962873,0.015,0.015
synthetic-battery-thermal-v1,synthetic,3,150.0,5114.912022293383,15.701102662334241,95.64409108801594,900.0,27.74559630799188,25.498510232024625,0.015,0.015
synthetic-battery-thermal-v1,synthetic,3,155.0,4898.52746967437,15.714107371957365,105.93230055633646,900.0,27.817551950619304,25.52776505919544,0.015,0.015
synthetic-battery-thermal-v1,synthetic,3,160.0,4580.287208463961,15.773143410326824,118.52372617889972,900.0,27.869289123972962,25.57228465539455,0.015,0.015
synthetic-battery-thermal-v1,synthetic,3,165.0,4218.227036483873,15.877604987800424,133.19367366717455,900.0,27.94795354905407,25.574876930410973,0.015,0.015
synthetic-battery-thermal-v1,synthetic,3,170.0,3878.373957546928,16.02642018723419,149.68035746069552,900.0,28.00781545515456,25.614368153517027,0.015,0.015
synthetic-battery-thermal-v1,synthetic,3,175.0,3622.705185042953,16.218061963302787,167.68957229659,900.0,28.062602757350064,25.61233195104014,0.015,0.015
synthetic-battery-thermal-v1,synthetic,3,180.0,3497.8456844427938,16.450563812050994,186.89994330946573,900.0,28.10550796892726,25.578078241617455,0.015,0.015
synthetic-battery-thermal-v1,synthetic,3,185.0,3526.565424277114,16.72153994988539,206.96866097349528,900.0,28.122206267592023,25.589896635727207,0.015,0.015
synthetic-battery-thermal-v1,synthetic,3,190.0,3703.6269370797377,17.02820979494248,227.5375985465278,900.0,28.17091422108167,25.586128197790895,0.015,0.015
synthetic-battery-thermal-v1,synthetic,3,195.0,3996.7404487034955,17.36742649962138,248.23970285028486,900.0,28.211242121557323,25.61065531542401,0.015,0.015
synthetic-battery-thermal-v1,synthetic,3,200.0,4352.452394113248,17.735709241498544,268.7055443430245,900.0,28.25998419934024,25.573246050128706,0.015,0.015
synthetic-battery-thermal-v1,synthetic,3,205.0,4705.893462090947,18.12927894127613,288.56990959846337,900.0,28.312944177534547,25.550837916596826,0.015,0.015
synthetic-battery-thermal-v1,synthetic,3,210.0,4992.608469357685,18.54409704124953,307.4783185480232,900.0,28.375453456963132,25.53841323488244,0.015,0.015
synthetic-battery-thermal-v1,synthetic,3,215.0,5160.310712367855,18.975906946374426,325.0933501860501,900.0,28.4557780378756,25.53904128563795,0.015,0.015
synthetic-battery-thermal-v1,synthetic,3,220.0,5178.41721763919,19.42027770269209,341.1006638556561,900.0,28.508060000887138,25.50779106188557,0.015,0.015
synthetic-battery-thermal-v1,synthetic,3,225.0,5043.625997311364,19.872649464912982,355.21460866518623,900.0,28.55118453814989,25.485463588288276,0.015,0.015
synthetic-battery-thermal-v1,synthetic,3,230.0,4780.518215255137,20.32838028659992,367.1833209351494,900.0,28.645196311340236,25.49192676061907,0.015,0.015
synthetic-battery-thermal-v1,synthetic,3,235.0,4437.0754498750175,20.782793752820055,376.79321871154366,900.0,28.69260903304754,25.489635133838007,0.015,0.015
synthetic-battery-thermal-v1,synthetic,3,240.0,1975.9295467430275,21.2312269664903,383.87281314088676,0.0,28.749663239651195,25.497706831667866,0.015,0.015
synthetic-battery-thermal-v1,synthetic,3,245.0,1662.9407792846312,21.669078396011315,388.2957686928684,0.0,28.7619976217325,25.446044419793704,0.015,0.015
synthetic-battery-thermal-v1,synthetic,3,250.0,1455.1872581059445,22.09185509320855,389.98315762088157,0.0,28.773112867838634,25.38651844276497,0.015,0.015
synthetic-battery-thermal-v1,synthetic,3,255.0,1390.5558970311818,22.49521879706049,388.90486842953095,0.0,28.780948775642294,25.362301374695633,0.015,0.015
synthetic-battery-thermal-v1,synthetic,3,260.0,1480.8331764698664,22.87503045012731,385.0801432149814,0.0,28.75541252954433,25.41763277540432,0.015,0.015
synthetic-battery-thermal-v1,synthetic,3,265.0,1709.555705154436,23.22739267088125,378.57723428929575,0.0,28.795799583553226,25.39417296165061,0.015,0.015
synthetic-battery-thermal-v1,synthetic,3,270.0,2035.012561966603,23.54868974611512,369.51218621630994,0.0,28.788763183568506,25.439342436695057,0.015,0.015
synthetic-battery-thermal-v1,synthetic,3,275.0,2397.851896609987,23.8356247330526,358.04676499364115,0.0,28.807907258378084,25.465405757086664,0.015,0.015
synthetic-battery-thermal-v1,synthetic,3,280.0,2731.9046134866926,24.08525329044264,344.38557133462893,0.0,28.836347203433036,25.45595931415223,0.015,0.015
synthetic-battery-thermal-v1,synthetic,3,285.0,2976.2512806407676,24.295013891485006,328.7723895637578,0.0,28.8868848161584,25.47422303130303,0.015,0.015
synthetic-battery-thermal-v1,synthetic,3,290.0,3086.331685233558,24.46275410856156,311.4858372796125,0.0,28.87753731211196,25.49659116689853,0.015,0.015
synthetic-battery-thermal-v1,synthetic,3,295.0,3042.0710445182763,24.586752700056312,292.83439341722914,0.0,28.92362926145,25.506528270036878,0.015,0.015
synthetic-battery-thermal-v1,synthetic,3,300.0,2851.5409380814976,24.665737272623627,273.15089343419334,0.0,28.95123363318569,25.546664259920103,0.015,0.015
synthetic-battery-thermal-v1,synthetic,3,305.0,2549.487336448942,24.698897337665755,252.78658985401268,0.0,28.996956861160104,25.590457373336026,0.015,0.015
synthetic-battery-thermal-v1,synthetic,3,310.0,2190.994161714549,24.685892628042634,232.10488415651528,0.0,29.002311787551033,25.62121567997464,0.015,0.015
synthetic-battery-thermal-v1,synthetic,3,315.0,1841.4379232182073,24.626856589673174,211.47484186983118,0.0,29.02797311912241,25.66514291595872,0.015,0.015
synthetic-battery-thermal-v1,synthetic,3,320.0,1564.5653483775445,24.522395012199574,191.26460658730156,0.0,29.02247395277056,25.673155116077815,0.015,0.015
synthetic-battery-thermal-v1,synthetic,3,325.0,1410.8682282522902,24.37357981276581,171.8348304363322,0.0,29.062777727313698,25.714999631589382,0.015,0.015
synthetic-battery-thermal-v1,synthetic,3,330.0,1408.3754959367152,24.181938036697215,153.53223823263716,0.0,29.03146985445433,25.75959256545692,0.015,0.015
synthetic-battery-thermal-v1,synthetic,3,335.0,3657.54173787485,23.949436187949004,136.68344016768756,0.0,29.066263007148677,25.761001699354527,0.015,0.015
synthetic-battery-thermal-v1,synthetic,3,340.0,3931.1642933284807,23.678460050114612,121.58910344210815,0.0,29.10353216273682,25.82531307721832,0.015,0.015
synthetic-battery-thermal-v1,synthetic,3,345.0,4279.344060130681,23.37179020505752,108.51858685235837,0.0,29.15058225142451,25.853827772468158,0.015,0.015
synthetic-battery-thermal-v1,synthetic,3,350.0,4638.5853307462285,23.032573500378625,97.70513407662885,0.0,29.17398820046273,25.879201955335073,0.015,0.015
synthetic-battery-thermal-v1,synthetic,3,355.0,4943.375169535368,22.66429075850146,89.34171143587736,0.0,29.245951495769138,25.89674007841488,0.015,0.015
synthetic-battery-thermal-v1,synthetic,3,360.0,5138.130661266681,22.270721058723872,83.57756440526158,0.0,29.32349086956662,25.955738021347653,0.015,0.015
synthetic-battery-thermal-v1,synthetic,3,365.0,5187.335274185831,21.85590295875047,80.51555432509805,0.0,29.400104904273178,25.982510447236606,0.015,0.015
synthetic-battery-thermal-v1,synthetic,3,370.0,5082.015822573295,21.424093053625572,80.21032283780762,0.0,29.434895870608813,25.996697782033866,0.015,0.015
synthetic-battery-thermal-v1,synthetic,3,375.0,4841.378859293344,20.979722297307912,82.66731680651203,0.0,29.509645757106522,26.02076571120515,0.015,0.015
synthetic-battery-thermal-v1,synthetic,3,380.0,4509.308078056614,20.527350535087013,87.84269111563255,0.0,29.557908152977742,26.05714261706523,0.015,0.015
synthetic-battery-thermal-v1,synthetic,3,385.0,4146.361475670459,20.07161971340008,95.64409108801597,0.0,29.607686477269976,26.057199808488907,0.015,0.015
synthetic-battery-thermal-v1,synthetic,3,390.0,3818.7277095852282,19.617206247179944,105.93230055633629,0.0,29.6493576009329,26.097601037297288,0.015,0.015
synthetic-battery-thermal-v1,synthetic,3,395.0,3586.1556215589317,19.168773033509698,118.5237261788996,0.0,29.69753354214563,26.10874347315506,0.015,0.015
synthetic-battery-thermal-v1,synthetic,3,400.0,3491.0581565418142,18.73092160398868,133.19367366717464,0.0,29.74581210970419,26.108112572000106,0.015,0.015
synthetic-battery-thermal-v1,synthetic,3,405.0,3550.7777376204476,18.308144906791444,149.68035746069518,0.0,29.783810106662564,26.123026033226658,0.015,0.015
synthetic-battery-thermal-v1,synthetic,3,410.0,3754.4236197951404,17.904781202939507,167.68957229658986,0.0,29.791406558443242,26.13513803642337,0.015,0.015
synthetic-battery-thermal-v1,synthetic,3,415.0,4064.857977700359,17.524969549872694,186.89994330946556,0.0,29.842780889032813,26.076555353706723,0.015,0.015
synthetic-battery-thermal-v1,synthetic,3,420.0,4425.468534926509,17.172607329118744,206.9686609734954,0.0,29.87944866888146,26.0650066814947,0.015,0.015
synthetic-battery-thermal-v1,synthetic,3,425.0,4770.492646257198,16.85131025388488,227.53759854652736,0.0,29.94590846907888,26.045780225381417,0.015,0.015
synthetic-battery-thermal-v1,synthetic,3,430.0,2937.010084400491,16.5643752669474,248.2397028502847,0.0,29.994943048417564,26.019186601004062,0.015,0.015
synthetic-battery-thermal-v1,synthetic,3,435.0,3076.417469956121,16.314746709557358,268.70554434302426,0.0,30.031759253346422,25.965154195430888,0.015,0.015
synthetic-battery-thermal-v1,synthetic,3,440.0,3063.2918133495227,16.104986108514993,288.5699095984634,0.0,30.0612460409175,25.91065968874899,0.015,0.015
synthetic-battery-thermal-v1,synthetic,3,445.0,2900.0267713424164,15.93724589143844,307.4783185480228,0.0,30.051327131119965,25.828085862282002,0.015,0.015
synthetic-battery-thermal-v1,synthetic,3,450.0,2616.3961284749494,15.813247299943686,325.09335018605,0.0,30.07518957638177,25.758274332103547,0.015,0.015
synthetic-battery-thermal-v1,synthetic,3,455.0,2264.1241090262574,15.734262727376372,341.10066385565597,0.0,30.128021704533953,25.690806700324867,0.015,0.015
synthetic-battery-thermal-v1,synthetic,3,460.0,1907.4527030613779,15.701102662334241,355.21460866518635,0.0,30.160307210486415,25.59014801670961,0.015,0.015
synthetic-battery-thermal-v1,synthetic,3,465.0,1611.4261935589589,15.714107371957365,367.1833209351492,0.0,30.143526880608835,25.50252728283627,0.015,0.015
synthetic-battery-thermal-v1,synthetic,3,470.0,1430.029373612123,15.773143410326824,376.7932187115436,0.0,30.146719143975464,25.40124522355764,0.015,0.015
synthetic-battery-thermal-v1,synthetic,3,475.0,1396.342624464589,15.877604987800428,383.8728131408868,0.0,30.16985093350226,25.298595870943338,0.015,0.015
synthetic-battery-thermal-v1,synthetic,3,480.0,1516.5092208715978,16.026420187234187,388.2957686928683,0.0,30.16663125276707,25.22434865150782,0.015,0.015
synthetic-battery-thermal-v1,synthetic,3,485.0,1768.6150144866338,16.218061963302787,389.98315762088157,0.0,30.141119703200594,25.139382251303655,0.015,0.015
synthetic-battery-thermal-v1,synthetic,3,490.0,2106.6848015052574,16.450563812050994,388.90486842953095,0.0,30.170231712469473,25.042005243036982,0.015,0.015
synthetic-battery-thermal-v1,synthetic,3,495.0,2469.066578078483,16.72153994988539,385.0801432149813,0.0,30.157356215828326,24.95002588594037,0.015,0.015
synthetic-battery-thermal-v1,synthetic,3,500.0,2789.674691060207,17.028209794942477,378.57723428929586,0.0,30.17486753565265,24.901652225864897,0.015,0.015
synthetic-battery-thermal-v1,synthetic,3,505.0,3010.0415299908373,17.36742649962138,369.51218621630994,0.0,30.18722379432957,24.840023187671274,0.015,0.015
synthetic-battery-thermal-v1,synthetic,3,510.0,3089.979956818928,17.73570924149854,358.04676499364115,0.0,30.204544758876512,24.780602791477435,0.015,0.015
synthetic-battery-thermal-v1,synthetic,3,515.0,3014.912022293384,18.129278941276134,344.38557133462876,0.0,30.247320737093556,24.781406760062698,0.015,0.015
synthetic-battery-thermal-v1,synthetic,3,520.0,2798.5274696743722,18.544097041249525,328.77238956375805,0.0,30.246109208510195,24.739035166488744,0.015,0.015
synthetic-battery-thermal-v1,synthetic,3,525.0,4580.287208463966,18.975906946374426,311.4858372796125,0.0,30.286612524114105,24.70650091168501,0.015,0.015
synthetic-battery-thermal-v1,synthetic,3,530.0,4218.227036483873,19.420277702692086,292.8343934172292,0.0,30.330579468722423,24.70125048784723,0.015,0.015
synthetic-battery-thermal-v1,synthetic,3,535.0,3878.373957546929,19.872649464912985,273.1508934341931,0.0,30.365228227402717,24.721373358780856,0.015,0.015
synthetic-battery-thermal-v1,synthetic,3,540.0,3622.7051850429552,20.32838028659992,252.786589854013,0.0,30.394115566239076,24.73152814912685,0.015,0.015
synthetic-battery-thermal-v1,synthetic,3,545.0,3497.8456844427938,20.782793752820055,232.10488415651534,0.0,30.4207700337841,24.737739572500608,0.015,0.015
synthetic-battery-thermal-v1,synthetic,3,550.0,3526.5654242771134,21.231226966490308,211.4748418698312,0.0,30.441913177882903,24.77771051463004,0.015,0.015
synthetic-battery-thermal-v1,synthetic,3,555.0,3703.626937079739,21.66907839601132,191.26460658730156,0.0,30.507682668011476,24.809095495933395,0.015,0.015
synthetic-battery-thermal-v1,synthetic,3,560.0,3996.7404487034946,22.091855093208554,171.83483043633197,0.0,30.51379917052205,24.839025997935725,0.015,0.015
synthetic-battery-thermal-v1,synthetic,3,565.0,4352.452394113244,22.495218797060488,153.53223823263696,0.0,30.548566752921072,24.882491665952955,0.015,0.015
synthetic-battery-thermal-v1,synthetic,3,570.0,4705.893462090949,22.875030450127312,136.68344016768717,0.0,30.579024999257893,24.964669570972582,0.015,0.015
synthetic-battery-thermal-v1,synthetic,3,575.0,4992.608469357684,23.227392670881247,121.58910344210837,0.0,30.658633906379364,25.061716272411157,0.015,0.015
synthetic-battery-thermal-v1,synthetic,3,580.0,5160.310712367853,23.54868974611512,108.5185868523584,0.0,30.680579078238335,25.10211501040167,0.015,0.015
synthetic-battery-thermal-v1,synthetic,3,585.0,5178.41721763919,23.835624733052597,97.70513407662875,0.0,30.746151065510745,25.141382665338753,0.015,0.015
synthetic-battery-thermal-v1,synthetic,3,590.0,5043.625997311361,24.08525329044264,89.34171143587719,0.0,30.80241942864351,25.209150376598892,0.015,0.015
synthetic-battery-thermal-v1,synthetic,3,595.0,4780.518215255143,24.295013891485002,83.57756440526165,0.0,30.849029658008874,25.2676918101665,0.015,0.015
synthetic-battery-thermal-v1,synthetic,3,600.0,4437.0754498750175,24.46275410856156,80.51555432509805,900.0,30.873922060946995,25.316865536605803,0.015,0.015
synthetic-battery-thermal-v1,synthetic,3,605.0,4075.9295467430225,24.586752700056312,80.21032283780764,900.0,30.947092192448814,25.440447982179506,0.015,0.015
synthetic-battery-thermal-v1,synthetic,3,610.0,3762.940779284632,24.665737272623627,82.66731680651212,900.0,30.96555801163234,25.548604752180996,0.015,0.015
synthetic-battery-thermal-v1,synthetic,3,615.0,3555.187258105945,24.698897337665755,87.8426911156326,900.0,31.019184908268905,25.65405138979617,0.015,0.015
synthetic-battery-thermal-v1,synthetic,3,620.0,1390.5558970311818,24.685892628042634,95.64409108801597,900.0,31.027347257015368,25.771279701071148,0.015,0.015
synthetic-battery-thermal-v1,synthetic,3,625.0,1480.833176469866,24.626856589673174,105.93230055633641,900.0,31.058325660255225,25.860168816459296,0.015,0.015
synthetic-battery-thermal-v1,synthetic,3,630.0,1709.5557051544379,24.52239501219957,118.52372617889993,900.0,31.048518230232194,25.968786435549667,0.015,0.015
synthetic-battery-thermal-v1,synthetic,3,635.0,2035.012561966599,24.373579812765808,133.1936736671748,900.0,31.05404427660772,26.053880574791002,0.015,0.015
synthetic-battery-thermal-v1,synthetic,3,640.0,2397.851896609986,24.18193803669721,149.68035746069557,900.0,31.05458689515182,26.14357359200318,0.015,0.015
synthetic-battery-thermal-v1,synthetic,3,645.0,2731.9046134866944,23.949436187949,167.6895722965901,900.0,31.043537247961243,26.23340602102547,0.015,0.015
synthetic-battery-thermal-v1,synthetic,3,650.0,2976.251280640764,23.678460050114616,186.89994330946553,900.0,31.059432216881667,26.293421510920922,0.015,0.015
synthetic-battery-thermal-v1,synthetic,3,655.0,3086.3316852335574,23.37179020505752,206.96866097349562,900.0,31.123077368346735,26.394956208782016,0.015,0.015
synthetic-battery-thermal-v1,synthetic,3,660.0,3042.0710445182785,23.032573500378625,227.53759854652733,900.0,31.151495264316825,26.449025812188196,0.015,0.015
synthetic-battery-thermal-v1,synthetic,3,665.0,2851.540938081498,22.66429075850145,248.23970285028494,900.0,31.13709186724208,26.513102251138623,0.015,0.015
synthetic-battery-thermal-v1,synthetic,3,670.0,2549.487336448946,22.270721058723872,268.70554434302426,900.0,31.178382269847194,26.573477902176293,0.015,0.015
synthetic-battery-thermal-v1,synthetic,3,675.0,2190.994161714544,21.855902958750466,288.5699095984637,900.0,31.21190462137913,26.613589632676362,0.015,0.015
synthetic-battery-thermal-v1,synthetic,3,680.0,1841.437923218211,21.424093053625572,307.47831854802325,900.0,31.212923967605068,26.641272450196222,0.015,0.015
synthetic-battery-thermal-v1,synthetic,3,685.0,1564.5653483775468,20.979722297307912,325.0933501860502,900.0,31.221954772626813,26.683011854348873,0.015,0.015
synthetic-battery-thermal-v1,synthetic,3,690.0,1410.8682282522886,20.527350535087013,341.1006638556563,900.0,31.207400632868346,26.695653332766284,0.015,0.015
synthetic-battery-thermal-v1,synthetic,3,695.0,1408.375495936715,20.07161971340008,355.2146086651861,900.0,31.21706138455743,26.7005630661823,0.015,0.015
synthetic-battery-thermal-v1,synthetic,3,700.0,1557.541737874847,19.617206247179954,367.18332093514914,900.0,31.247551547734403,26.69787809209203,0.015,0.015
