scenario,architecture,feasible,infeasibility_reason,pump_scale,radiator_ua_scale,local_resistance_scale,distance_km,battery_energy_kwh,auxiliary_energy_kwh,net_energy_kwh,consumption_kwh_100km,equivalent_range_km,max_battery_temp_c,max_motor_temp_c,cabin_comfort_rmse_c,waste_heat_recovered_kwh,energy_balance_error_pct,thermal_balance_error_pct,pump_energy_kwh,mean_battery_flow_kg_s,mean_powertrain_flow_kg_s,max_battery_pressure_drop_kpa,max_powertrain_pressure_drop_kpa,hydraulic_solver_failures,liquid_hx_energy_kwh
urban_hot,independent_dual_loop,True,ok,1.0,1.0,1.0,6.873592193310104,1.461055305344923,0.38589296536239764,1.160558043359233,16.88430169728101,444.1995964338741,38.04122572519552,43.52060494599807,4.893559877448472,0.0,1.0358819960219844e-12,2.6980139777401303e-12,0.0017830096024038747,0.16359468248746017,0.10295379202946676,24.835140495183534,3.1454305160996516,0.0,0.0
urban_hot,coupled_dual_loop,True,ok,1.0,1.0,1.0,6.873592193310104,1.461952970479444,0.3870204309804123,1.1616855089772473,16.90070455602366,443.76848167119107,38.11004838428563,43.09478082343616,4.913689077812034,0.0,1.001905476069936e-12,2.6663143524022644e-12,0.0019961953115064,0.16417525455288198,0.10287193511207111,24.841614679367297,3.1550873331774483,0.0,0.24070014547825608
urban_hot,shared_heat_sink,True,ok,1.0,1.0,1.0,6.873592193310104,1.4593786937741773,0.3840854334592522,1.1587505114560872,16.85800493930772,444.8925022267784,38.041157785877296,47.6790188488698,4.8847171396020785,0.0,9.662356591849629e-13,2.6437928602470775e-12,0.001664909109502106,0.15962478089674254,0.10306920224229846,25.009523838892463,3.1420387899933675,0.0,0.0
cold_start,independent_dual_loop,True,ok,1.0,1.0,1.0,6.867758726462447,3.559930230991774,2.739777253118083,3.5110035882779096,51.122989728068276,146.70503505162262,-10.705803834018862,-8.883677403596648,16.441520623935354,0.0,1.8261635343273365e-13,6.597103887485963e-13,5.6735874525440066e-05,0.019528134966343095,0.0,5.172461032636676,0.0,0.0,0.0
cold_start,coupled_dual_loop,True,ok,1.0,1.0,1.0,6.867758726462447,3.559930230991774,2.739777253118083,3.5110035882779096,51.122989728068276,146.70503505162262,-10.705803834018862,-8.883677403596648,16.441520623935354,0.0,1.8261635343273365e-13,6.597103887485963e-13,5.6735874525440066e-05,0.019528134966343095,0.0,5.172461032636676,0.0,0.0,0.0
cold_start,shared_heat_sink,True,ok,1.0,1.0,1.0,6.867758726462447,3.559928623993146,2.739775602067909,3.5110019372277375,51.12296568747167,146.70510403972847,-10.777987068134482,-8.883677403596648,16.441520623935354,0.0,1.8258143009055734e-13,6.942285468508323e-13,5.508482435265185e-05,0.01879911824324405,0.0,5.174521463813361,0.0,0.0,0.0
highway_hot,independent_dual_loop,True,ok,1.0,1.0,1.0,24.42938400834174,4.010487004626902,0.3005301427068499,4.010487004626902,16.416652189254823,456.8531947645798,35.74126836125044,43.07212930682721,2.7902558626806817,0.0,4.1891142451529296e-13,2.6781446172771457e-12,0.0004200214768604073,0.08366162528476355,0.10290063193084725,7.911670014719636,3.1518610776189675,0.0,0.0
highway_hot,coupled_dual_loop,True,ok,1.0,1.0,1.0,24.42938400834174,4.014358031021901,0.30440116910184856,4.014358031021901,16.43249796904885,456.4126533973409,35.99006541020111,41.53081411191831,2.7902739965419996,0.0,4.168082669544779e-13,3.1244429000181936e-12,0.00045030283730305314,0.0875622877611608,0.10283595700957883,9.1001267543039,3.1571354411402806,0.0,0.20773400724775817
highway_hot,shared_heat_sink,True,ok,1.0,1.0,1.0,24.42938400834174,4.002883223041178,0.2929263611211244,4.002883223041178,16.385526633313148,457.72102220699287,35.44803827544759,47.002252832535795,2.7902183073220335,0.0,3.9347942462420547e-13,3.072641737191179e-12,0.0003687316918379594,0.07403277197201441,0.10300522837504682,6.901254682731336,3.151377709270485,0.0,0.0
aggressive,independent_dual_loop,True,ok,1.0,1.0,1.0,16.24992831485109,4.726933992326464,0.08458236804840384,2.5206456662649517,15.511734066920715,483.50493682031316,31.66522825192706,42.08751651268849,1.0524644970465387,0.0,2.0911129287714224e-13,2.320566221459613e-12,1.4365491202948762e-05,0.010439491766261882,0.04092846823882854,0.7869572714122329,0.8082933547406674,0.0,0.0
aggressive,coupled_dual_loop,True,ok,1.0,1.0,1.0,16.24992831485109,4.72693402706912,0.08458242988040056,2.5206457280969494,15.511734447426996,483.50492495983,31.677208699819683,41.80655973399699,1.0524644970465387,0.0,2.1539561142253979e-13,2.3077076357077366e-12,1.4427323199653724e-05,0.010656941057926765,0.040901615797477794,0.7859808524443782,0.808800333585529,0.0,0.026178597397610453
aggressive,shared_heat_sink,True,ok,1.0,1.0,1.0,16.24992831485109,4.726933985846426,0.08458235661625967,2.5206456548328067,15.511733996568742,483.5049390132032,31.66207210582072,42.112600358794296,1.0524644970465387,0.0,2.0126431021015526e-13,2.1809198065358483e-12,1.4354059058792934e-05,0.01039762053134261,0.04093206226980616,0.7871010184331103,0.8081570107835779,0.0,0.0
hill_high_load,independent_dual_loop,True,ok,1.0,1.0,1.0,15.302923872808226,8.759817518536089,0.017958604867655367,8.759817518536089,57.24277001796639,131.02091316765464,30.017382167290865,42.314126745811166,0.7448387231734462,0.0,1.565173315564474e-13,2.29958433566252e-12,8.323656201716359e-06,0.00806824429164382,0.03203173602010088,0.7135045232347842,0.6277385862922595,0.0,0.0
hill_high_load,coupled_dual_loop,True,ok,1.0,1.0,1.0,15.302923872808226,8.75981756975763,0.017958656089196015,8.75981756975763,57.242770352683735,131.0209124015322,30.04511547256903,42.00112224816117,0.7448387231734462,0.0,1.5718066187483921e-13,2.32285471269881e-12,8.374877742363497e-06,0.008249573093581989,0.031995513107697854,0.7126865827000196,0.6284441001041754,0.0,0.028295833427245776
hill_high_load,shared_heat_sink,True,ok,1.0,1.0,1.0,15.302923872808226,8.759817510668565,0.0179585970001311,8.759817510668565,57.2427699665545,131.0209132853295,30.01228104856079,42.30593299522871,0.7448387231734462,0.0,1.694090301065606e-13,2.1320684578122836e-12,8.31578867745222e-06,0.008034204009118402,0.03203086602296445,0.713673855414837,0.6277459608577984,0.0,0.0
mixed_mild,independent_dual_loop,True,ok,1.0,1.0,1.0,14.42059407069851,2.320486435117966,0.09471384940874372,1.7785539692056076,12.33343065123431,608.103309783431,20.504318597226124,26.422775479510143,1.2085656948422814,0.005224620967116988,4.4566185838763787e-13,4.037240460000707e-12,1.3079948674891774e-05,0.006866471565419661,0.037856568129458125,0.8158259900976857,2.057240944361308,0.0,0.0
mixed_mild,coupled_dual_loop,True,ok,1.0,1.0,1.0,14.42059407069851,2.320428338748041,0.09461558902649546,1.7784557088233577,12.33274926195334,608.136907732129,20.518057237202214,26.233178522232535,1.2080480108805867,0.005405969290039878,4.502024897896384e-13,4.145980638055187e-12,1.3121587859615118e-05,0.0069782504796922105,0.03782450462550815,0.8154054769488087,2.057714302136676,0.0,0.018537087720980838
mixed_mild,shared_heat_sink,True,ok,1.0,1.0,1.0,14.42059407069851,2.320476124740256,0.09469597218405962,1.7785360919809248,12.333306681135747,608.1094222258764,20.497274341056436,26.392528633365824,1.2084726574197044,0.0052571970213425405,4.896751640234497e-13,4.050966134230314e-12,1.3066775379892823e-05,0.006816219373333435,0.03785154793233092,0.8164929964424892,2.057381066736735,0.0,0.0
