time_s,soc,battery_core_temp_c,battery_surface_temp_c,requested_station_power_w,grid_power_w,charger_loss_w,dc_bus_power_w,auxiliary_power_w,accepted_battery_power_w,curtailed_station_power_w,battery_current_a,battery_heat_w,temperature_factor,soc_factor,limiting_reason,power_ledger_residual_w,incremental_aging_damage,cumulative_aging_damage
0.0,0.24395396408827044,26.124290080592086,25.421326205767315,250000.0,224614.02495116362,11230.701247558201,213383.32370360542,580.0,212803.32370360542,25385.97504883638,-549.9999999999998,13572.057597974761,1.0,1.0,target_soc,0.0,1.8361708793137838e-06,1.8361708793137838e-06
5.0,0.2478243344586408,26.298506246296455,25.42728234225015,250000.0,224703.50261366068,11235.175130683056,213468.32748297762,580.0,212888.32748297762,25296.497386339324,-550.0000000000001,13507.554865965518,1.0,1.0,target_soc,0.0,1.846618286382768e-06,3.6827891656965517e-06
10.0,0.2516947048290112,26.471043175011086,25.43658957267838,250000.0,224793.54452757168,11239.677226378582,213553.8673011931,580.0,212973.8673011931,25206.455472428323,-550.0,13443.871665849623,1.0,1.0,target_soc,0.0,1.857010172761726e-06,5.539799338458278e-06
15.0,0.25556507519938154,26.641936544714316,25.449139353631846,250000.0,224884.1308768357,11244.206543841807,213639.9243329939,580.0,213059.9243329939,25115.869123164302,-550.0000000000001,13380.98846633194,1.0,1.0,target_soc,0.0,1.8673475197778246e-06,7.407146858236102e-06
20.0,0.2594354455697519,26.811221063304114,25.464826283194895,250000.0,224975.24246653082,11248.762123326538,213726.48034320428,580.0,213146.48034320428,25024.75753346918,-550.0,13318.886345435916,1.0,1.0,target_soc,0.0,1.87763129210615e-06,9.284778150342252e-06
25.0,0.26330581594012226,26.978930496886964,25.48354801128425,250000.0,225066.86070055584,11253.343035027792,213813.51766552805,580.0,213233.51766552805,24933.139299444156,-549.9999999999999,13257.546968738145,1.0,1.0,target_soc,0.0,1.887862437781701e-06,1.1172640588123954e-05
30.0,0.2671761863104926,27.145097697202033,25.505205152548523,250000.0,225158.96756020896,11257.94837801045,213901.0191821985,580.0,213321.0191821985,24841.032439791044,-549.9999999999999,13196.952568474331,1.0,1.0,target_soc,0.0,1.8980418882303985e-06,1.3070682476354352e-05
35.0,0.27104655668086297,27.309754628208733,25.529701201764503,250000.0,225251.54558362576,11262.577279181307,213988.96830444445,580.0,213408.96830444445,24748.45441637424,-549.9999999999998,13137.08592347745,1.0,1.0,target_soc,0.0,1.9081705583176017e-06,1.4978853034671953e-05
40.0,0.27491692705123333,27.472932391864816,25.55694245165763,250000.0,225344.57784603772,11267.228892301908,214077.3489537358,580.0,213497.3489537358,24655.42215396228,-550.0000000000001,13077.93033991101,1.0,1.0,target_soc,0.0,1.918249346412948e-06,1.68971023810849e-05
45.0,0.2787872974216037,27.63466125312117,25.58683791307627,250000.0,225438.04794081228,11271.902397040627,214166.14554377165,580.0,213586.14554377165,24561.952059187723,-550.0000000000003,13019.469632761484,1.0,1.0,target_soc,0.0,1.9282791344702246e-06,1.8825381515555124e-05
50.0,0.28265766779197404,27.794970664158534,25.61929923745146,250000.0,225531.9399612422,11276.59699806213,214255.34296318007,580.0,213675.34296318007,24468.0600387578,-550.0,12961.688108056858,1.0,1.0,target_soc,0.0,1.9382607881212233e-06,2.076364230367635e-05
55.0,0.2865280381623444,27.95388928789051,25.654240641475848,250000.0,225626.23848305005,11281.311924152513,214344.92655889754,580.0,213764.92655889754,24373.761516949948,-549.9999999999999,12904.570545778974,1.0,1.0,target_soc,0.0,1.948195156782385e-06,2.2711837460458734e-05
60.0,0.29039840853271476,28.11144502075632,25.691578833937488,250000.0,225720.92854757537,11286.04642737878,214434.8821201966,580.0,213854.8821201966,24279.07145242463,-549.9999999999999,12848.102183439209,1.0,1.0,target_soc,0.0,1.9580830737732837e-06,2.466992053423202e-05
65.0,0.2942687789030851,28.26766501482603,25.731232944646116,250000.0,225815.99564561597,11290.79978228081,214525.19586333516,580.0,213945.19586333516,24184.00435438403,-550.0000000000002,12792.268700288887,1.0,1.0,target_soc,0.0,1.967925356445967e-06,2.6637845890677984e-05
70.0,0.2981391492734555,28.422575699240085,25.773124455391343,250000.0,225911.42570189343,11295.571285094687,214615.85441679874,580.0,214035.85441679874,24088.57429810657,-549.9999999999999,12737.056202136704,1.0,1.0,target_soc,0.0,1.9777228063242e-06,2.8615568697002186e-05
75.0,0.30200951964382583,28.57620280100436,25.81717713287397,250000.0,226007.20506011954,11300.360253005987,214706.84480711355,580.0,214126.84480711355,23992.794939880463,-549.9999999999999,12682.451206747415,1.0,1.0,target_soc,0.0,1.9874762092518377e-06,3.060304490625403e-05
80.0,0.3058798900141962,28.728571365161027,25.863316963553455,250000.0,226103.32046863122,11305.166023431579,214798.15444519965,580.0,214218.15444519965,23896.679531368776,-550.0000000000001,12628.44062979627,1.0,1.0,target_soc,0.0,1.997186335549415e-06,3.260023124180344e-05
85.0,0.30975026038456654,28.879705774355045,25.91147209035614,250000.0,226199.7590665754,11309.98795332879,214889.77111324662,580.0,214309.77111324662,23800.24093342459,-549.9999999999998,12575.011771356156,1.0,1.0,target_soc,0.0,2.0068539401782606e-06,3.46070851819817e-05
90.0,0.3136206307549369,29.029629767815244,25.961572751190538,250000.0,226296.50837061956,11314.825418530992,214981.68295208857,580.0,214401.68295208857,23703.49162938044,-550.0000000000001,12522.152302894765,1.0,1.0,target_soc,0.0,2.01647976291138e-06,3.6623564944893084e-05
95.0,0.31749100112530726,29.178366459768434,26.01355121921758,250000.0,226393.55626216106,11319.67781310805,215073.878449053,580.0,214493.878449053,23606.44373783894,-550.0,12469.85025475986,1.0,1.0,target_soc,0.0,2.0260645285104433e-06,3.8649629473403525e-05
100.0,0.3213613714956776,29.32593835730427,26.067341744825185,250000.0,226490.8909750217,11324.544548751088,215166.3464262706,580.0,214586.3464262706,23509.1090249783,-550.0000000000001,12418.094004133007,1.0,1.0,target_soc,0.0,2.0356089469082324e-06,4.068523842031176e-05
105.0,0.325231741866048,29.47236737770808,26.122880499258077,250000.0,226588.50108360001,11329.42505418,215259.07602942002,580.0,214679.07602942002,23411.498916399985,-550.0,12366.872263431474,1.0,1.0,target_soc,0.0,2.0451137133959563e-06,4.273035213370772e-05
110.0,0.32910211223641833,29.6176748652782,26.18010551985515,250000.0,226686.37549146733,11334.318774573389,215352.05671689395,580.0,214772.05671689395,23313.624508532666,-549.9999999999999,12316.174069140317,1.0,1.0,target_soc,0.0,2.0545795088148685e-06,4.4784931642522585e-05
115.0,0.3329724826067887,29.761881607643936,26.238956656848163,250000.0,226784.50342038678,11339.225171019352,215445.27824936743,580.0,214865.27824936743,23215.496579613216,-549.9999999999999,12265.98877105659,1.0,1.0,target_soc,0.0,2.064006999751645e-06,4.684893864227423e-05
120.0,0.33684285297715905,29.905007851599546,26.299375521676808,250000.0,226882.87439973757,11344.143719986896,215538.73067975068,580.0,214958.73067975068,23117.12560026243,-549.9999999999998,12216.306021928867,1.0,1.0,target_soc,0.0,2.0733968387370344e-06,4.892233548101126e-05
125.0,0.3407132233475294,30.047073318469355,26.361305436776554,250000.0,226981.47825633024,11349.07391281653,215632.4043435137,580.0,215052.4043435137,23018.521743669757,-550.0,12167.115767476145,1.0,1.0,target_soc,0.0,2.0827496644473407e-06,5.10050851454586e-05
130.0,0.34458359371789976,30.188097219018395,26.424691386796994,250000.0,227080.3051045934,11354.015255229693,215726.2898493637,580.0,215146.2898493637,22919.694895406603,-550.0000000000001,12118.408236770309,1.0,1.0,target_soc,0.0,2.092066101908256e-06,5.3097151247366855e-05
135.0,0.3484539640882701,30.328098267922655,26.489479971209533,250000.0,227179.34533712067,11358.967266856052,215820.37807026462,580.0,215240.37807026462,22820.65466287933,-550.0000000000002,12070.173932968011,1.0,1.0,target_soc,0.0,2.1013467627006603e-06,5.519849801006751e-05
140.0,0.3523243344586405,30.467094697812477,26.555619358264615,250000.0,227278.5896155601,11363.929480778024,215914.66013478208,580.0,215334.66013478208,22721.410384439892,-550.0,12022.403624377479,1.0,1.0,target_soc,0.0,2.1105922451680123e-06,5.7309090255235526e-05
145.0,0.35619470482901083,30.6051042729022,26.623059240259682,250000.0,227378.0288618346,11368.901443091745,216009.12741874286,580.0,215429.12741874286,22621.97113816539,-550.0000000000001,11975.088335847173,1.0,1.0,target_soc,0.0,2.119803134624984e-06,5.942889338986051e-05
150.0,0.3600650751993812,30.742144302218765,26.691750790080338,250000.0,227477.65424967793,11373.8827124839,216103.77153719403,580.0,215523.77153719403,22522.34575032207,-550.0,11928.219340463165,1.0,1.0,target_soc,0.0,2.128980003566933e-06,6.155787339342744e-05
155.0,0.36393544556975155,30.87823165244154,26.76164661897818,250000.0,227577.4571964763,11378.872859823838,216198.58433665245,580.0,215618.58433665245,22422.542803523713,-550.0,11881.788151543486,1.0,1.0,target_soc,0.0,2.1381234118800247e-06,6.369599680530746e-05
160.0,0.3678058159401219,31.013382760365236,26.832700735549867,250000.0,227677.4293554006,11383.871467770048,216293.55788763057,580.0,215713.55788763057,22322.570644599386,-549.9999999999997,11835.786514917168,1.0,1.0,target_soc,0.0,2.1472339070515943e-06,6.584323071235906e-05
165.0,0.37167618631049226,31.147613644997442,26.90486850588303,250000.0,227777.56260782134,11388.878130391065,216388.68447743027,580.0,215808.68447743027,22222.43739217866,-549.9999999999999,11790.2064014774,1.0,1.0,target_soc,0.0,2.156312024380583e-06,6.799954273673965e-05
170.0,0.3755465566808626,31.280939919301836,26.978106614835596,250000.0,227877.84905598994,11393.892452799511,216483.95660319043,580.0,215903.95660319043,22122.150944010064,-549.9999999999999,11745.03999999748,1.0,1.0,target_soc,0.0,2.165358287187683e-06,7.016490102392733e-05
175.0,0.379416927051233,31.413376801597927,27.0523730284161,250000.0,227978.2810159824,11398.914050799125,216579.36696518326,580.0,215999.36696518326,22021.718984017614,-550.0000000000001,11700.279710200008,1.0,1.0,target_soc,0.0,2.1743732070250986e-06,7.233927423095243e-05
180.0,0.38328729742160333,31.54493912662766,27.12762695723349,250000.0,228078.85101088978,11403.94255054451,216674.90846034526,580.0,216094.90846034526,21921.148989110225,-549.9999999999999,11655.918136068887,1.0,1.0,target_soc,0.0,2.183357283885553e-06,7.452263151483798e-05
185.0,0.3871576677919737,31.67564135629905,27.20382882098582,250000.0,228179.55176424902,11408.977588212467,216770.57417603655,580.0,216190.57417603655,21820.448235750984,-549.9999999999999,11611.948079395363,1.0,1.0,target_soc,0.0,2.192311006410508e-06,7.671494252124849e-05
190.0,0.39102803816234405,31.805497590116545,27.28094021395817,250000.0,228280.3761937033,11414.018809685163,216866.35738401813,580.0,216286.35738401813,21719.623806296702,-550.0000000000002,11568.362533548574,1.0,1.0,target_soc,0.0,2.201234852097255e-06,7.891617737334575e-05
195.0,0.3948984085327144,31.934521575307627,27.358923871500913,250000.0,228381.31740488322,11419.065870244172,216962.25153463904,580.0,216382.25153463904,21618.682595116785,-550.0000000000002,11525.154677462433,1.0,1.0,target_soc,0.0,2.2101292875047985e-06,8.112630666085054e-05
200.0,0.39876877890308476,32.06272671665479,27.437743637460336,250000.0,228482.36868550238,11424.118434275122,217058.25025122726,580.0,216478.25025122726,21517.631314497616,-550.0000000000003,11482.317869830556,1.0,1.0,target_soc,0.0,2.218994768458368e-06,8.334530142930892e-05
205.0,0.4026391492734551,32.19012608604172,27.51736443253445,250000.0,228583.52349965557,11429.1761749828,217154.34732467277,580.0,216574.34732467277,21416.476500344434,-549.9999999999999,11439.84564350113,1.0,1.0,target_soc,0.0,2.2278317402523955e-06,8.557313316956132e-05
210.0,0.4065095196438255,32.31673243172241,27.59775222352754,250000.0,228684.77548231604,11434.238774115802,217250.53670820023,580.0,216670.53670820023,21315.224517683964,-550.0000000000002,11397.731700064556,1.0,1.0,target_soc,0.0,2.2366406378518346e-06,8.780977380741315e-05
215.0,0.41037989001419584,32.44255818732125,27.67887399347782,250000.0,228786.1184340193,11439.305921700987,217346.8125123183,580.0,216766.8125123183,21213.8815659807,-550.0000000000001,11355.96990462609,1.0,1.0,target_soc,0.0,2.2454218860916563e-06,9.005519569350481e-05
220.0,0.4142502603845662,32.56761548057252,27.76069771263329,250000.0,228887.54631573273,11444.377315786638,217443.1689999461,580.0,216863.1689999461,21112.453684267268,-550.0000000000003,11314.554280757282,1.0,1.0,target_soc,0.0,2.2541758998745406e-06,9.230937159337934e-05
225.0,0.41812063075493655,32.69191614180676,27.843192310251627,250000.0,228989.05324389768,11449.452662194904,217539.60058170278,580.0,216959.60058170278,21010.94675610232,-549.9999999999997,11273.479005618792,1.0,1.0,target_soc,0.0,2.2629030843664783e-06,9.457227467774583e-05
230.0,0.4219910011253069,32.81547171219173,27.926327647200555,250000.0,229090.63348564337,11454.531674282189,217636.10181136118,580.0,217056.10181136118,20909.366514356632,-549.9999999999999,11232.738405248994,1.0,1.0,target_soc,0.0,2.2716038351903906e-06,9.684387851293622e-05
235.0,0.42586137149567727,32.93829345173535,28.010074489335956,250000.0,229192.28145415976,11459.614072708006,217732.66738145176,580.0,217152.66738145176,20807.71854584024,-549.9999999999998,11192.326950011317,1.0,1.0,target_soc,0.0,2.280278538617465e-06,9.912415705155368e-05
240.0,0.4297317418660476,33.0603923470575,28.094404481635518,250000.0,229293.99170423124,11464.69958521158,217829.29211901966,580.0,217249.29211901966,20706.008295768755,-549.9999999999999,11152.239250195515,1.0,1.0,target_soc,0.0,2.2889275717563915e-06,0.00010141308462331007
245.0,0.433602112236418,33.18177911893785,28.1792901230664,250000.0,229395.75892791795,11469.787946395896,217925.97098152206,580.0,217345.97098152206,20604.241072082048,-550.0000000000001,11112.470051766366,1.0,1.0,target_soc,0.0,2.2975513027401628e-06,0.00010371063592605023
250.0,0.43747248260678834,33.302464229646056,28.264704742166042,250000.0,229497.57795038394,11474.8788975192,218022.69905286474,580.0,217442.69905286474,20502.422049616056,-550.0000000000001,11073.014232254878,1.0,1.0,target_soc,0.0,2.306150090910627e-06,0.00010601678601696085
255.0,0.4413428529771587,33.42245789006111,28.350622473315777,250000.0,229599.4437258655,11479.972186293278,218119.47153957223,580.0,217539.47153957223,20400.55627413449,-549.9999999999999,11033.86679678673,1.0,1.0,target_soc,0.0,2.3147242870005414e-06,0.00010833151030396139
260.0,0.44521322334752905,33.54177006658584,28.437018233687567,250000.0,229701.35133377358,11485.067566688696,218216.28376708488,580.0,217636.28376708488,20298.64866622642,-549.9999999999999,10995.022874242804,1.0,1.0,target_soc,0.0,2.32327423331324e-06,0.00011065478453727462
265.0,0.4490835937178994,33.66041048786276,28.523867700844693,250000.0,229803.2959749264,11490.164798746322,218313.1311761801,580.0,217733.1311761801,20196.704025073588,-549.9999999999999,10956.477713547254,1.0,1.0,target_soc,0.0,2.331800263899753e-06,0.00011298658480117438
270.0,0.45295396408826977,33.77838865129713,28.61114729097779,250000.0,229905.272967908,11495.263648395397,218410.0093195126,580.0,217830.0093195126,20094.727032091992,-550.0000000000002,10918.226680078393,1.0,1.0,target_soc,0.0,2.3403027047334004e-06,0.00011532688750590778
275.0,0.4568243344586401,33.895713829392875,28.698834137758176,250000.0,230007.27774554637,11500.363887277315,218506.91385826905,580.0,217926.91385826905,19992.722254453634,-550.0000000000003,10880.265252197973,1.0,1.0,target_soc,0.0,2.3487818738818787e-06,0.00011767566937978966
280.0,0.4606947048290105,34.012395075907,28.786906071790916,250000.0,230109.30585150927,11505.465292575478,218603.8405589338,580.0,218023.8405589338,19890.69414849073,-549.9999999999999,10842.58901789475,1.0,1.0,target_soc,0.0,2.357238081676703e-06,0.00012003290746146637
285.0,0.46456507519938084,34.128441231827715,28.454288969071627,250000.0,233123.63363876636,11656.181681938324,221467.45195682804,3346.6666666666665,218120.78529016138,16876.36636123364,-549.9999999999998,10805.193671538202,1.0,1.0,target_soc,0.0,2.3656716308801137e-06,0.0001223985790923465
290.0,0.4684354455697512,34.24175566802365,28.131432908873684,250000.0,233225.69545938703,11661.284772969375,221564.41068641766,3346.6666666666665,218217.744019751,16774.304540612968,-550.0000000000003,10768.07501073832,1.0,1.0,target_soc,0.0,2.3740828168493244e-06,0.00012477266190919582
295.0,0.47230581594012155,34.35241326954903,27.81806491769356,250000.0,233328.43198228328,11666.421599114168,221662.0103831691,3346.6666666666665,218315.34371650245,16671.568017716723,-550.0000000000001,10731.900364406236,1.0,1.0,target_soc,0.0,2.382318701144788e-06,0.0001271549806103406
300.0,0.4761761863104919,34.46048680065396,27.513919625715083,250000.0,233431.8142039553,11671.59071019778,221760.2234937575,3346.6666666666665,218413.55682709086,16568.18579604471,-550.0,10696.640737679372,1.0,1.0,target_soc,0.0,2.390383167381963e-06,0.00012954536377772258
305.0,0.48004655668086227,34.56604696641767,27.218739054310852,250000.0,233535.8141187954,11676.790705939784,221859.0234128556,3346.6666666666665,218512.35674618895,16464.185881204612,-549.9999999999999,10662.268124518803,1.0,1.0,target_soc,0.0,2.3982800339764497e-06,0.00013194364381169903
310.0,0.4839169270512326,34.66916247250874,26.93227240952962,250000.0,233640.40468014023,11682.02023400701,221958.38444613322,3346.6666666666665,218611.71777946656,16359.59531985977,-550.0000000000002,10628.755469521328,1.0,1.0,target_soc,0.0,2.406013053853826e-06,0.00013434965686555286
315.0,0.487787297421603,34.76990008313382,26.65427588139821,250000.0,233745.55976307945,11687.277988153975,222058.28177492548,3346.6666666666665,218711.61510825882,16254.440236920549,-550.0000000000005,10596.076631438205,1.0,1.0,target_soc,0.0,2.413585914270101e-06,0.00013676324277982297
320.0,0.49165766779197334,34.86832467723452,26.384512448871714,250000.0,233851.2541289327,11692.562706446653,222158.69142248604,3346.6666666666665,218812.02475581938,16148.745871067309,-549.9999999999997,10564.206348312466,1.0,1.0,target_soc,0.0,2.4210022367351164e-06,0.00013918424501655808
325.0,0.4955280381623437,34.964499302989445,26.12275169027059,250000.0,233957.46339130876,11697.873169565457,222259.5902217433,3346.6666666666665,218912.92355507665,16042.53660869124,-549.9999999999999,10533.120204152063,1.0,1.0,target_soc,0.0,2.4282655770312823e-06,0.00014161251059358935
330.0,0.49939840853271406,35.05848523067664,25.86876959904801,250000.0,234064.16398366014,11703.20819918302,222360.95578447712,3346.6666666666665,219014.28911781046,15935.836016339861,-550.0,10502.794597059916,1.0,1.0,target_soc,0.0,2.4353794253206674e-06,0.00014404789001891
335.0,0.5032687789030844,35.15034200394939,25.62234840473547,250000.0,234171.3331282659,11708.566656413313,222462.76647185258,3346.6666666666665,219116.09980518592,15828.666871734109,-549.9999999999998,10473.206708748294,1.0,1.0,target_soc,0.0,2.442347206333802e-06,0.0001464902372252438
340.0,0.5071391492734548,35.24012748957657,25.383276398919058,250000.0,234278.94880656357,11713.947440328193,222565.00136623537,3346.6666666666665,219218.33469956872,15721.051193436433,-549.9999999999998,10444.334475367337,1.0,1.0,target_soc,0.0,2.463625201824566e-06,0.00014895386242706838
345.0,0.5110095196438252,35.32789792569674,25.15134776610319,250000.0,234386.98973076444,11719.349486538238,222667.6402442262,3346.6666666666665,219320.97357755955,15613.010269235558,-550.0000000000002,10416.15655958241,1.0,1.0,target_soc,0.0,2.487620510388638e-06,0.00015144148293745702
350.0,0.5148798900141957,35.41370796863349,24.92636241932271,250000.0,234495.4353166884,11724.771765834419,222770.663550854,3346.6666666666665,219423.99688418733,15504.56468331159,-550.0000000000001,10388.652323838609,1.0,1.0,target_soc,0.0,2.511692005449435e-06,0.00015395317494290646
355.0,0.5187502603845661,35.49761073831791,24.708125840368425,250000.0,234604.2656577594,11730.21328288797,222874.05237487142,3346.6666666666665,219527.38570820476,15395.734342240612,-549.9999999999999,10361.801804754246,1.0,1.0,target_soc,0.0,2.535841860657921e-06,0.00015648901680356437
360.0,0.5226206307549365,35.57965786236221,24.496448924494963,250000.0,234713.461500101,11735.673075005063,222977.78842509593,3346.6666666666665,219631.12175842928,15286.538499899005,-549.9999999999999,10335.585688587898,1.0,1.0,target_soc,0.0,2.56007224936852e-06,0.0001590490890529329
365.0,0.5264910011253069,35.65989951882718,24.291147829483766,250000.0,234823.0042186807,11741.15021093405,223081.85400774665,3346.6666666666665,219735.18734108,15176.995781319303,-550.0,10309.98528772731,1.0,1.0,target_soc,0.0,2.584385344163071e-06,0.00016163347439709596
370.0,0.5303613714956773,35.73838447772456,24.092043828937648,250000.0,234932.87579445244,11746.643789722642,223186.2320047298,3346.6666666666665,219839.56533806314,15067.12420554756,-550.0,10284.982518150991,1.0,1.0,target_soc,0.0,2.6087833164159334e-06,0.0001642422577135119
375.0,0.5342317418660477,35.815160141293994,23.898963169686954,250000.0,235043.05879244723,11752.152939622378,223290.90585282486,3346.6666666666665,219944.2391861582,14956.941207552765,-549.9999999999995,10260.559877815995,1.0,1.0,target_soc,0.0,2.633268335898113e-06,0.00016687552604941
380.0,0.5381021122364181,35.89027258309291,23.71173693319089,250000.0,235153.53634076976,11757.676817038504,223395.85952373125,3346.6666666666665,220049.1928570646,14846.463659230241,-549.9999999999997,10236.700425928102,1.0,1.0,target_soc,0.0,2.657842570418556e-06,0.00016953336861982857
385.0,0.5419724826067885,35.96376658593619,23.530200900820844,250000.0,235264.29211045278,11763.214605522662,223501.07750493012,3346.6666666666665,220154.41083826346,14735.707889547222,-550.0000000000001,10213.38776305253,1.0,1.0,target_soc,0.0,2.6825081855005923e-06,0.00017221587680532916
390.0,0.545842852977159,36.035685678721485,23.354195422915943,250000.0,235375.3102961339,11768.765514806699,223606.5447813272,3346.6666666666665,220259.87811466053,14624.689703866112,-550.0,10190.606012026306,1.0,1.0,target_soc,0.0,2.7072673440917837e-06,0.00017492314414942095
395.0,0.5497132233475294,36.10607217217449,23.183565291504095,250000.0,235486.57559751536,11774.328779875766,223712.2468176396,3346.6666666666665,220365.58015097294,14513.424402484641,-550.0,10168.339799634892,1.0,1.0,target_soc,0.0,2.7321222063054764e-06,0.00017765526635572643
400.0,0.5535835937178998,36.17496719354769,23.01815961658499,250000.0,235598.07320156627,11779.90366007833,223818.16954148794,3346.6666666666665,220471.50287482128,14401.926798433735,-549.9999999999999,10146.57423901761,1.0,1.0,target_soc,0.0,2.757074929192298e-06,0.00018041234128491872
405.0,0.5574539640882702,36.24241072030457,22.85783170587444,250000.0,235709.78876543837,11785.489438271936,223924.29932716643,3346.6666666666665,220577.63266049977,14290.211234561633,-550.0,10125.294912768859,1.0,0.9920364584046671,target_soc,0.0,2.7821276665401086e-06,0.00018319446895145882
410.0,0.5613243344586406,36.308441612820616,22.702438947912288,250000.0,235821.70840005833,11791.085420002928,224030.6229800554,3346.6666666666665,220683.95631338874,14178.291599941673,-549.9999999999997,10104.487856703123,1.0,0.9834356353593996,target_soc,0.0,2.807282568700838e-06,0.00018600175152015967
415.0,0.565194704829011,36.373097646131,22.551842698439085,250000.0,235933.81865436997,11796.690932718513,224137.12772165146,3346.6666666666665,220790.4610549848,14066.18134563003,-550.0000000000002,10084.139544254165,1.0,0.9748348123141319,target_soc,0.0,2.8325417824427942e-06,0.00018883429330260248
420.0,0.5690650751993814,36.43641554075411,22.405908169949253,250000.0,236046.10650019022,11802.30532500951,224243.8011751807,3346.6666666666665,220897.13450851405,13953.893499809783,-550.0000000000001,10064.236871479352,1.0,0.9662339892688644,target_soc,0.0,2.8579074508270247e-06,0.0001916922007534295
425.0,0.5729354455697518,36.49843099261907,22.26450432433126,250000.0,236158.5593176607,11807.92796588305,224350.63135177764,3346.6666666666665,221003.964685111,13841.440682339307,-550.0,10044.767142642957,1.0,0.9576331662235968,target_soc,0.0,2.8833817131064765e-06,0.000194575582466536
430.0,0.5768058159401223,36.55917870212437,22.12750376850781,250000.0,236271.16488125888,11813.558244062966,224457.60663719592,3346.6666666666665,221110.93997052926,13728.835118741117,-549.9999999999998,10025.718056351983,1.0,0.9490323431783292,target_soc,0.0,2.908966704646584e-06,0.0001974845491711826
435.0,0.5806761863104927,36.61869240235393,21.99478265299157,250000.0,236383.9113463502,11819.19556731751,224564.7157790327,3346.6666666666665,221218.04911236605,13616.088653649786,-549.9999999999999,10007.077692220742,1.0,0.9404315201330616,target_soc,0.0,2.9346645568662324e-06,0.00020041921372804882
440.0,0.584546304002464,36.67698260384208,21.866220573274365,250000.0,236480.4812894923,11824.024064474623,224656.4572250177,3346.6666666666665,221309.79055835103,13519.518710507691,-549.9640930696054,9987.141017856939,1.0,0.9318306970877941,soc_taper,0.0,2.960095081017756e-06,0.00020337930880906657
445.0,0.5883813451391067,36.73103191650548,21.74170002831744,250000.0,234330.41590506388,11716.520795253193,222613.8951098107,3346.6666666666665,219267.22844314403,15669.584094936115,-544.9795299439667,9735.837334034302,1.0,0.92323043555008,soc_taper,0.0,2.932752474718494e-06,0.00020631206128378507
450.0,0.592181598938233,36.7809659317827,21.62104579759308,250000.0,232199.83749581786,11609.991874790896,220589.84562102697,3346.6666666666665,217243.1789543603,17800.16250418214,-540.036066191628,9490.931278580216,1.0,0.9147081219130963,soc_taper,0.0,2.9051278821963194e-06,0.0002092171891659814
455.0,0.5959473537815463,36.826906214347055,21.50408909180889,250000.0,230088.58538519245,11504.429269259621,218584.15611593283,3346.6666666666665,215237.48944926617,19911.414614807552,-535.1335829971509,9252.231125882896,1.0,0.9062631134705934,soc_taper,0.0,2.877249290864194e-06,0.00021209443845684558
460.0,0.5996788971233309,36.86897044749011,21.390667328515896,250000.0,227996.49936112927,11399.824968056462,216596.6743930728,3346.6666666666665,213250.00772640615,22003.500638870726,-530.2719485693879,9019.552225437092,1.0,0.8978947693743415,soc_taper,0.0,2.8491436330071076e-06,0.00021494358208985268
465.0,0.6033765154054337,36.90727257256074,21.28062391564363,250000.0,225923.41972680454,11296.170986340236,214627.2487404643,3346.6666666666665,211280.58207379765,24076.58027319546,-525.4510190356614,8792.716690577927,1.0,0.8896024508370425,soc_taper,0.0,2.8208368082441097e-06,0.0002177644188980968
470.0,0.60704049397817,36.94192292273387,21.173808042665975,250000.0,223869.18734785845,11193.459367392934,212675.7279804655,3346.6666666666665,209329.06131379885,26130.812652141554,-520.6706392835752,8571.553102786365,1.0,0.8813855213212585,soc_taper,0.0,2.7923537064520205e-06,0.0002205567726045488
475.0,0.6106711170268063,36.97302835136918,21.07007447911365,250000.0,221833.64369633832,11091.68218481692,210741.9615115214,3346.6666666666665,207395.29484485474,28166.356303661683,-515.9306437535932,8355.896230708888,1.0,0.8732433467151779,soc_taper,0.0,2.763718231051265e-06,0.00022332049083560008
480.0,0.6142686675032955,37.000692355206375,20.96928338016086,250000.0,219816.6308915404,10990.831544577028,208825.79934696338,3346.6666666666665,205479.13268029672,30183.369108459592,-511.23085718529825,8145.586763083673,1.0,0.8651752954959859,soc_taper,0.0,2.7349533225625175e-06,0.0002260554441581626
485.0,0.6178334270629552,37.025015192631336,20.87130009902455,250000.0,217817.99173793523,10890.899586896761,206927.09215103847,3346.6666666666665,203580.4254843718,32182.008262064774,-506.5710953200728,7940.4710548141,1.0,0.8571807388815657,soc_taper,0.0,2.70608098235125e-06,0.00022876152514051385
490.0,0.6213656760058044,37.046093997235346,20.77599500592531,250000.0,215837.5697603465,10791.878488017333,205045.69127232916,3346.6666666666665,201699.0246056625,34162.430239653506,-501.95116556277594,7740.400885475137,1.0,0.8492590509712107,soc_taper,0.0,2.6771222964846597e-06,0.0002314386474369985
495.0,0.6248656932222828,37.06402288687853,20.683243313369054,250000.0,213875.2092365414,10693.76046182707,203181.44877471434,3346.6666666666665,199834.7821080477,36124.790763458586,-497.37086760482174,7545.233229579881,1.0,0.8414096088759903,soc_taper,0.0,2.6480974596323896e-06,0.0002340867448966309
500.0,0.6283337561431005,37.07889306845801,20.592924907518107,250000.0,211930.75522738672,10596.537761369342,201334.21746601738,3346.6666666666665,197987.55079935072,38069.24477261328,-492.82999401092917,7354.830037973508,1.0,0.8336317928393715,soc_taper,0.0,2.619025798949156e-06,0.00023670577069558006
505.0,0.6317701406929752,37.090792938571184,20.504924185429626,250000.0,210004.05360471015,10500.202680235525,199503.85092447462,3346.6666666666665,196157.18425780797,39995.94639528985,-488.3283307716658,7169.058029758294,1.0,0.8259249863486655,soc_taper,0.0,2.5899257978831943e-06,0.00023929569649346326
510.0,0.6351751212480314,37.09980818025532,20.419129897948018,250000.0,208094.951077002,10404.747553850117,197690.2035231519,3346.6666666666665,194343.53685648524,41905.04892299799,-483.86565782378005,6987.788494188231,1.0,0.8182885762378328,soc_taper,0.0,2.5608151198601573e-06,0.0002418565116133234
515.0,0.6385489705966476,37.10602185597542,20.33543499804639,250000.0,206203.29521308202,10310.164760654123,195893.1304524279,3346.6666666666665,192546.46378576124,43796.70478691798,-479.4417495401947,6810.897102004247,1.0,0.8107219527821523,soc_taper,0.0,2.5317106317970804e-06,0.0002443882222451205
520.0,0.6418919599035502,37.10951449702409,20.253736494420124,250000.0,204328.9344638508,10216.446723192552,194112.48774065825,3346.6666666666665,190765.8210739916,45671.065536149195,-475.05637519142323,6638.26372571146,1.0,0.8032245097852275,soc_taper,0.0,2.502628427406111e-06,0.0002468908506725266
525.0,0.6452043586769655,37.110364189489076,20.173935310143314,250000.0,202471.71818223826,10123.58590911192,192348.13227312634,3346.6666666666665,189001.46560645968,47528.281817761745,-470.7092993800632,6469.772268328673,1.0,0.7957956446587773,soc_taper,0.0,2.4735838502516975e-06,0.0002493644345227783
530.0,0.6484864347386501,37.10864665693665,20.095936146206206,250000.0,200631.496641452,10031.574832072598,190599.9218093794,3346.6666666666665,187253.25514271273,49368.50335854801,-466.40028244991595,6305.310500166772,1.0,0.7884347584956323,soc_taper,0.0,2.4445915165293765e-06,0.0002518090260393077
535.0,0.6517384541966326,37.10443533995166,20.01964734975875,250000.0,198808.12105162718,9940.406052581355,188867.71499904583,3346.6666666666665,185521.04833237917,51191.87894837282,-462.1290808711962,6144.769903218296,1.0,0.7811412561363331,soc_taper,0.0,2.415665337537765e-06,0.0002542246913768454
540.0,0.654960681420507,37.09780147266864,19.944980786892128,250000.0,197001.4435749702,9850.072178748524,187151.3713962217,3346.6666666666665,183804.70472955503,52998.55642502979,-457.8954476032047,5988.0455227639595,1.0,0.7739145462297053,soc_taper,0.0,2.386818541819069e-06,0.0002566115099186645
545.0,0.658153379019129,37.088814156421655,19.876484916689893,250000.0,195211.31733948438,9760.56586697424,185450.75147251014,3346.6666666666665,182104.08480584348,54788.682660515624,-453.6991324357511,5835.035825823985,1.0,0.7667540412877621,soc_taper,0.0,2.3580636969463373e-06,0.0002589695736156108
550.0,0.6613168078205736,37.07756359661909,19.815109517907956,250000.0,193437.59645136123,9671.879822568066,183765.71662879316,3346.6666666666665,180419.0499621265,56562.40354863877,-449.53988231054717,5685.642566103343,1.0,0.7596591577352689,soc_taper,0.0,2.3294127309388766e-06,0.00026129898634654966
555.0,0.6644512269259293,37.06414298848027,19.760050433326462,250000.0,191680.13600611404,9584.00680030571,182096.12920580833,3346.6666666666665,178749.46253914168,58319.863993885956,-445.4174518137021,5539.7663313598705,1.0,0.752629315954281,soc_taper,0.0,2.300878653010049e-06,0.0002635998649995597
560.0,0.6675568937028773,37.048639763980965,19.71059107585996,250000.0,189938.79205869415,9496.939602934726,180441.85245575942,3346.6666666666665,177095.18578909276,60061.20794130585,-441.3315946189305,5397.310109011367,1.0,0.7456639401646016,soc_taper,0.0,2.2724741474825388e-06,0.00026587233914704227
565.0,0.6706340637536305,37.03113611031916,19.666092980159767,250000.0,188213.42162705652,9410.671081352833,178802.7505457037,3346.6666666666665,175456.08387903703,61786.57837294348,-437.282059843879,5258.180823188921,1.0,0.7387624584380504,soc_taper,0.0,2.2442109416848615e-06,0.0002681165500887271
570.0,0.6736829908874205,37.011709435082835,19.625987371585964,250000.0,186503.8827099715,9325.194135498576,177178.68857447294,3346.6666666666665,173832.02190780628,63496.11729002849,-433.2685926964588,5122.289071499858,1.0,0.7319243027697099,soc_taper,0.0,2.2160998778417772e-06,0.0002703326499665689
575.0,0.6767039270970471,36.990432783805154,19.589767643052802,250000.0,184810.03430231023,9240.501715115533,175569.5325871947,3346.6666666666665,172222.86592052804,65189.96569768977,-429.2909350522052,4989.548887025017,1.0,0.7251489091390656,soc_taper,0.0,2.1881509781437164e-06,0.00027252080094471257
580.0,0.6796971225390623,36.967375214978944,19.55698264203512,250000.0,183131.73640807328,9156.586820403667,173975.1495876696,3346.6666666666665,170628.48292100296,66868.26359192672,-425.3488259705826,4859.877522693902,1.0,0.7184357175621175,soc_taper,0.0,2.160373503731668e-06,0.0002746811744484442
585.0,0.6826628255172056,36.94260213705536,19.52723068053885,250000.0,181468.850051398,9073.442502569902,172395.4075488281,3346.6666666666665,169048.74088216145,68531.14994860199,-421.44200215719206,4733.1952555262305,1.0,0.711784172135417,soc_taper,0.0,2.132776008252605e-06,0.00027681395045669685
590.0,0.6856012824687545,36.91617561146398,19.500154190222528,250000.0,179821.23728576285,8991.061864288145,170830.1754214747,3346.6666666666665,167483.50875480805,70178.76271423715,-417.57019837801016,4609.42520853134,1.0,0.7051937210728765,soc_taper,0.0,2.1053663865683274e-06,0.0002789193168432652
595.0,0.6885127379534914,36.888154625256725,19.47543495323072,250000.0,178188.76120156917,8909.438060078479,169279.3231414907,3346.6666666666665,165932.65647482403,71811.23879843083,-413.73314783102927,4488.49318832072,1.0,0.6986638167361011,soc_taper,0.0,2.0781519191355562e-06,0.00028099746876240076
600.0,0.6913974346450177,36.8585953365903,19.452789846773108,250000.0,176571.2859322709,8828.564296613564,167742.72163565733,3346.6666666666665,164396.05496899068,73428.7140677291,-409.9305824800429,4370.327536721583,1.0,0.6921939156589079,soc_taper,0.0,2.0511393125176905e-06,0.0002830486080749184
605.0,0.6942556133241807,36.82755129591598,19.431967046151463,250000.0,174968.67665920063,8748.433832960029,166220.2428262406,3346.6666666666665,162873.57615957395,75031.32334079937,-406.16223335475024,4254.858994882533,1.0,0.6857834785666274,soc_taper,0.0,2.0243347364371343e-06,0.00028507294281135555
610.0,0.6970875128744015,36.79507364543743,19.412742636887852,250000.0,173380.7996152212,8669.039980761067,164711.75963446015,3346.6666666666665,161365.0929677935,76619.20038477879,-402.4278308208549,4142.020578540592,1.0,0.6794319703907095,soc_taper,0.0,1.997743857731436e-06,0.000287070686669087
615.0,0.6998933702787143,36.76121129912198,19.394917591917764,250000.0,171807.52208732095,8590.376104366063,163217.14598295488,3346.6666666666665,159870.47931628823,78192.47791267905,-398.7271048234008,4031.747463275279,1.0,0.6731388602791077,soc_taper,0.0,1.9713718715357018e-06,0.0002890420585406227
620.0,0.7026734206183507,36.726011105305865,19.378315074551075,250000.0,170248.71241825813,8512.435620912904,161736.27679734523,3346.6666666666665,158389.61013067857,79751.28758174187,-395.05978510621327,3923.976878712886,1.0,0.666903621602857,soc_taper,0.0,1.945223529977848e-06,0.00029098728207060053
625.0,0.7054278970727172,36.68951799371479,19.36277803213267,250000.0,168704.24000734897,8435.212000367464,160269.0280069815,3346.6666666666665,156922.36134031485,81295.75999265103,-391.42560140997676,3818.6480107646457,1.0,0.6607257319592207,soc_taper,0.0,1.9193031686408376e-06,0.00029290658523924135
630.0,0.708157030920633,36.65177510852646,19.348167049108614,250000.0,167173.97531047868,8358.698765523935,158815.27654495474,3346.6666666666665,155468.6098782881,82826.02468952132,-387.82428365117937,3715.7019110879164,1.0,0.6546046731717394,soc_taper,0.0,1.893614731017794e-06,0.00029480019997025917
635.0,0.710861051542705,36.61282392892743,19.334358431571516,250000.0,165657.78983941436,8282.889491970738,157374.90034744362,3346.6666666666665,154028.23368077696,84342.21016058564,-384.2555620839082,3615.0814130531053,1.0,0.6485399312874822,soc_taper,0.0,1.8681617911604447e-06,0.00029666836176141963
640.0,0.7135401864247342,36.57270437846145,19.321242498364153,250000.0,164155.5561604854,8207.777808024286,155947.77835246111,3346.6666666666665,152601.11168579446,85844.4438395146,-380.71916744625156,3516.7310535805627,1.0,0.6425309965717667,soc_taper,0.0,1.8429475746990154e-06,0.0002985113093361186
645.0,0.7161946611620543,36.53145492432785,19.308722056502464,250000.0,162667.1478926915,8133.357394634571,154533.79049805691,3346.6666666666665,151187.12383139026,87332.85210730851,-377.21483109285896,3420.5970002836034,1.0,0.6365773635005908,soc_taper,0.0,1.817974978391786e-06,0.0003003292843145104
650.0,0.7188246994647157,36.48911266766527,19.29671104107231,250000.0,161192.43970529153,8059.621985264588,153132.81772002694,3346.6666666666665,149786.15105336029,88807.56029470847,-373.7422851150364,3326.626983417029,1.0,0.6306785307509903,soc_taper,0.0,1.7932465883447374e-06,0.00030212253090285514
655.0,0.7214305231634351,36.44571342574528,19.285133301890276,250000.0,159731.30731492402,7986.56536574621,151744.7419491778,3346.6666666666665,148398.07528251116,90268.69268507598,-370.3012624496094,3234.7702321865577,1.0,0.6248340011895206,soc_taper,0.0,1.7687646970264468e-06,0.0003038912955998816
660.0,0.7240123522162407,36.40129180690263,19.27392152112477,250000.0,158283.62748230202,7914.181374115113,150369.4461081869,3346.6666666666665,147022.77944152025,91716.37251769798,-366.8914969776387,3144.9774150233175,1.0,0.619043281859033,soc_taper,0.0,1.744531319189194e-06,0.00030563582691907077
665.0,0.7265704047157464,36.35588127894046,19.263016247774523,250000.0,156849.27800852124,7842.463900426083,149006.81410809516,3346.6666666666665,145660.1474414285,93150.72199147876,-363.51272361395945,3057.2005834708866,1.0,0.6133058839639095,soc_taper,0.0,1.72054820679519e-06,0.000307356375125866
670.0,0.7291048968969982,36.30951423167108,19.25236503641947,250000.0,155428.13773101804,7771.406886550918,147656.73084446712,3346.6666666666665,144310.06417780046,94571.86226898196,-360.16467838840805,2971.3931193705985,1.0,0.6076213228538968,soc_taper,0.0,1.6968168630359731e-06,0.00030905319198890193
675.0,0.7316160431458393,36.262222034182514,19.241921679013448,250000.0,154020.08651921144,7701.004325960588,146319.08219325086,3346.6666666666665,142972.4155265842,95979.91348078856,-356.8470985195147,2887.50968506452,1.0,0.6019891180066707,soc_taper,0.0,1.6733385555234258e-06,0.00031072653054442533
680.0,0.734104056007745,36.21403508735884,19.23164551969698,250000.0,152625.00526985544,7631.2502634927805,144993.75500636265,3346.6666666666665,141647.088339696,97374.99473014456,-353.55972248134213,2805.5061763649032,1.0,0.596408793009246,soc_taper,0.0,1.650114328722276e-06,0.0003123766448731476
685.0,0.7365691461970849,36.16498287212665,19.22150084368698,250000.0,151242.77590213003,7562.138795106497,143680.63710702353,3346.6666666666665,140333.97044035688,98757.22409786997,-350.30229006409303,2725.3396780655407,1.0,0.5908798755383445,soc_taper,0.0,1.6271450156865615e-06,0.00031400378988883417
690.0,0.7390115226067707,36.11509399385015,19.211456332262873,250000.0,149873.2813524967,7493.664067624835,142379.61728487187,3346.6666666666665,139032.9506182052,100126.7186475033,-347.074542429041,2646.9684217935,1.0,0.5854018973398113,soc_taper,0.0,1.6044312491558371e-06,0.00031560822113799
695.0,0.7414313923182548,36.064396223253006,19.201484576727648,250000.0,148516.40556933783,7425.820278466912,141090.58529087092,3346.6666666666665,137743.91862420426,101483.59443066217,-343.8762221582763,2570.3517460201233,1.0,0.5799743942071761,soc_taper,0.0,1.5819734720609635e-06,0.00031719019461005096
700.0,0.7438289606118454,36.012916534205495,19.19156164498884,250000.0,147172.03350740223,7358.601675370126,139813.4318320321,3346.6666666666665,136466.76516536545,102827.96649259777,-340.70707329971475,2495.4500580685553,1.0,0.5745969059594337,soc_taper,0.0,1.5597719474841603e-06,0.00031874996655753513
705.0,0.7462044309773075,35.96068113868008,19.181666695088612,250000.0,145840.05112207407,7292.002556103718,138548.04856597036,3346.6666666666665,135201.3818993037,104159.94887792593,-337.5668414077696,2422.224797971007,1.0,0.5692689764181212,soc_taper,0.0,1.5378267681134141e-06,0.00032028779332564855
710.0,0.7485580051247227,35.907715519146905,19.171781630622508,250000.0,144520.34536348408,7226.0172681742115,137294.32809530987,3346.6666666666665,133947.66142864322,105479.65463651592,-334.45527358005097,2350.6384040434245,1.0,0.5639901533837611,soc_taper,0.0,1.5161378652272287e-06,0.0003218039311908758
715.0,0.7508898829955811,35.85404445865241,19.161890793531207,250000.0,143212.80417047563,7160.640208523779,136052.16396195185,3346.6666666666665,132705.4972952852,106787.19582952437,-331.3721184904139,2280.654280057679,1.0,0.5587599886117273,soc_taper,0.0,1.4947050172420443e-06,0.00032329863620811784
720.0,0.7532002627740828,35.79969206879921,19.151980690235796,250000.0,141917.3164644432,7095.865823222179,134821.45064122102,3346.6666666666665,131474.78397455436,108082.6835355568,-328.317126418656,2212.236763902943,1.0,0.5535780377875975,soc_taper,0.0,1.4735278578515738e-06,0.0003247721640659694
725.0,0.7554893408986255,35.74468181582268,19.142039747520858,250000.0,140633.77214305347,7031.688607152668,133602.0835359008,3346.6666666666665,130255.41686923413,109366.22785694653,-325.29004927712595,2145.351097637655,1.0,0.5484438605020382,soc_taper,0.0,1.4526058837843476e-06,0.00032622476994975376
730.0,0.7577573120734608,35.689036544939626,19.1320580949568,250000.0,139362.06207386302,6968.103103693167,132393.95897016986,3346.6666666666665,129047.2923035032,110637.93792613698,-322.29064063448845,2079.9633988426413,1.0,0.5433570202252767,soc_taper,-1.4551915228366852e-11,1.4319384622033268e-06,0.0003276567084119571
735.0,0.760004369280498,35.632778503126474,19.122027370998357,250000.0,138102.0780878436,6905.103904392192,131196.9741834514,3346.6666666666665,127850.30751678474,111897.9219121564,-319.3186557368677,2016.0406331938607,1.0,0.5383170842811983,soc_taper,0.0,1.411524837769211e-06,0.0003290682332497263
740.0,0.7622307037912405,35.5759293604682,19.111940550204483,250000.0,136853.7129728227,6842.685648641127,130011.02732418156,3346.6666666666665,126664.36065751489,113146.28702717731,-316.37385152656043,1953.5505881801214,1.0,0.5333236238211156,soc_taper,0.0,1.3913641393870203e-06,0.00033045959738911334
745.0,0.7644365051788374,35.51851023020502,19.10179178929995,250000.0,135616.86046685462,6780.843023342735,128836.01744351188,3346.6666666666665,125489.35077684521,114383.13953314538,-313.4559866585165,1892.461847898005,1.0,0.5283762137972434,soc_taper,0.0,1.3714553866539752e-06,0.0003318310527757673
750.0,0.7666219613302374,35.46054168759077,19.09157629004445,250000.0,134391.41525152317,6719.570762576172,127671.844488947,3346.6666666666665,124325.17782228033,115608.58474847683,-310.56482151473614,1832.7437688611885,1.0,0.5234744329359168,soc_taper,0.0,1.3517974960248201e-06,0.0003331828502717921
755.0,0.7687872584584293,35.40204378766576,19.08129017709416,250000.0,133177.2729451897,6658.863647259495,126518.40929793021,3346.6666666666665,123171.74263126354,116822.7270548103,-307.7001182167473,1774.3664567670908,1.0,0.5186178637105835,soc_taper,0.0,1.33238928670971e-06,0.0003345152395585018
760.0,0.7709325811147589,35.34303608203617,19.070930389236125,250000.0,131974.3300961944,6598.716504809723,125375.61359138468,3346.6666666666665,122028.94692471801,118025.6699038056,-304.86164063630525,1717.3007441681357,1.0,0.5138060923146015,soc_taper,0.0,1.3132294863183442e-06,0.00033582846904482017
765.0,0.7730581122013086,35.283537634743205,19.060494582550366,250000.0,130782.48417601106,6539.124208800553,124243.3599672105,3346.6666666666665,120896.69330054383,119217.51582398894,-302.04915440442636,1661.518168998643,1.0,0.509038708633869,soc_taper,0.0,1.294316736262875e-06,0.000337122785781083
770.0,0.7751640329833305,35.22356703729688,19.049981044210256,250000.0,129601.6335723725,6480.081678618633,123121.55189375387,3346.6666666666665,119774.8852270872,120398.3664276275,-299.26242691889814,1606.9909539129544,1.0,0.5043153062193142,soc_taper,0.0,1.2756495969314498e-06,0.00033839843537801446
775.0,0.7772505231017218,35.163142422941874,19.039388615770626,250000.0,128431.67758236034,6421.583879118029,122010.09370324231,3346.6666666666665,118663.42703657564,121568.32241763966,-296.5012273503458,1553.6919863925464,1.0,0.4996354822592656,soc_taper,0.0,1.2572265526429304e-06,0.0003396556619306574
780.0,0.7793177605855339,35.102281480216334,19.028716624917067,250000.0,127272.5164054763,6363.6258202738245,120908.89058520248,3346.6666666666665,117562.2239185358,122727.4835945237,-293.76532664698186,1501.5947995841566,1.0,0.49499883755172924,soc_taper,0.0,1.2390460163930205e-06,0.0003408947079470504
785.0,0.7813659218645058,35.041001465858685,19.017964824760497,250000.0,126124.05113669169,6306.202556834585,119817.8485798571,3346.6666666666665,116471.18191319043,123875.94886330831,-291.0544975381108,1450.673553832597,1.0,0.49040497647659126,soc_taper,0.0,1.2211063344009578e-06,0.00034211581428145134
790.0,0.7833951817816144,34.97931921711208,19.007133339859777,250000.0,124986.18375948515,6249.309187974257,118736.8745715109,3346.6666666666665,115390.20790484422,125013.81624051485,-288.36851453648626,1400.9030188751567,1.0,0.48585350696776486,soc_taper,0.0,1.2034057904655253e-06,0.0003433192200719169
795.0,0.7854057136056337,34.91725116347143,18.99622261824328,250000.0,123858.8171388693,6192.9408569434745,117665.87628192583,3346.6666666666665,114319.20961525915,126141.1828611307,-285.70715393959216,1352.2585566662588,1.0,0.4813440404853014,soc_taper,0.0,1.1859426101384727e-06,0.0003445051626820554
800.0,0.7873976890436961,34.854813337913754,18.985233388778884,250000.0,122741.85501441406,6137.092750720709,116604.76226369335,3346.6666666666665,113258.09559702668,127258.14498558594,-283.07019382992615,1304.71610480341,1.0,0.4768761919874806,soc_taper,0.0,1.168714964722999e-06,0.0003456738776467784
805.0,0.789371278253849,34.7920213876487,18.97416662331204,250000.0,121635.2019932683,6081.760099663414,115553.44189360489,3346.6666666666665,112206.77522693822,128364.7980067317,-280.45741407435105,1258.2521605271336,1.0,0.4724495799028975,soc_taper,0.0,1.1517209751044486e-06,0.00034682559862188284
810.0,0.7913266498576005,34.728890584422665,18.963023503054128,250000.0,120538.76354318335,6026.9381771591725,114511.82536602418,3346.6666666666665,111165.1586993575,129461.23645681665,-277.8685963225754,1212.8437652693237,1.0,0.46806382610255776,soc_taper,0.0,1.1349587154199051e-06,0.00034796055733730274
815.0,0.7932639709524493,34.665435834406956,18.95180538875918,250000.0,119452.44598554361,5972.62229927718,113479.82368626643,3346.6666666666665,110133.15701959976,130547.55401445639,-275.30352400482735,1168.468489726134,1.0,0.4637185558719989,soc_taper,0.0,1.1184262165731863e-06,0.00034907898355387594
820.0,0.7951834071243925,34.60167168769757,18.94051379427693,250000.0,118376.15648840532,5918.807824420277,112457.34866398505,3346.6666666666665,109110.68199731837,131623.8435115947,-272.76198232877005,1125.104419432711,1.0,0.45941339788344604,soc_taper,0.0,1.1021214696011321e-06,0.0003501811050234771
825.0,0.7970851224604067,34.53761234745176,18.929150363114527,250000.0,117309.80305954782,5865.490152977392,111444.31290657043,3346.6666666666665,108097.64623990376,132690.19694045218,-270.24375827571527,1082.7301408186413,1.0,0.45514798416801666,soc_taper,0.0,1.0860424288970265e-06,0.0003512671474523741
830.0,0.7989692795608984,34.47327167868434,18.91771684767899,250000.0,116253.29453954002,5812.664726977004,110440.62981256301,3346.6666666666665,107093.96314589634,133746.70546045998,-267.74864059618045,1041.324727724024,1.0,0.45092195008798497,soc_taper,0.0,1.0701870152965195e-06,0.0003523373344676706
835.0,0.8,34.39021558961116,18.906215090907942,250000.0,64184.34322765829,3209.2171613829196,60975.12606627537,3346.6666666666665,57628.459399608706,185815.6567723417,-146.47079924076542,-401.15193377976334,1.0,0.44673493430911476,target_soc,0.0,4.019842895632524e-07,0.00035273931875723385
