time_s,soc,battery_core_temp_c,battery_surface_temp_c,requested_traction_power_w,available_traction_power_w,actual_traction_power_w,preconditioning_thermal_power_w,preconditioning_aux_power_w,battery_terminal_power_w,power_closure_residual_w,preconditioning_reason,incremental_aging_damage,cumulative_route_aging_damage
0.0,0.3496978168688718,24.00748213901169,23.996315789473684,15300.0,220000.0,15300.0,0.0,0.0,15299.999999999958,-4.18367562815547e-11,temperature_in_benefit_band,3.3707941951141526e-08,3.3707941951141526e-08
5.0,0.3493899970814405,24.015078448735434,23.99286169264173,15582.226850822663,220000.0,15582.226850822663,0.0,0.0,15582.22685082263,-3.2741809263825417e-11,temperature_in_benefit_band,3.444650576518828e-08,6.81544477163298e-08
10.0,0.3490765996221654,24.022788816936743,23.98963496675084,15861.36156520795,220000.0,15861.36156520795,0.0,0.0,15861.361565208043,9.276845958083868e-11,temperature_in_benefit_band,3.518212360669004e-08,1.0333657132301985e-07
15.0,0.348757744476787,24.030611212803752,23.986632926710545,16134.345884812357,220000.0,16134.345884812357,0.0,0.0,16134.345884812297,-6.002665031701326e-11,temperature_in_benefit_band,3.590666482643339e-08,1.3924323614945325e-07
20.0,0.34843361137605705,24.03854169019384,23.983852905462154,16398.18893630466,220000.0,16398.18893630466,0.0,0.0,16398.188936304672,1.0913936421275139e-11,temperature_in_benefit_band,3.661197593632714e-08,1.7585521208578039e-07
25.0,0.34810443787975137,24.04657441550962,23.981292215278305,16650.0,220000.0,16650.0,0.0,0.0,16650.000000000025,2.546585164964199e-11,temperature_in_benefit_band,3.728998291744196e-08,2.1314519500322234e-07
30.0,0.34777051681981846,24.05470172125915,23.978948110465314,16887.020181189677,220000.0,16887.020181189677,0.0,0.0,16887.020181189593,-8.36735125631094e-11,temperature_in_benefit_band,3.7932798540145884e-08,2.510779935433682e-07
35.0,0.3474321931288474,24.062914185839386,23.976817751951387,17106.652637168914,220000.0,17106.652637168914,0.0,0.0,17106.65263716896,4.729372449219227e-11,temperature_in_benefit_band,3.8532832757591196e-08,2.896108263009594e-07
40.0,0.34708986008715803,24.071200739510196,23.97489817424397,17306.49102878896,220000.0,17306.49102878896,0.0,0.0,17306.49102878896,0.0,temperature_in_benefit_band,3.908290394278019e-08,3.286937302437396e-07
45.0,0.3467439550286366,24.079548795916555,23.97318625522832,17484.345884812356,220000.0,17484.345884812356,0.0,0.0,17484.345884812396,4.001776687800884e-11,temperature_in_benefit_band,3.9576348516453446e-08,3.6827007876019303e-07
50.0,0.34639495455186314,24.087944407890358,23.971678689256137,17638.268590217984,220000.0,17638.268590217984,0.0,0.0,17638.26859021797,-1.4551915228366852e-11,temperature_in_benefit_band,4.0007126372976495e-08,4.0827720513316954e-07
55.0,0.3460433692890139,24.096372445642448,23.970371963938085,17766.57273563502,220000.0,17766.57273563502,0.0,0.0,17766.572735635076,5.4569682106375694e-11,temperature_in_benefit_band,4.036991946564851e-08,4.486471245988181e-07
60.0,0.3456897382903812,24.10481679486287,23.969262341007024,17867.852593996915,220000.0,17867.852593996915,0.0,0.0,17867.85259399685,-6.548361852765083e-11,temperature_in_benefit_band,4.0660220968202055e-08,4.893073455670201e-07
65.0,0.34533462308705687,24.1132605717051,23.968345841561234,17940.998521981273,220000.0,17940.998521981273,0.0,0.0,17940.99852198118,-9.458744898438454e-11,temperature_in_benefit_band,4.0874412587762566e-08,5.301817581547827e-07
70.0,0.34497860149829634,24.12168635115873,23.967618235929656,17985.209117494338,220000.0,17985.209117494338,0.0,0.0,17985.209117494436,9.822542779147625e-11,temperature_in_benefit_band,4.100982786285596e-08,5.711915860176386e-07
75.0,0.3446222612532574,24.130076404932968,23.967075038325945,18000.0,220000.0,18000.0,0.0,0.0,18000.000000000047,4.729372449219227e-11,temperature_in_benefit_band,4.106479962985331e-08,6.122563856474919e-07
80.0,0.34426619349913873,24.138412944695432,23.96671150637696,17985.209117494338,220000.0,17985.209117494338,0.0,0.0,17985.209117494287,-5.093170329928398e-11,temperature_in_benefit_band,4.103869026921458e-08,6.532950759167065e-07
85.0,0.3439109862691875,24.14667836634773,23.966522645526318,17940.998521981273,220000.0,17940.998521981273,0.0,0.0,17940.99852198128,7.275957614183426e-12,temperature_in_benefit_band,4.0931903831590826e-08,6.942269797482973e-07
90.0,0.3435572179845813,24.15485549097822,23.966503218227302,17867.852593996915,220000.0,17867.852593996915,0.0,0.0,17867.85259399683,-8.36735125631094e-11,temperature_in_benefit_band,4.074587967254068e-08,7.349728594208379e-07
95.0,0.34320545106380446,24.16292779821451,23.966647757754007,17766.57273563502,220000.0,17766.57273563502,0.0,0.0,17766.57273563508,5.820766091346741e-11,temperature_in_benefit_band,4.048306777025293e-08,7.754559271910909e-07
100.0,0.34285622571183894,24.170879647900808,23.96695058637788,17638.268590217984,220000.0,17638.268590217984,0.0,0.0,17638.268590218002,1.8189894035458565e-11,temperature_in_benefit_band,4.0146886439279134e-08,8.1560281363037e-07
105.0,0.34251005395929596,24.178696486340602,23.967405837580802,17484.345884812356,220000.0,17484.345884812356,0.0,0.0,17484.3458848124,4.3655745685100555e-11,temperature_in_benefit_band,3.974166366124456e-08,8.553444772916146e-07
110.0,0.3421674140185616,24.186365033760868,23.968007481907822,17306.49102878896,220000.0,17306.49102878896,0.0,0.0,17306.491028789012,5.093170329928398e-11,temperature_in_benefit_band,3.927256370867483e-08,8.946170410002894e-07
115.0,0.3418287450201615,24.193873450154538,23.968749356004526,17106.652637168914,220000.0,17106.652637168914,0.0,0.0,17106.65263716887,-4.3655745685100555e-11,temperature_in_benefit_band,3.874550112130982e-08,9.333625421215993e-07
120.0,0.34149444218793523,24.201211477224334,23.96962519433699,16887.020181189677,220000.0,16887.020181189677,0.0,0.0,16887.020181189593,-8.36735125631094e-11,temperature_in_benefit_band,3.8167044390092866e-08,9.71529586511692e-07
125.0,0.34116485250631245,24.208370554761963,23.970628663057802,16650.0,220000.0,16650.0,0.0,0.0,16649.999999999978,-2.1827872842550278e-11,temperature_in_benefit_band,3.7544311901704634e-08,1.0090738984133967e-06
130.0,0.3408402709270865,24.21534391042986,23.971753395459938,16398.18893630466,220000.0,16398.18893630466,0.0,0.0,16398.1889363047,4.001776687800884e-11,temperature_in_benefit_band,3.688486279046085e-08,1.0459587612038576e-06
135.0,0.34052093715667314,24.222126622545332,23.97299302845191,16134.345884812357,220000.0,16134.345884812357,0.0,0.0,16134.345884812383,2.546585164964199e-11,temperature_in_benefit_band,3.619658533437216e-08,1.0821553465382297e-06
140.0,0.34020703305801225,24.22871565607708,23.974341239491892,15861.361565207952,220000.0,15861.361565207952,0.0,0.0,15861.36156520795,-1.8189894035458565e-12,temperature_in_benefit_band,3.5487585423209513e-08,1.1176429319614392e-06
145.0,0.3398986806941184,24.235109872631075,23.975791783435056,15582.226850822664,220000.0,15582.226850822664,0.0,0.0,15582.226850822712,4.729372449219227e-11,temperature_in_benefit_band,3.476607742839457e-08,1.1524090093898337e-06
150.0,0.33959594103290497,24.241310015708855,23.977338528775807,15300.0,220000.0,15300.0,0.0,0.0,15299.999999999929,-7.09405867382884e-11,temperature_in_benefit_band,3.404027953142683e-08,1.1864492889212606e-06
155.0,0.33929881332539497,24.24731867295134,23.978975492803563,15017.773149177336,220000.0,15017.773149177336,0.0,0.0,15017.773149177287,-4.9112713895738125e-11,temperature_in_benefit_band,3.3318315236551783e-08,1.2197676041578124e-06
160.0,0.3390072351618799,24.25314021742389,23.980696875235566,14738.63843479205,220000.0,14738.63843479205,0.0,0.0,14738.63843479206,9.094947017729282e-12,temperature_in_benefit_band,3.2608122423719665e-08,1.252375726581532e-06
165.0,0.33872108320309113,24.258780730246766,23.98249708994074,14465.654115187644,220000.0,14465.654115187644,0.0,0.0,14465.654115187595,-4.9112713895738125e-11,temperature_in_benefit_band,3.19173709097983e-08,1.2842930974913303e-06
170.0,0.338440174576083,24.264247907025815,23.984370794423285,14201.811063695339,220000.0,14201.811063695339,0.0,0.0,14201.811063695388,4.9112713895738125e-11,temperature_in_benefit_band,3.1253389099268526e-08,1.3155464865905988e-06
175.0,0.33816426891737994,24.269550950592706,23.986312916790872,13950.0,220000.0,13950.0,0.0,0.0,13949.999999999922,-7.821654435247183e-11,temperature_in_benefit_band,3.0623099938676834e-08,1.3461695865292757e-06
180.0,0.3378930710390767,24.27470045252737,23.98831867998861,13712.979818810323,220000.0,13712.979818810323,0.0,0.0,13712.979818810283,-4.001776687800884e-11,temperature_in_benefit_band,3.003296605785207e-08,1.3762025525871277e-06
185.0,0.33762623418707,24.279708265816538,23.990383623134143,13493.347362831084,220000.0,13493.347362831084,0.0,0.0,13493.34736283109,5.4569682106375694e-12,temperature_in_benefit_band,2.9488943697910595e-08,1.4056914962850382e-06
190.0,0.3373633638544968,24.284587370813185,23.992503619839912,13293.508971211035,220000.0,13293.508971211035,0.0,0.0,13293.508971211013,-2.1827872842550278e-11,temperature_in_benefit_band,2.899644480030606e-08,1.4346879410853443e-06
195.0,0.3371040221078077,24.289351736417238,23.99467489345441,13115.654115187643,220000.0,13115.654115187643,0.0,0.0,13115.654115187584,-5.820766091346741e-11,temperature_in_benefit_band,2.8560306467384522e-08,1.4632482475527288e-06
200.0,0.3368477323777619,24.294016178114255,23.996894029194145,12961.731409782014,220000.0,12961.731409782014,0.0,0.0,12961.731409781936,-7.821654435247183e-11,temperature_in_benefit_band,2.8184766904080896e-08,1.4914330144568097e-06
205.0,0.33659398466301954,24.298596214203585,23.9991579831714,12833.427264364978,220000.0,12833.427264364978,0.0,0.0,12833.427264364938,-4.001776687800884e-11,temperature_in_benefit_band,2.7873446909952448e-08,1.5193064613667621e-06
210.0,0.3363422410899682,24.303107921238574,24.00146408834936,12732.147406003085,220000.0,12732.147406003085,0.0,0.0,12732.14740600313,4.547473508864641e-11,temperature_in_benefit_band,2.762933600531894e-08,1.5469357973720811e-06
215.0,0.3360919417689663,24.30756778940587,24.003810057475974,12659.001478018725,220000.0,12659.001478018725,0.0,0.0,12659.001478018763,3.8198777474462986e-11,temperature_in_benefit_band,2.7454782337526274e-08,1.5743905797096075e-06
220.0,0.33584251088434547,24.31199257830495,24.006193983061326,12614.79088250566,220000.0,12614.79088250566,0.0,0.0,12614.790882505647,-1.2732925824820995e-11,temperature_in_benefit_band,2.7351485614880923e-08,1.6017420653244884e-06
225.0,0.3355933629532919,24.316399173366584,24.008614334471087,12600.0,220000.0,12600.0,0.0,0.0,12599.999999999955,-4.547473508864641e-11,temperature_in_benefit_band,2.732049244803287e-08,1.6290625577725214e-06
230.0,0.3353439091871405,24.320804442981686,24.011069952211813,12614.79088250566,220000.0,12614.79088250566,0.0,0.0,12614.790882505657,-3.637978807091713e-12,temperature_in_benefit_band,2.7362193633447286e-08,1.6564247514059687e-06
235.0,0.33509356388766565,24.325225096308262,24.01356003948366,12659.001478018725,220000.0,12659.001478018725,0.0,0.0,12659.001478018808,8.36735125631094e-11,temperature_in_benefit_band,2.747632308388057e-08,1.6839010744898493e-06
240.0,0.3348417508106448,24.32967754168925,24.016084151073734,12732.147406003085,220000.0,12732.147406003085,0.0,0.0,12732.147406003087,1.8189894035458565e-12,temperature_in_benefit_band,2.7661958290244276e-08,1.7115630327800936e-06
245.0,0.33458790942930655,24.33417774564924,24.018642179660382,12833.427264364977,220000.0,12833.427264364977,0.0,0.0,12833.427264365018,4.18367562815547e-11,temperature_in_benefit_band,2.7917522382385965e-08,1.7394805551624797e-06
250.0,0.3343315010312453,24.338741092541486,24.021234339596575,12961.731409782014,220000.0,12961.731409782014,0.0,0.0,12961.731409782014,0.0,temperature_in_benefit_band,2.8240788037893385e-08,1.7677213432003731e-06
255.0,0.33407201458399227,24.343382245082484,24.023861148240428,13115.65411518764,220000.0,13115.65411518764,0.0,0.0,13115.654115187595,-4.547473508864641e-11,temperature_in_benefit_band,2.8628883662587358e-08,1.7963502268629605e-06
260.0,0.33380897230665973,24.348115006230692,24.026523404904196,13293.508971211035,220000.0,13293.508971211035,0.0,0.0,13293.508971211038,3.637978807091713e-12,temperature_in_benefit_band,2.9078302427641618e-08,1.8254285292906021e-06
265.0,0.3335419348879183,24.35295218312683,24.029222167500638,13493.347362831084,220000.0,13493.347362831084,0.0,0.0,13493.347362831148,6.366462912410498e-11,temperature_in_benefit_band,2.9584914889134292e-08,1.8550134441797365e-06
270.0,0.3332705062940031,24.357905454101246,24.031958726978292,13712.979818810321,220000.0,13712.979818810321,0.0,0.0,13712.979818810401,8.003553375601768e-11,temperature_in_benefit_band,3.014398602813348e-08,1.8851574302078698e-06
275.0,0.3329943381144614,24.36298524005269,24.034734579655264,13950.0,220000.0,13950.0,0.0,0.0,13949.999999999938,-6.184563972055912e-11,temperature_in_benefit_band,3.07501976244778e-08,1.9159076278323475e-06
280.0,0.33271313339791775,24.368200581795552,24.037551397584902,14201.811063695337,220000.0,14201.811063695337,0.0,0.0,14201.8110636954,6.366462912410498e-11,temperature_in_benefit_band,3.1397676906605804e-08,1.9473053047389534e-06
285.0,0.3324266499352291,24.3735590252409,24.040410997115668,14465.654115187643,220000.0,14465.654115187643,0.0,0.0,14465.65411518762,-2.1827872842550278e-11,temperature_in_benefit_band,3.20800323953707e-08,1.979385337134324e-06
290.0,0.3321347029529771,24.379066516503798,24.043315305841382,14738.638434792048,220000.0,14738.638434792048,0.0,0.0,14738.638434792167,1.1823431123048067e-10,temperature_in_benefit_band,3.279039777586357e-08,2.0121757349101876e-06
295.0,0.33183716718627765,24.384727309198862,24.04626632817545,15017.773149177336,220000.0,15017.773149177336,0.0,0.0,15017.773149177265,-7.09405867382884e-11,temperature_in_benefit_band,3.352148448447451e-08,2.0456972193946622e-06
300.0,0.3315339783063157,24.39054388628399,24.049266109822963,15300.0,220000.0,15300.0,0.0,0.0,15299.999999999965,-3.456079866737127e-11,temperature_in_benefit_band,3.4265643488914285e-08,2.0799628628835767e-06
305.0,0.3312251336847905,24.396516898826963,24.052316701465667,15582.226850822664,220000.0,15582.226850822664,0.0,0.0,15582.226850822708,4.3655745685100555e-11,temperature_in_benefit_band,3.501493647035042e-08,2.114977799353927e-06
310.0,0.3309106924845213,24.402645123993405,24.055420122015455,15861.36156520795,220000.0,15861.36156520795,0.0,0.0,15861.361565207915,-3.456079866737127e-11,temperature_in_benefit_band,3.576121629708059e-08,2.1507390156510077e-06
315.0,0.3305907750727429,24.408925444382422,24.05857832183025,16134.345884812357,220000.0,16134.345884812357,0.0,0.0,16134.345884812306,-5.093170329928398e-11,temperature_in_benefit_band,3.649621631965878e-08,2.1872352319706663e-06
320.0,0.33026556176104815,24.415352850568425,24.061793146320028,16398.188936304658,220000.0,16398.188936304658,0.0,0.0,16398.18893630468,2.1827872842550278e-11,temperature_in_benefit_band,3.721164763307615e-08,2.2244468796037424e-06
325.0,0.3299352908834208,24.421920468347388,24.065066300398616,16649.999999999996,220000.0,16649.999999999996,0.0,0.0,16650.000000000033,3.637978807091713e-11,temperature_in_benefit_band,3.789930305998284e-08,2.2623461826637252e-06
330.0,0.3296002562312683,24.42861961174182,24.068399314256858,16887.020181189673,220000.0,16887.020181189673,0.0,0.0,16887.02018118966,-1.4551915228366852e-11,temperature_in_benefit_band,3.855116622929272e-08,2.300897348893018e-06
335.0,0.3292608038717155,24.435439862302584,24.071793510943454,17106.652637168914,220000.0,17106.652637168914,0.0,0.0,17106.652637168965,5.093170329928398e-11,temperature_in_benefit_band,3.915952377682496e-08,2.340056872669843e-06
340.0,0.32891732838256316,24.442369174673328,24.075249976239952,17306.49102878896,220000.0,17306.49102878896,0.0,0.0,17306.49102878898,1.8189894035458565e-11,temperature_in_benefit_band,3.9717078398416805e-08,2.37977395106826e-06
345.0,0.32857026854415916,24.44939400777324,24.07876953130502,17484.34588481236,220000.0,17484.34588481236,0.0,0.0,17484.345884812385,2.546585164964199e-11,temperature_in_benefit_band,4.021706025909592e-08,2.419991011327356e-06
350.0,0.32822010253487544,24.456499480326844,24.082352708539876,17638.268590217984,220000.0,17638.268590217984,0.0,0.0,17638.268590218013,2.9103830456733704e-11,temperature_in_benefit_band,4.0653334119586614e-08,2.4606443454469425e-06
355.0,0.3278673426828385,24.463669548848134,24.085999731091462,17766.57273563502,220000.0,17766.57273563502,0.0,0.0,17766.57273563504,1.8189894035458565e-11,temperature_in_benefit_band,4.102049949516195e-08,2.5016648449421044e-06
360.0,0.32751252983194296,24.470887205592927,24.089710496363008,17867.852593996915,220000.0,17867.852593996915,0.0,0.0,17867.852593996824,-9.094947017729282e-11,temperature_in_benefit_band,4.1313981218614174e-08,2.5429788261607187e-06
365.0,0.32715622738489497,24.478134693450333,24.09348456384378,17940.998521981273,220000.0,17940.998521981273,0.0,0.0,17940.998521981222,-5.093170329928398e-11,temperature_in_benefit_band,4.153010794087901e-08,2.5845089341015978e-06
370.0,0.3267990150900204,24.48539373427217,24.097321147502516,17985.209117494338,220000.0,17985.209117494338,0.0,0.0,17985.20911749439,5.093170329928398e-11,temperature_in_benefit_band,4.1666176366277144e-08,2.626175110467875e-06
375.0,0.3264414826417606,24.492645766756304,24.10121911291356,18000.0,220000.0,18000.0,0.0,0.0,18000.00000000006,5.820766091346741e-11,temperature_in_benefit_band,4.172049937584184e-08,2.6678956098437168e-06
380.0,0.32608422316711944,24.499872189721334,24.10517697920347,17985.209117494338,220000.0,17985.209117494338,0.0,0.0,17985.20911749437,3.2741809263825417e-11,temperature_in_benefit_band,4.169243662823984e-08,2.7095880464719565e-06
385.0,0.3257278266717769,24.50705460644641,24.109192925820558,17940.998521981273,220000.0,17940.998521981273,0.0,0.0,17940.998521981237,-3.637978807091713e-11,temperature_in_benefit_band,4.1582406725594666e-08,2.7511704531975513e-06
390.0,0.3253728735201233,24.514175065708493,24.113264804043407,17867.852593996915,220000.0,17867.852593996915,0.0,0.0,17867.852593996962,4.729372449219227e-11,temperature_in_benefit_band,4.139188056990942e-08,2.7925623337674608e-06
395.0,0.3250199280230833,24.521216295231042,24.117390153058732,17766.57273563502,220000.0,17766.57273563502,0.0,0.0,17766.572735635076,5.4569682106375694e-11,temperature_in_benefit_band,4.1123356091309766e-08,2.8336856898587704e-06
400.0,0.3246695322062985,24.528161923460626,24.12156622035707,17638.268590217984,220000.0,17638.268590217984,0.0,0.0,17638.268590218016,3.2741809263825417e-11,temperature_in_benefit_band,4.078031507760019e-08,2.8744660049363705e-06
405.0,0.3243221998290341,24.534996685903184,24.125789986118484,17484.34588481236,220000.0,17484.34588481236,0.0,0.0,17484.34588481238,2.1827872842550278e-11,temperature_in_benefit_band,4.0367163351489857e-08,2.9148331682878604e-06
410.0,0.3239784107211158,24.541706612667596,24.13005819119238,17306.49102878897,220000.0,17306.49102878897,0.0,0.0,17306.491028788943,-2.546585164964199e-11,temperature_in_benefit_band,3.9889156004905734e-08,2.9547223242927663e-06
415.0,0.3236386055013226,24.548279194365104,24.134367368217056,17106.652637168918,220000.0,17106.652637168918,0.0,0.0,17106.652637168896,-2.1827872842550278e-11,temperature_in_benefit_band,3.935230978944445e-08,2.994074634082211e-06
420.0,0.3233031807360308,24.55470352407996,24.138713875377512,16887.020181189677,220000.0,16887.020181189677,0.0,0.0,16887.020181189706,2.9103830456733704e-11,temperature_in_benefit_band,3.876330506257391e-08,3.0328379391447847e-06
425.0,0.3229724845915887,24.560970413738282,24.14309393226534,16650.000000000004,220000.0,16650.000000000004,0.0,0.0,16649.999999999956,-4.729372449219227e-11,temperature_in_benefit_band,3.812937988974893e-08,3.0709673190345336e-06
430.0,0.32264681302798753,24.567072483836068,24.147503657282734,16398.18893630466,220000.0,16398.18893630466,0.0,0.0,16398.188936304596,-6.548361852765083e-11,temperature_in_benefit_band,3.7458218997480094e-08,3.1084255380320135e-06
435.0,0.3223264065749605,24.573004226120922,24.15193910602407,16134.34588481236,220000.0,16134.34588481236,0.0,0.0,16134.345884812354,-5.4569682106375694e-12,temperature_in_benefit_band,3.6757840261382297e-08,3.1451833782933957e-06
440.0,0.32201144772479273,24.57876203943317,24.156396310072804,15861.36156520795,220000.0,15861.36156520795,0.0,0.0,15861.361565207944,-5.4569682106375694e-12,temperature_in_benefit_band,3.6036481301500455e-08,3.181219859594896e-06
445.0,0.32170205896894505,24.58434423948016,24.160871315667773,15582.226850822668,220000.0,15582.226850822668,0.0,0.0,15582.226850822666,-1.8189894035458565e-12,temperature_in_benefit_band,3.530248855481168e-08,3.2165223481497078e-06
450.0,0.3213983014981886,24.58975104382471,24.165360221720423,15300.0,220000.0,15300.0,0.0,0.0,15300.000000000036,3.637978807091713e-11,temperature_in_benefit_band,3.456421091601555e-08,3.251086559065723e-06
455.0,0.3211001745784105,24.59498453379972,24.169859216701443,15017.773149177334,220000.0,15017.773149177334,0.0,0.0,15017.773149177405,7.09405867382884e-11,temperature_in_benefit_band,3.382989970007205e-08,3.284916458765795e-06
460.0,0.3208076156066712,24.600048595404882,24.174364613960012,14738.638434792048,220000.0,14738.638434792048,0.0,0.0,14738.638434792058,9.094947017729282e-12,temperature_in_benefit_band,3.310761630306072e-08,3.3180240750688558e-06
465.0,0.3205205008445709,24.604948841490597,24.17887288508951,14465.654115187643,220000.0,14465.654115187643,0.0,0.0,14465.654115187643,0.0,temperature_in_benefit_band,3.240514854236771e-08,3.3504292236112236e-06
470.0,0.32023864681859254,24.609692517686046,24.183380691008157,14201.811063695339,220000.0,14201.811063695339,0.0,0.0,14201.811063695275,-6.366462912410498e-11,temperature_in_benefit_band,3.172993626317709e-08,3.3821591598744008e-06
475.0,0.3199618123699153,24.614288394583546,24.18788491047933,13949.999999999998,220000.0,13949.999999999998,0.0,0.0,13949.999999999982,-1.6370904631912708e-11,temperature_in_benefit_band,3.1089006424474504e-08,3.4132481662988754e-06
480.0,0.31968970132930674,24.61874664865548,24.192382665852637,13712.979818810323,220000.0,13712.979818810323,0.0,0.0,13712.979818810398,7.457856554538012e-11,temperature_in_benefit_band,3.0488917540440994e-08,3.443737083839316e-06
485.0,0.31942196578616766,24.62307873426186,24.19687134586107,13493.347362831086,220000.0,13493.347362831086,0.0,0.0,13493.34736283108,-5.4569682106375694e-12,temperature_in_benefit_band,2.993571306511945e-08,3.473672796904436e-06
490.0,0.31915820991467814,24.627297248918037,24.201348625360392,13293.508971211037,220000.0,13293.508971211037,0.0,0.0,13293.508971211091,5.4569682106375694e-11,temperature_in_benefit_band,2.9434883078544737e-08,3.5031076799829804e-06
495.0,0.318897994314331,24.631415793747987,24.205812481942722,13115.654115187643,220000.0,13115.654115187643,0.0,0.0,13115.654115187683,4.001776687800884e-11,temperature_in_benefit_band,2.8991333466068257e-08,3.5320990134490487e-06
500.0,0.31864084081697464,24.63544883076516,24.2102612093963,12961.731409782018,220000.0,12961.731409782018,0.0,0.0,12961.731409781956,-6.184563972055912e-11,temperature_in_benefit_band,2.860936168033436e-08,3.560708375129383e-06
505.0,0.318386237707864,24.639411538317876,24.214693428016894,12833.427264364978,220000.0,12833.427264364978,0.0,0.0,12833.427264364942,-3.637978807091713e-11,temperature_in_benefit_band,2.8292638134606222e-08,3.5890010132639893e-06
510.0,0.31813364530416555,24.643319665727347,24.219108091802884,12732.147406003085,220000.0,12732.147406003085,0.0,0.0,12732.14740600304,-4.547473508864641e-11,temperature_in_benefit_band,2.8044192291457232e-08,3.6170452055554463e-06
515.0,0.3178825018308954,24.64718938785086,24.223504492585946,12659.001478018725,220000.0,12659.001478018725,0.0,0.0,12659.001478018801,7.639755494892597e-11,temperature_in_benefit_band,2.7866402574715185e-08,3.6449116081301616e-06
520.0,0.31763222953142156,24.65103716003665,24.227882261162797,12614.790882505662,220000.0,12614.790882505662,0.0,0.0,12614.790882505644,-1.8189894035458565e-11,temperature_in_benefit_band,2.7760989336406228e-08,3.672672597466568e-06
525.0,0.3173822409474312,24.654879573714467,24.23224136550129,12600.0,220000.0,12600.0,0.0,0.0,12599.99999999999,-9.094947017729282e-12,temperature_in_benefit_band,2.7729010245590926e-08,3.700401607712159e-06
530.0,0.31713194530167277,24.658733212698422,24.236582106097526,12614.79088250566,220000.0,12614.79088250566,0.0,0.0,12614.790882505706,4.547473508864641e-11,temperature_in_benefit_band,2.7770857624109812e-08,3.728172465336269e-06
535.0,0.31688075491583007,24.66261451017477,24.240905108560415,12659.001478018725,220000.0,12659.001478018725,0.0,0.0,12659.001478018681,-4.3655745685100555e-11,temperature_in_benefit_band,2.7886257428104346e-08,3.756058722764373e-06
540.0,0.3166280915955787,24.666539606312192,24.245211313497986,12732.147406003085,220000.0,12732.147406003085,0.0,0.0,12732.147406003023,-6.184563972055912e-11,temperature_in_benefit_band,2.8074269757322692e-08,3.784132992521696e-06
545.0,0.31637339291520883,24.67052420646725,24.249501963776773,12833.427264364977,220000.0,12833.427264364977,0.0,0.0,12833.427264365011,3.456079866737127e-11,temperature_in_benefit_band,2.8333290961089222e-08,3.812466283482785e-06
550.0,0.3161161183351762,24.67458344006085,24.253778589223625,12961.731409782016,220000.0,12961.731409782016,0.0,0.0,12961.731409782044,2.7284841053187847e-11,temperature_in_benefit_band,2.866105759508306e-08,3.841127341077868e-06
555.0,0.3158557550875533,24.678731720367388,24.25804298883917,13115.65411518764,220000.0,13115.65411518764,0.0,0.0,13115.654115187654,1.2732925824820995e-11,temperature_in_benefit_band,2.905465266112116e-08,3.870181993738989e-06
560.0,0.3155918237665886,24.682982605677388,24.262297210595555,13293.508971211033,220000.0,13293.508971211033,0.0,0.0,13293.508971210971,-6.184563972055912e-11,temperature_in_benefit_band,2.9510514726670395e-08,3.899692508465659e-06
565.0,0.3153238835644344,24.68734866255529,24.266543528898726,13493.34736283108,220000.0,13493.34736283108,0.0,0.0,13493.347362830984,-9.640643838793039e-11,temperature_in_benefit_band,3.0024450664518486e-08,3.929716959130178e-06
570.0,0.3150515370955497,24.691841332201918,24.270784419808095,13712.979818810321,220000.0,13712.979818810321,0.0,0.0,13712.979818810223,-9.822542779147625e-11,temperature_in_benefit_band,3.059165286761864e-08,3.960308611997796e-06
575.0,0.3147744347573148,24.696470801230063,24.275022534124744,13949.999999999996,220000.0,13949.999999999996,0.0,0.0,13949.999999999982,-1.4551915228366852e-11,temperature_in_benefit_band,3.120672187077583e-08,3.991515333868572e-06
580.0,0.31449227857897377,24.701245878454184,24.279260668482937,14201.811063695337,220000.0,14201.811063695337,0.0,0.0,14201.811063695359,2.1827872842550278e-11,temperature_in_benefit_band,3.186369534074719e-08,4.02337902920932e-06
585.0,0.3142048255161302,24.70617387956343,24.28350173460884,14465.654115187639,220000.0,14465.654115187639,0.0,0.0,14465.65411518769,5.093170329928398e-11,temperature_in_benefit_band,3.2556084371649044e-08,4.055935113580969e-06
590.0,0.3139118901536188,24.711260521774236,24.28774872694418,14738.63843479205,220000.0,14738.63843479205,0.0,0.0,14738.638434792007,-4.3655745685100555e-11,temperature_in_benefit_band,3.327691793722772e-08,4.089212031518197e-06
595.0,0.3136133467856229,24.716509830727997,24.292004688870094,15017.773149177332,220000.0,15017.773149177332,0.0,0.0,15017.7731491774,6.730260793119669e-11,temperature_in_benefit_band,3.401879620224079e-08,4.123230827720438e-06
600.0,0.3133091308483605,24.7219240619971,24.2962726778067,15299.999999999998,220000.0,15299.999999999998,0.0,0.0,15299.999999999929,-6.912159733474255e-11,temperature_in_benefit_band,3.4773953181911276e-08,4.158004780902349e-06
605.0,0.3129992396874573,24.72750363957705,24.300555729505078,15582.226850822664,220000.0,15582.226850822664,0.0,0.0,15582.226850822637,-2.7284841053187847e-11,temperature_in_benefit_band,3.5534328965090366e-08,4.19353910986744e-06
610.0,0.31268373264921506,24.733247113665744,24.304856821889008,15861.361565207952,220000.0,15861.361565207952,0.0,0.0,15861.361565208004,5.275069270282984e-11,temperature_in_benefit_band,3.6291651391194156e-08,4.229830761258634e-06
615.0,0.31236273049228563,24.739151139858414,24.309178838842115,16134.345884812357,220000.0,16134.345884812357,0.0,0.0,16134.345884812428,7.09405867382884e-11,temperature_in_benefit_band,3.703752670501552e-08,4.2668682879636495e-06
620.0,0.31203641412371286,24.7452104816182,24.313524534369837,16398.18893630466,220000.0,16398.18893630466,0.0,0.0,16398.188936304636,-2.546585164964199e-11,temperature_in_benefit_band,3.776353832219008e-08,4.304631826285839e-06
625.0,0.31170502267081707,24.75141803752149,24.317896497593598,16650.0,220000.0,16650.0,0.0,0.0,16650.000000000022,2.1827872842550278e-11,temperature_in_benefit_band,3.8461352439358255e-08,4.343093178725198e-06
630.0,0.31136885090788646,24.757764894332315,24.322297119054483,16887.020181189677,220000.0,16887.020181189677,0.0,0.0,16887.020181189644,-3.2741809263825417e-11,temperature_in_benefit_band,3.912282883649256e-08,4.382216007561691e-06
635.0,0.31102824606401624,24.76424040644316,24.326728558814413,17106.652637168914,220000.0,17106.652637168914,0.0,0.0,17106.652637168983,6.912159733474255e-11,temperature_in_benefit_band,3.974013486482747e-08,4.421956142426518e-06
640.0,0.31068360404560513,24.770832301646145,24.331192716842857,17306.49102878896,220000.0,17306.49102878896,0.0,0.0,17306.491028789063,1.0186340659856796e-10,temperature_in_benefit_band,4.030586031215621e-08,4.462262002738674e-06
645.0,0.31033536511388476,24.777526812587546,24.33569120616579,17484.345884812356,220000.0,17484.345884812356,0.0,0.0,17484.345884812305,-5.093170329928398e-11,temperature_in_benefit_band,4.081313060623379e-08,4.503075133344908e-06
650.0,0.3099840090643256,24.784308832630607,24.340225329230236,17638.26859021798,220000.0,17638.26859021798,0.0,0.0,17638.268590218067,8.731149137020111e-11,temperature_in_benefit_band,4.1255715672043564e-08,4.544330849016952e-06
655.0,0.30963004996074045,24.79116209422913,24.344796057902293,17766.57273563502,220000.0,17766.57273563502,0.0,0.0,17766.57273563506,4.001776687800884e-11,temperature_in_benefit_band,4.162813171146752e-08,4.585958980728419e-06
660.0,0.3092740304823061,24.79806936731991,24.349404017469535,17867.85259399691,220000.0,17867.85259399691,0.0,0.0,17867.852593996908,-3.637978807091713e-12,temperature_in_benefit_band,4.1925733231602014e-08,4.627884713960021e-06
665.0,0.30891651594645947,24.805012674698222,24.35404947496068,17940.998521981273,220000.0,17940.998521981273,0.0,0.0,17940.99852198123,-4.3655745685100555e-11,temperature_in_benefit_band,4.2144792812490326e-08,4.670029506772511e-06
670.0,0.3085580880746268,24.81197352086753,24.35873233202787,17985.209117494338,220000.0,17985.209117494338,0.0,0.0,17985.209117494294,-4.3655745685100555e-11,temperature_in_benefit_band,4.228256637313278e-08,4.712312073145644e-06
675.0,0.30819933857094656,24.81893313047119,24.363452122561455,18000.0,220000.0,18000.0,0.0,0.0,17999.999999999967,-3.2741809263825417e-11,temperature_in_benefit_band,4.233734205740622e-08,4.75464941520305e-06
680.0,0.30784086258649496,24.82587269213455,24.368208015125457,17985.209117494338,220000.0,17985.209117494338,0.0,0.0,17985.20911749434,3.637978807091713e-12,temperature_in_benefit_band,4.2308471305298254e-08,4.796957886508348e-06
685.0,0.3074832521429831,24.832773603381998,24.372998820216726,17940.998521981277,220000.0,17940.998521981277,0.0,0.0,17940.998521981255,-2.1827872842550278e-11,temperature_in_benefit_band,4.219638118146736e-08,4.839154267689816e-06
690.0,0.30712708959043583,24.839617712251655,24.377823002263842,17867.85259399691,220000.0,17867.85259399691,0.0,0.0,17867.85259399699,8.003553375601768e-11,temperature_in_benefit_band,4.200256758104713e-08,4.881156835270863e-06
695.0,0.3067729411729777,24.846387551312084,24.38267869619627,17766.57273563502,220000.0,17766.57273563502,0.0,0.0,17766.57273563503,7.275957614183426e-12,temperature_in_benefit_band,4.172956949795088e-08,4.922886404768814e-06
700.0,0.30642135077554783,24.853066559988097,24.38756372833191,17638.268590217984,220000.0,17638.268590217984,0.0,0.0,17638.268590217926,-5.820766091346741e-11,temperature_in_benefit_band,4.1380925098848365e-08,4.964267329867662e-06
705.0,0.3060728339221564,24.85963929141824,24.392475641254947,17484.34588481236,220000.0,17484.34588481236,0.0,0.0,17484.345884812374,1.4551915228366852e-11,temperature_in_benefit_band,4.0961110871908386e-08,5.0052284407395705e-06
710.0,0.30572787209322466,24.866091600483053,24.39741172228748,17306.49102878897,220000.0,17306.49102878897,0.0,0.0,17306.491028789027,5.820766091346741e-11,temperature_in_benefit_band,4.047546559052079e-08,5.0457039063300915e-06
715.0,0.30538690742565894,24.872410810144824,24.40236903509981,17106.652637168914,220000.0,17106.652637168914,0.0,0.0,17106.65263716896,4.729372449219227e-11,temperature_in_benefit_band,3.993010122855586e-08,5.085634007558647e-06
720.0,0.3050503378546618,24.87858585380719,24.407344453957105,16887.020181189677,220000.0,16887.020181189677,0.0,0.0,16887.020181189644,-3.2741809263825417e-11,temperature_in_benefit_band,3.9331803269353974e-08,5.124965810828001e-06
725.0,0.3047185127509508,24.88460739201557,24.412334700065237,16650.000000000004,220000.0,16650.000000000004,0.0,0.0,16649.99999999999,-1.4551915228366852e-11,temperature_in_benefit_band,3.868792305445678e-08,5.163653733882458e-06
730.0,0.3043917291011188,24.890467902454485,24.417336379456756,16398.188936304658,220000.0,16398.188936304658,0.0,0.0,16398.18893630456,-9.822542779147625e-11,temperature_in_benefit_band,3.8006264914307766e-08,5.201659998796766e-06
735.0,0.30407022827241603,24.896161742832525,24.42234602184929,16134.34588481236,220000.0,16134.34588481236,0.0,0.0,16134.345884812325,-3.456079866737127e-11,temperature_in_benefit_band,3.729497081158569e-08,5.2389549696083515e-06
740.0,0.30375419339635884,24.90168518685804,24.427360119912915,15861.361565207955,220000.0,15861.361565207955,0.0,0.0,15861.361565207984,2.9103830456733704e-11,temperature_in_benefit_band,3.6562405113715206e-08,5.275517374722067e-06
745.0,0.3034437473983658,24.90703643407795,24.432375168399346,15582.226850822663,220000.0,15582.226850822663,0.0,0.0,15582.226850822737,7.457856554538012e-11,temperature_in_benefit_band,3.5817041904732017e-08,5.311334416626799e-06
750.0,0.30313895169319044,24.912215594860342,24.437387702613236,15300.000000000002,220000.0,15300.000000000002,0.0,0.0,15300.000000000024,2.1827872842550278e-11,temperature_in_benefit_band,3.5067356962550784e-08,5.34640177358935e-06
755.0,0.3028398055583535,24.91722465223368,24.44239433574284,15017.77314917734,220000.0,15017.77314917734,0.0,0.0,15017.773149177341,1.8189894035458565e-12,temperature_in_benefit_band,3.43217261836775e-08,5.3807234997730275e-06
760.0,0.3025462461901755,24.922067402640277,24.447391794612077,14738.638434792048,220000.0,14738.638434792048,0.0,0.0,14738.63843479207,2.1827872842550278e-11,temperature_in_benefit_band,3.358833185350443e-08,5.414311831626532e-06
765.0,0.30225814943945634,24.926749377911882,24.45237695346678,14465.654115187648,220000.0,14465.654115187648,0.0,0.0,14465.6541151877,5.275069270282984e-11,temperature_in_benefit_band,3.287507775746884e-08,5.447186909384001e-06
770.0,0.3019753312164346,24.931277750927716,24.45734686546245,14201.811063695335,220000.0,14201.811063695335,0.0,0.0,14201.811063695282,-5.275069270282984e-11,temperature_in_benefit_band,3.2189513727114065e-08,5.479376423111115e-06
775.0,0.30169754954746164,24.935661227471105,24.462298791577485,13950.000000000002,220000.0,13950.000000000002,0.0,0.0,13950.000000000096,9.458744898438454e-11,temperature_in_benefit_band,3.153876983454284e-08,5.510915192945657e-06
780.0,0.30142450725891234,24.939909926765594,24.467230226731925,13712.979818810323,220000.0,13712.979818810323,0.0,0.0,13712.979818810316,-7.275957614183426e-12,temperature_in_benefit_band,3.092950010536139e-08,5.541844693051019e-06
785.0,0.301155855257301,24.944035253053503,24.472138922946513,13493.347362831084,220000.0,13493.347362831084,0.0,0.0,13493.347362831068,-1.6370904631912708e-11,temperature_in_benefit_band,3.0367835327121624e-08,5.57221252837814e-06
790.0,0.300891196368422,24.948049760391594,24.477022909427436,13293.508971211035,220000.0,13293.508971211035,0.0,0.0,13293.508971211113,7.821654435247183e-11,temperature_in_benefit_band,2.9859344296552224e-08,5.602071872674693e-06
795.0,0.30063008969265415,24.951967012594565,24.4818805095083,13115.654115187644,220000.0,13115.654115187644,0.0,0.0,13115.654115187694,4.9112713895738125e-11,temperature_in_benefit_band,2.9409002679634477e-08,5.631480875354327e-06
800.0,0.3003720554283846,24.955801439973715,24.486710354420932,12961.731409782014,220000.0,12961.731409782014,0.0,0.0,12961.731409781938,-7.639755494892597e-11,temperature_in_benefit_band,2.902116855467005e-08,5.660502043908997e-06
805.0,0.30011658011087206,24.95956819421302,24.49151139390016,12833.427264364978,220000.0,12833.427264364978,0.0,0.0,12833.427264365004,2.546585164964199e-11,temperature_in_benefit_band,2.869956366728508e-08,5.689201607576282e-06
810.0,0.2998631222097991,24.96328300241589,24.496282903654496,12732.147406003085,220000.0,12732.147406003085,0.0,0.0,12732.147406003101,1.6370904631912708e-11,temperature_in_benefit_band,2.8447259442204763e-08,5.717648867018487e-06
815.0,0.2996111180252886,24.96696202106018,24.50102448975457,12659.001478018725,220000.0,12659.001478018725,0.0,0.0,12659.001478018656,-6.912159733474255e-11,temperature_in_benefit_band,2.8266666861985203e-08,5.745915533880472e-06
820.0,0.2993599878192994,24.970621690332855,24.50573609000482,12614.790882505662,220000.0,12614.790882505662,0.0,0.0,12614.790882505618,-4.3655745685100555e-11,temperature_in_benefit_band,2.815952942895393e-08,5.7740750633094256e-06
825.0,0.29910914211708106,24.974278589093,24.510417972371897,12600.0,220000.0,12600.0,0.0,0.0,12600.000000000104,1.0368239600211382e-10,temperature_in_benefit_band,2.812691856453049e-08,5.802201981873956e-06
830.0,0.29885798811177,24.97794929054426,24.515070730546686,12614.79088250566,220000.0,12614.79088250566,0.0,0.0,12614.790882505733,7.275957614183426e-11,temperature_in_benefit_band,2.816923096143919e-08,5.830371212835396e-06
835.0,0.2986059361042552,24.98165021859384,24.519695276716682,12659.001478018723,220000.0,12659.001478018723,0.0,0.0,12659.001478018634,-8.913048077374697e-11,temperature_in_benefit_band,2.8286187581633672e-08,5.85865740041703e-06
840.0,0.2983524059101325,24.985397504839828,24.52429283162343,12732.147406003085,220000.0,12732.147406003085,0.0,0.0,12732.147406003032,-5.275069270282984e-11,temperature_in_benefit_band,2.8476834179542044e-08,5.887134234596572e-06
845.0,0.298096833165904,24.989206846163796,24.528864911976875,12833.427264364977,220000.0,12833.427264364977,0.0,0.0,12833.427264364975,-1.8189894035458565e-12,temperature_in_benefit_band,2.8739543420818602e-08,5.915873778017391e-06
850.0,0.2978386754675573,24.99309336300867,24.533413315296446,12961.731409782013,220000.0,12961.731409782013,0.0,0.0,12961.731409782002,-1.0913936421275139e-11,temperature_in_benefit_band,2.9072018855712517e-08,5.944945796873104e-06
855.0,0.2975774182762773,24.99707145858779,24.53794010224883,13115.654115187643,220000.0,13115.654115187643,0.0,0.0,13115.654115187675,3.2741809263825417e-11,temperature_in_benefit_band,2.9471301187735125e-08,5.974417098060839e-06
860.0,0.29731258052828596,25.001154679490217,24.542447576555677,13293.508971211033,220000.0,13293.508971211033,0.0,0.0,13293.508971211082,4.9112713895738125e-11,temperature_in_benefit_band,2.99337774461094e-08,6.004350875506949e-06
865.0,0.2970437198886658,25.005355578408256,24.546938262552292,13493.347362831088,220000.0,13493.347362831088,0.0,0.0,13493.34736283115,6.184563972055912e-11,temperature_in_benefit_band,3.0455193817069285e-08,6.034806069324018e-06
870.0,0.29677043759248256,25.009685580001168,24.551414880491027,13712.979818810321,220000.0,13712.979818810321,0.0,0.0,13712.979818810305,-1.6370904631912708e-11,temperature_in_benefit_band,3.103067300600464e-08,6.065836742330023e-06
875.0,0.2964923828205632,25.014154851208005,24.555880319701377,13949.999999999998,220000.0,13949.999999999998,0.0,0.0,13949.999999999976,-2.1827872842550278e-11,temperature_in_benefit_band,3.1654737080740815e-08,6.097491479410763e-06
880.0,0.29620925656188146,25.018772177615073,24.560337609742586,14201.81106369534,220000.0,14201.81106369534,0.0,0.0,14201.81106369536,2.000888343900442e-11,temperature_in_benefit_band,3.232133677693084e-08,6.129812816187694e-06
885.0,0.2959208149196275,25.023544847751864,24.56478988971367,14465.654115187644,220000.0,14465.654115187644,0.0,0.0,14465.654115187635,-9.094947017729282e-12,temperature_in_benefit_band,3.3023888221635543e-08,6.162836704409329e-06
890.0,0.2956268718236544,25.028478547416178,24.569240375919698,14738.638434792043,220000.0,14738.638434792043,0.0,0.0,14738.638434792083,4.001776687800884e-11,temperature_in_benefit_band,3.3755317944496785e-08,6.196592022353826e-06
895.0,0.2953273011180604,25.033577266298405,24.57369232813083,15017.773149177332,220000.0,15017.773149177332,0.0,0.0,15017.773149177261,-7.09405867382884e-11,temperature_in_benefit_band,3.4508116894074375e-08,6.2311001392479e-06
900.0,0.29502203799913995,25.038843219272366,24.57814901471078,15299.999999999998,220000.0,15299.999999999998,0.0,0.0,15299.999999999938,-6.002665031701326e-11,temperature_in_benefit_band,3.527440395995575e-08,6.266374543207856e-06
905.0,0.2947110797857546,25.0442767847344,24.58261367693281,15582.226850822653,220000.0,15582.226850822653,0.0,0.0,15582.226850822748,9.458744898438454e-11,temperature_in_benefit_band,3.6045999223079296e-08,6.302420542430936e-06
910.0,0.29439448601128687,25.04987646229515,24.58708949284186,15861.361565207952,220000.0,15861.361565207952,0.0,0.0,15861.361565207902,-4.9112713895738125e-11,temperature_in_benefit_band,3.681450682540193e-08,6.339235049256337e-06
915.0,0.2940723778336687,25.05563885195541,24.5915795410599,16134.345884812352,220000.0,16134.345884812352,0.0,0.0,16134.345884812255,-9.640643838793039e-11,temperature_in_benefit_band,3.7571406977500807e-08,6.376806456233838e-06
920.0,0.2937449367674509,25.061558656628222,24.59608676496533,16398.188936304665,220000.0,16398.188936304665,0.0,0.0,16398.188936304596,-6.912159733474255e-11,temperature_in_benefit_band,3.8308156224348096e-08,6.415114612458186e-06
925.0,0.2934124027494186,25.067628709507627,24.600613937705234,16649.999999999996,220000.0,16649.999999999996,0.0,0.0,16650.000000000004,7.275957614183426e-12,temperature_in_benefit_band,3.9016294683567604e-08,6.454130907141754e-06
930.0,0.2930750715567732,25.0738400273389,24.605163628519193,16887.020181189677,220000.0,16887.020181189677,0.0,0.0,16887.020181189677,0.0,temperature_in_benefit_band,3.968755857687689e-08,6.49381846571863e-06
935.0,0.292733291604303,25.08018189012685,24.609738170864105,17106.652637168914,220000.0,17106.652637168914,0.0,0.0,17106.652637168958,4.3655745685100555e-11,temperature_in_benefit_band,4.0313996014914005e-08,6.534132461733545e-06
940.0,0.29238746015415923,25.08664194724454,24.614339632829346,17306.491028788965,220000.0,17306.491028788965,0.0,0.0,17306.491028788918,-4.729372449219227e-11,temperature_in_benefit_band,4.0888083688424385e-08,6.575020545421969e-06
945.0,0.29203801897874343,25.093206349292455,24.61896979032033,17484.345884812352,220000.0,17484.345884812352,0.0,0.0,17484.345884812326,-2.546585164964199e-11,temperature_in_benefit_band,4.140284188343653e-08,6.6164233873054055e-06
950.0,0.2916854495237044,25.099859904428943,24.623630103464972,17638.268590217984,220000.0,17638.268590217984,0.0,0.0,17638.268590218064,8.003553375601768e-11,temperature_in_benefit_band,4.185194509027176e-08,6.658275332395677e-06
955.0,0.29133026762404224,25.106586257269186,24.62832169666208,17766.57273563502,220000.0,17766.57273563502,0.0,0.0,17766.572735635065,4.3655745685100555e-11,temperature_in_benefit_band,4.2229825427983086e-08,6.70050515782366e-06
960.0,0.29097301783173535,25.11336808785437,24.63304534264353,17867.85259399691,220000.0,17867.85259399691,0.0,0.0,17867.852593996893,-1.8189894035458565e-11,temperature_in_benefit_band,4.253176616429873e-08,6.743036923987959e-06
965.0,0.2906142674180619,25.120187327647745,24.63780145086393,17940.998521981273,220000.0,17940.998521981273,0.0,0.0,17940.998521981273,0.0,temperature_in_benefit_band,4.275398277843211e-08,6.7857909067663905e-06
970.0,0.29025460011780346,25.12702538904044,24.642590060463803,17985.209117494338,220000.0,17985.209117494338,0.0,0.0,17985.209117494385,4.729372449219227e-11,temperature_in_benefit_band,4.2893689286758104e-08,6.828684596053149e-06
975.0,0.2898946096857337,25.133863404465504,24.647410837976587,18000.0,220000.0,18000.0,0.0,0.0,18000.000000000076,7.639755494892597e-11,temperature_in_benefit_band,4.2949147920417804e-08,6.871633743973567e-06
980.0,0.289534893338154,25.140682470938835,24.652263079867986,17985.209117494338,220000.0,17985.209117494338,0.0,0.0,17985.209117494345,7.275957614183426e-12,temperature_in_benefit_band,4.291970069539509e-08,6.914553444668962e-06
985.0,0.28917604515370304,25.147463895681362,24.657145719910698,17940.998521981277,220000.0,17940.998521981277,0.0,0.0,17940.998521981233,-4.3655745685100555e-11,temperature_in_benefit_band,4.280578193107449e-08,6.957359226600036e-06
990.0,0.2888186495082132,25.154189438434663,24.662057341310486,17867.852593996915,220000.0,17867.852593996915,0.0,0.0,17867.852593996846,-6.912159733474255e-11,temperature_in_benefit_band,4.260891133077676e-08,6.999968137930813e-06
995.0,0.28846327461800175,25.160841546164093,24.666996193413713,17766.57273563502,220000.0,17766.57273563502,0.0,0.0,17766.572735635087,6.548361852765083e-11,temperature_in_benefit_band,4.233166781301614e-08,7.042299805743829e-06
1000.0,0.2881104662646765,25.16740357604632,24.67196021274401,17638.26859021799,220000.0,17638.26859021799,0.0,0.0,17638.26859021795,-4.001776687800884e-11,temperature_in_benefit_band,4.197764484988361e-08,7.084277450593713e-06
1005.0,0.28776074177232125,25.17386000295417,24.676947048039214,17484.345884812356,220000.0,17484.345884812356,0.0,0.0,17484.345884812385,2.9103830456733704e-11,temperature_in_benefit_band,4.1551388604089535e-08,7.125828839197802e-06
1010.0,0.2874145843048448,25.180196608068965,24.681954088891125,17306.49102878897,220000.0,17306.49102878897,0.0,0.0,17306.491028788947,-2.1827872842550278e-11,temperature_in_benefit_band,4.105832063547601e-08,7.1668871598332785e-06
1015.0,0.28707243754737216,25.186400645752855,24.68697849753199,17106.65263716891,220000.0,17106.65263716891,0.0,0.0,17106.65263716893,1.8189894035458565e-11,temperature_in_benefit_band,4.050464735102709e-08,7.207391807184305e-06
1020.0,0.2867347008308938,25.192460986382486,24.69201724326411,16887.020181189677,220000.0,16887.020181189677,0.0,0.0,16887.020181189626,-5.093170329928398e-11,temperature_in_benefit_band,3.989725868322337e-08,7.247289065867528e-06
1025.0,0.28640172475403747,25.198368233458982,24.69706713899415,16650.0,220000.0,16650.0,0.0,0.0,16650.000000000073,7.275957614183426e-11,temperature_in_benefit_band,3.924361868879984e-08,7.286532684556328e-06
1030.0,0.2860738073498681,25.20411481394559,24.702124879311615,16398.18893630466,220000.0,16398.18893630466,0.0,0.0,16398.18893630465,-1.0913936421275139e-11,temperature_in_benefit_band,3.855165085760795e-08,7.325084335413936e-06
1035.0,0.2857511908391467,25.209695041420314,24.707187079542404,16134.345884812365,220000.0,16134.345884812365,0.0,0.0,16134.345884812446,8.185452315956354e-11,temperature_in_benefit_band,3.7829620909244354e-08,7.36291395632318e-06
1040.0,0.28543405900457663,25.215105152244465,24.712250315212383,15861.361565207955,220000.0,15861.361565207955,0.0,0.0,15861.361565207982,2.7284841053187847e-11,temperature_in_benefit_band,3.7086019738659636e-08,7.3999999760618395e-06
1045.0,0.2851225352133378,25.220343315518686,24.717311161372372,15582.226850822668,220000.0,15582.226850822668,0.0,0.0,15582.226850822624,-4.3655745685100555e-11,temperature_in_benefit_band,3.6329448961645185e-08,7.436329425023485e-06
1050.0,0.2848166811077487,25.225409618107392,24.722366231263297,15300.000000000002,220000.0,15300.000000000002,0.0,0.0,15300.000000000022,2.000888343900442e-11,temperature_in_benefit_band,3.556851122162383e-08,7.471897936245108e-06
1055.0,0.2845164959763053,25.230306026445977,24.727412213837326,15017.773149177347,220000.0,15017.773149177347,0.0,0.0,15017.773149177436,8.913048077374697e-11,temperature_in_benefit_band,3.481170706879694e-08,7.506709643313905e-06
1060.0,0.284221916809713,25.235036327190905,24.73244590969559,14738.638434792048,220000.0,14738.638434792048,0.0,0.0,14738.638434791996,-5.275069270282984e-11,temperature_in_benefit_band,3.406733983174398e-08,7.540776983145649e-06
1065.0,0.28393281903894957,25.2396060490239,24.73746426505395,14465.654115187648,220000.0,14465.654115187648,0.0,0.0,14465.654115187615,-3.2741809263825417e-11,temperature_in_benefit_band,3.3343429491357365e-08,7.574120412637006e-06
1070.0,0.2836490179449555,25.24402236807457,24.742464403402987,14201.811063695335,220000.0,14201.811063695335,0.0,0.0,14201.811063695352,1.6370904631912708e-11,temperature_in_benefit_band,3.264763615847639e-08,7.606768048795482e-06
1075.0,0.283370270722323,25.248293999482392,24.747443654584888,13950.000000000002,220000.0,13950.000000000002,0.0,0.0,13949.999999999989,-1.2732925824820995e-11,temperature_in_benefit_band,3.1987193369195965e-08,7.638755242164679e-06
1080.0,0.28309627917242136,25.252431077583974,24.7523995810665,13712.979818810323,220000.0,13712.979818810323,0.0,0.0,13712.979818810329,5.4569682106375694e-12,temperature_in_benefit_band,3.136885106229598e-08,7.670124093226976e-06
1085.0,0.28282669299481494,25.256445027093907,24.757330001242252,13493.347362831084,220000.0,13493.347362831084,0.0,0.0,13493.347362831013,-7.09405867382884e-11,temperature_in_benefit_band,3.07988278049514e-08,7.700922921031927e-06
1090.0,0.28256111363966496,25.260348427459444,24.762233009651734,13293.508971211035,220000.0,13293.508971211035,0.0,0.0,13293.508971210958,-7.639755494892597e-11,temperature_in_benefit_band,3.028277159513613e-08,7.731205692627062e-06
1095.0,0.28229909867810066,25.264154872325264,24.76710699404274,13115.654115187646,220000.0,13115.654115187646,0.0,0.0,13115.654115187603,-4.3655745685100555e-11,temperature_in_benefit_band,2.982572839700092e-08,7.761031421024063e-06
1100.0,0.2820401666423499,25.267878825761105,24.771950649250943,12961.731409782014,220000.0,12961.731409782014,0.0,0.0,12961.731409782007,-7.275957614183426e-12,temperature_in_benefit_band,2.9432117459967593e-08,7.79046353848403e-06
1105.0,0.2817838022827628,25.271535476599922,24.77676298790095,12833.427264364978,220000.0,12833.427264364978,0.0,0.0,12833.427264364933,-4.547473508864641e-11,temperature_in_benefit_band,2.910571243058485e-08,7.819569250914616e-06
1110.0,0.28152946218478164,25.27514059192492,24.781543347960373,12732.147406003087,220000.0,12732.147406003087,0.0,0.0,12732.147406003029,-5.820766091346741e-11,temperature_in_benefit_band,2.88496272826399e-08,7.848418878197256e-06
1115.0,0.28127658068542255,25.27871037044797,24.786291397198685,12659.001478018725,220000.0,12659.001478018725,0.0,0.0,12659.001478018747,2.1827872842550278e-11,temperature_in_benefit_band,2.866630615783383e-08,7.87708518435509e-06
1120.0,0.2810245760259654,25.282261296255527,24.791007134616198,12614.790882505662,220000.0,12614.790882505662,0.0,0.0,12614.790882505658,-3.637978807091713e-12,temperature_in_benefit_band,2.855751631762649e-08,7.905642700672716e-06
1125.0,0.28077285667530666,25.285809993175103,24.795690888916795,12600.0,220000.0,12600.0,0.0,0.0,12600.000000000007,7.275957614183426e-12,temperature_in_benefit_band,2.8524343547564457e-08,7.93416704422028e-06
1130.0,0.28052082775682635,25.289373079847774,24.800343314101326,12614.79088250566,220000.0,12614.79088250566,0.0,0.0,12614.790882505555,-1.0550138540565968e-10,temperature_in_benefit_band,2.856718951996551e-08,7.962734233740247e-06
1135.0,0.2802678975106643,25.292967025487812,24.8049653822587,12659.001478018723,220000.0,12659.001478018723,0.0,0.0,12659.001478018738,1.4551915228366852e-11,temperature_in_benefit_band,2.8685770801660905e-08,7.991420004541908e-06
1140.0,0.28001348372299023,25.296608006275353,24.80955837362965,12732.147406003085,220000.0,12732.147406003085,0.0,0.0,12732.14740600307,-1.4551915228366852e-11,temperature_in_benefit_band,2.887911938396269e-08,8.020299123925871e-06
1145.0,0.27975702005419173,25.300311762362913,24.81412386401535,12833.427264364977,220000.0,12833.427264364977,0.0,0.0,12833.427264365087,1.1095835361629725e-10,temperature_in_benefit_band,2.914558480635911e-08,8.04944470873223e-06
1150.0,0.2794979621988851,25.304093455579835,24.81866370960122,12961.73140978201,220000.0,12961.73140978201,0.0,0.0,12961.731409781989,-2.1827872842550278e-11,temperature_in_benefit_band,2.9482838138051575e-08,8.078927546870282e-06
1155.0,0.27923579381227814,25.30796752808457,24.823180029266265,13115.654115187643,220000.0,13115.654115187643,0.0,0.0,13115.654115187615,-2.7284841053187847e-11,temperature_in_benefit_band,2.988787826662781e-08,8.108815425136909e-06
1160.0,0.2789700321396636,25.3119475624341,24.827675184451877,13293.508971211033,220000.0,13293.508971211033,0.0,0.0,13293.508971211038,5.4569682106375694e-12,temperature_in_benefit_band,3.035704111425963e-08,8.139172466251168e-06
1165.0,0.27870023328869176,25.316046143800758,24.832151756671742,13493.347362831088,220000.0,13493.347362831088,0.0,0.0,13493.347362831028,-6.002665031701326e-11,temperature_in_benefit_band,3.088601255134799e-08,8.170058478802516e-06
1170.0,0.2784259970875418,25.320274725354974,24.836612522757296,13712.979818810321,220000.0,13712.979818810321,0.0,0.0,13712.979818810323,1.8189894035458565e-12,temperature_in_benefit_band,3.146984589684696e-08,8.201528324699363e-06
1175.0,0.2781469714761649,25.324643498131525,24.84106042795154,13949.999999999998,220000.0,13949.999999999998,0.0,0.0,13950.000000000062,6.366462912410498e-11,temperature_in_benefit_band,3.210298497447155e-08,8.233631309673834e-06
1180.0,0.27786285638238345,25.329161266989647,24.84549855698786,14201.811063695339,220000.0,14201.811063695339,0.0,0.0,14201.811063695224,-1.1459633242338896e-10,temperature_in_benefit_band,3.2779293725506936e-08,8.266410603399341e-06
1185.0,0.2775734070397714,25.33383533454574,24.84993010331976,14465.654115187634,220000.0,14465.654115187634,0.0,0.0,14465.654115187626,-7.275957614183426e-12,temperature_in_benefit_band,3.349209335382113e-08,8.299902696753162e-06
1190.0,0.27727843670987484,25.33867139518437,24.854358336701324,14738.638434792043,220000.0,14738.638434792043,0.0,0.0,14738.638434792101,5.820766091346741e-11,temperature_in_benefit_band,3.423420789067564e-08,8.334136904643838e-06
1195.0,0.27697781877741934,25.343673441422418,24.85878656935601,15017.77314917733,220000.0,15017.77314917733,0.0,0.0,15017.77314917735,2.000888343900442e-11,temperature_in_benefit_band,3.499801891258732e-08,8.369134923556425e-06
1200.0,0.27667148819364346,25.348843684998464,24.86321812101168,15299.999999999998,220000.0,15299.999999999998,0.0,0.0,15300.000000000062,6.366462912410498e-11,temperature_in_benefit_band,3.5775529924777325e-08,8.404910453481203e-06
1205.0,0.2763594422497413,25.35418249507355,24.867656283121132,15582.226850822653,220000.0,15582.226850822653,0.0,0.0,15582.226850822755,1.0186340659856796e-10,temperature_in_benefit_band,3.655844063973985e-08,8.441468894120943e-06
1210.0,0.2760417406695305,25.359688355851716,24.872104282628115,15861.36156520795,220000.0,15861.36156520795,0.0,0.0,15861.361565207915,-3.456079866737127e-11,temperature_in_benefit_band,3.7338231043296695e-08,8.47880712516424e-06
1215.0,0.27571850501781675,25.365357845755053,24.87656524567722,16134.345884812352,220000.0,16134.345884812352,0.0,0.0,16134.345884812306,-4.547473508864641e-11,temperature_in_benefit_band,3.8106254761331436e-08,8.51691337992557e-06
1220.0,0.2753899174284247,25.3711856400181,24.8810421616999,16398.188936304665,220000.0,16398.188936304665,0.0,0.0,16398.188936304705,4.001776687800884e-11,temperature_in_benefit_band,3.8853840834928946e-08,8.5557672207605e-06
1225.0,0.275056218663432,25.377164538203814,24.885537848336817,16649.999999999996,220000.0,16649.999999999996,0.0,0.0,16650.000000000095,9.822542779147625e-11,temperature_in_benefit_band,3.9572402598393607e-08,8.595339623358894e-06
1230.0,0.2747177055226821,25.38328551769651,24.890054917676693,16887.020181189673,220000.0,16887.020181189673,0.0,0.0,16887.020181189615,-5.820766091346741e-11,temperature_in_benefit_band,4.025355195389296e-08,8.635593175312788e-06
1235.0,0.27437472763008186,25.38953781370815,24.89459574430242,17106.652637168914,220000.0,17106.652637168914,0.0,0.0,17106.652637168947,3.2741809263825417e-11,temperature_in_benefit_band,4.08892169693875e-08,8.676482392282176e-06
1240.0,0.27402768363040814,25.395909025758552,24.89916243563524,17306.491028788965,220000.0,17306.491028788965,0.0,0.0,17306.49102878902,5.4569682106375694e-11,temperature_in_benefit_band,4.147176041362355e-08,8.7179541526958e-06
1245.0,0.2736770168372636,25.40238524997671,24.903756805056272,17484.345884812352,220000.0,17484.345884812352,0.0,0.0,17484.34588481236,7.275957614183426e-12,temperature_in_benefit_band,4.199409660222083e-08,8.75994824929802e-06
1250.0,0.2733232103793364,25.408951235939778,24.908380348261154,17638.268590217984,220000.0,17638.268590217984,0.0,0.0,17638.26859021804,5.4569682106375694e-11,temperature_in_benefit_band,4.2449803778234105e-08,8.802398053076255e-06
1255.0,0.272966781898142,25.415590566141443,24.91303422326793,17766.57273563502,220000.0,17766.57273563502,0.0,0.0,17766.572735635014,-7.275957614183426e-12,temperature_in_benefit_band,4.28332292012053e-08,8.845231282277461e-06
1260.0,0.27260827785586245,25.42228585558454,24.917719234450956,17867.85259399691,220000.0,17867.85259399691,0.0,0.0,17867.852593996973,6.184563972055912e-11,temperature_in_benefit_band,4.313958417800993e-08,8.888370866455471e-06
1265.0,0.27224826751667386,25.429018968446677,24.922435820915428,17940.998521981273,220000.0,17940.998521981273,0.0,0.0,17940.998521981164,-1.0913936421275139e-10,temperature_in_benefit_band,4.336502643879886e-08,8.93173589289427e-06
1270.0,0.27188733666898446,25.43577124829267,24.927184049459104,17985.209117494338,220000.0,17985.209117494338,0.0,0.0,17985.209117494414,7.639755494892597e-11,temperature_in_benefit_band,4.3506727538599064e-08,8.975242620432869e-06
1275.0,0.27152608115923366,25.442523757922505,24.931963612292034,18000.0,220000.0,18000.0,0.0,0.0,18000.00000000003,2.9103830456733704e-11,temperature_in_benefit_band,4.3562923340502245e-08,9.018805543773371e-06
1280.0,0.2711651003102719,25.449257524662862,24.93677382960305,17985.209117494338,220000.0,17985.209117494338,0.0,0.0,17985.209117494407,6.912159733474255e-11,temperature_in_benefit_band,4.353294609570062e-08,9.06233848986907e-06
1285.0,0.2708049902988138,25.455953786745678,24.94161365697603,17940.998521981277,220000.0,17940.998521981277,0.0,0.0,17940.99852198126,-1.8189894035458565e-11,temperature_in_benefit_band,4.341723716000394e-08,9.105755727029075e-06
1290.0,0.270446337567004,25.462594236374727,24.94648169757173,17867.852593996915,220000.0,17867.852593996915,0.0,0.0,17867.852593996897,-1.8189894035458565e-11,temperature_in_benefit_band,4.3217339953711865e-08,9.148973066982787e-06
1295.0,0.27008971234275375,25.46916125516323,24.951376218904894,17766.57273563502,220000.0,17766.57273563502,0.0,0.0,17766.572735634978,-4.3655745685100555e-11,temperature_in_benefit_band,4.293587335695966e-08,9.191908940339746e-06
1300.0,0.26973566234219065,25.47563813782853,24.956295173963657,17638.26859021799,220000.0,17638.26859021799,0.0,0.0,17638.268590218056,6.548361852765083e-11,temperature_in_benefit_band,4.257648631023951e-08,9.234485426649986e-06
1305.0,0.26938470672534554,25.482009300346547,24.961236226341548,17484.345884812356,220000.0,17484.345884812356,0.0,0.0,17484.345884812297,-5.820766091346741e-11,temperature_in_benefit_band,4.214379493421314e-08,9.276629221584198e-06
1310.0,0.2690373303731067,25.488260469186628,24.96619677898365,17306.49102878897,220000.0,17306.49102878897,0.0,0.0,17306.491028788936,-3.2741809263825417e-11,temperature_in_benefit_band,4.164330397056045e-08,9.318272525554759e-06
1315.0,0.26869397854955374,25.49437884875086,24.971174006089583,17106.65263716892,220000.0,17106.65263716892,0.0,0.0,17106.652637168932,1.0913936421275139e-11,temperature_in_benefit_band,4.108131475572124e-08,9.35935384031048e-06
1320.0,0.26835505200910387,25.50035326471177,24.976164887668432,16887.020181189688,220000.0,16887.020181189688,0.0,0.0,16887.020181189644,-4.3655745685100555e-11,temperature_in_benefit_band,4.046482225555098e-08,9.399818662566031e-06
1325.0,0.26802090260253214,25.506174281557286,24.9811662462057,16650.0,220000.0,16650.0,0.0,0.0,16649.99999999992,-8.003553375601768e-11,temperature_in_benefit_band,3.9801403899517795e-08,9.439620066465549e-06
1330.0,0.2676918294299479,25.51183429328956,24.986174784880248,16398.18893630466,220000.0,16398.18893630466,0.0,0.0,16398.188936304738,7.639755494892597e-11,temperature_in_benefit_band,3.909910305220844e-08,9.478719169517757e-06
1335.0,0.2673680755823096,25.517327586861654,24.991187126760497,16134.345884812365,220000.0,16134.345884812365,0.0,0.0,16134.345884812321,-4.3655745685100555e-11,temperature_in_benefit_band,3.836630994737012e-08,9.517085479465127e-06
1340.0,0.26704982550613365,25.52265037855107,24.996199854413224,15861.361565207955,220000.0,15861.361565207955,0.0,0.0,15861.361565207892,-6.366462912410498e-11,temperature_in_benefit_band,3.761164279095463e-08,9.554697122256082e-06
1345.0,0.26673720301879816,25.527800824041087,25.001209549374693,15582.22685082267,220000.0,15582.22685082267,0.0,0.0,15582.226850822632,-3.8198777474462986e-11,temperature_in_benefit_band,3.684383152526201e-08,9.591540953781344e-06
1350.0,0.26643026999435393,25.532779003491644,25.006212830961278,15299.999999999993,220000.0,15299.999999999993,0.0,0.0,15300.000000000024,3.092281986027956e-11,temperature_in_benefit_band,3.6071606451457325e-08,9.6276125602328e-06
1355.0,0.2661290257321366,25.537586883315978,25.011206393933797,15017.773149177336,220000.0,15017.773149177336,0.0,0.0,15017.77314917735,1.4551915228366852e-11,temperature_in_benefit_band,3.530359355086975e-08,9.66291615378367e-06
1360.0,0.2658334070128131,25.542228256726126,25.01618704457472,14738.63843479205,220000.0,14738.63843479205,0.0,0.0,14738.638434791957,-9.276845958083868e-11,temperature_in_benefit_band,3.4548217947384784e-08,9.697464371731056e-06
1365.0,0.26554328883888983,25.546708665362384,25.02115173478827,14465.65411518765,220000.0,14465.65411518765,0.0,0.0,14465.654115187657,7.275957614183426e-12,temperature_in_benefit_band,3.381361653557485e-08,9.731277988266631e-06
1370.0,0.2652584858492402,25.551035304475636,25.0260975938883,14201.811063695346,220000.0,14201.811063695346,0.0,0.0,14201.811063695428,8.185452315956354e-11,temperature_in_benefit_band,3.310756038331886e-08,9.76438554864995e-06
1375.0,0.2649787543899601,25.55521691418869,25.031021957795513,13950.000000000013,220000.0,13950.000000000013,0.0,0.0,13949.999999999929,-8.36735125631094e-11,temperature_in_benefit_band,3.243738712332266e-08,9.796822935773273e-06
1380.0,0.2647037952168989,25.559263659328014,25.035922395422176,13712.979818810318,220000.0,13712.979818810318,0.0,0.0,13712.979818810283,-3.456079866737127e-11,temperature_in_benefit_band,3.1809943192202274e-08,9.828632878965475e-06
1385.0,0.26443325679861146,25.563187000200028,25.040796732077148,13493.347362831084,220000.0,13493.347362831084,0.0,0.0,13493.347362831055,-2.9103830456733704e-11,temperature_in_benefit_band,3.1231535472249414e-08,9.859864414437724e-06
1390.0,0.264166739182287,25.566999556498043,25.045643069775252,13293.508971211037,220000.0,13293.508971211037,0.0,0.0,13293.508971211026,-1.0913936421275139e-11,temperature_in_benefit_band,3.0707891649139106e-08,9.890572306086863e-06
1395.0,0.26390379837948774,25.570714966281873,25.050459804381173,13115.654115187646,220000.0,13115.654115187646,0.0,0.0,13115.6541151877,5.4569682106375694e-11,temperature_in_benefit_band,3.024412842379271e-08,9.920816434510655e-06
1400.0,0.2636439512233145,25.574347741688648,25.055245639558485,12961.731409782018,220000.0,12961.731409782018,0.0,0.0,12961.731409781947,-7.09405867382884e-11,temperature_in_benefit_band,2.98447266094021e-08,9.950661161120057e-06
1405.0,0.26338668064394655,25.577913122727868,25.05999959752822,12833.427264364975,220000.0,12833.427264364975,0.0,0.0,12833.427264364951,-2.3646862246096134e-11,temperature_in_benefit_band,2.9513512102432464e-08,9.98017467322249e-06
1410.0,0.2631314413054058,25.58142693020425,25.064721026668344,12732.147406003087,220000.0,12732.147406003087,0.0,0.0,12732.147406003136,4.9112713895738125e-11,temperature_in_benefit_band,2.9253641733426367e-08,1.0009428314955916e-05
1415.0,0.26287766554289976,25.58490541851572,25.069409606005728,12659.001478018725,220000.0,12659.001478018725,0.0,0.0,12659.001478018738,1.2732925824820995e-11,temperature_in_benefit_band,2.90675930717626e-08,1.0038495908027678e-05
1420.0,0.26262476953721625,25.588365128807247,25.07406534666592,12614.790882505662,220000.0,12614.790882505662,0.0,0.0,12614.790882505695,3.2741809263825417e-11,temperature_in_benefit_band,2.8957157369051338e-08,1.006745306539673e-05
1425.0,0.26237215966039457,25.59182274273787,25.07868859035436,12600.0,220000.0,12600.0,0.0,0.0,12600.000000000022,2.1827872842550278e-11,temperature_in_benefit_band,2.892343496940504e-08,1.0096376500366135e-05
1430.0,0.26211923892529104,25.59529493695042,25.083280004946115,12614.790882505662,220000.0,12614.790882505662,0.0,0.0,12614.790882505598,-6.366462912410498e-11,temperature_in_benefit_band,2.8966832682668765e-08,1.0125343333048803e-05
1435.0,0.2618654134706956,25.598798238228955,25.0878405772613,12659.001478018725,220000.0,12659.001478018725,0.0,0.0,12659.001478018701,-2.3646862246096134e-11,temperature_in_benefit_band,2.908706280107736e-08,1.0154430395849881e-05
1440.0,0.26161009901334625,25.602348879293576,25.092371603101487,12732.147406003085,220000.0,12732.147406003085,0.0,0.0,12732.147406003076,-9.094947017729282e-12,temperature_in_benefit_band,2.9283143634026264e-08,1.0183713539483908e-05
1445.0,0.26135272719852837,25.60596265521721,25.096874674619617,12833.427264364977,220000.0,12833.427264364977,0.0,0.0,12833.427264364982,5.4569682106375694e-12,temperature_in_benefit_band,2.955340163378099e-08,1.0213266941117689e-05
1450.0,0.26109275178193087,25.609654780552216,25.10135166509411,12961.73140978201,220000.0,12961.73140978201,0.0,0.0,12961.731409782025,1.4551915228366852e-11,temperature_in_benefit_band,2.989547538134651e-08,1.0243162416499036e-05
1455.0,0.26082965457706,25.613439747420685,25.1058047111781,13115.654115187637,220000.0,13115.654115187637,0.0,0.0,13115.654115187626,-1.0913936421275139e-11,temperature_in_benefit_band,3.0306321890521445e-08,1.0273468738389557e-05
1460.0,0.2605629511047694,25.617331185041785,25.11023619269815,13293.508971211038,220000.0,13293.508971211038,0.0,0.0,13293.50897121098,-5.820766091346741e-11,temperature_in_benefit_band,3.0782225862658144e-08,1.0304250964252214e-05
1465.0,0.26029219588434366,25.621341721430777,25.11464871008479,13493.347362831086,220000.0,13493.347362831086,0.0,0.0,13493.34736283109,3.637978807091713e-12,temperature_in_benefit_band,3.131881267714702e-08,1.0335569776929361e-05
1470.0,0.26001698730905515,25.625482848292762,25.119045059529974,13712.97981881032,220000.0,13712.97981881032,0.0,0.0,13712.979818810354,3.456079866737127e-11,temperature_in_benefit_band,3.191106602440391e-08,1.0367480842953766e-05
1475.0,0.259736972053181,25.629764790433573,25.123428205985043,13949.999999999998,220000.0,13949.999999999998,0.0,0.0,13949.999999999942,-5.638867150992155e-11,temperature_in_benefit_band,3.255335116983358e-08,1.0400034194123599e-05
1480.0,0.2594518489620932,25.634196381303173,25.127801254136674,14201.81106369533,220000.0,14201.81106369533,0.0,0.0,14201.811063695304,-2.546585164964199e-11,temperature_in_benefit_band,3.323944486958339e-08,1.0433273638993182e-05
1485.0,0.25916137238219134,25.638784946555557,25.132167417527647,14465.654115187644,220000.0,14465.654115187644,0.0,0.0,14465.654115187703,5.820766091346741e-11,temperature_in_benefit_band,3.39625729335971e-08,1.0467236211926778e-05
1490.0,0.258865354893102,25.643536197736083,25.136529986023287,14738.638434792052,220000.0,14738.638434792052,0.0,0.0,14738.638434792058,5.4569682106375694e-12,temperature_in_benefit_band,3.4715456342144106e-08,1.0501951668268922e-05
1495.0,0.2585636694106745,25.648454138376465,25.140892291862237,15017.77314917733,220000.0,15017.77314917733,0.0,0.0,15017.773149177256,-7.457856554538012e-11,temperature_in_benefit_band,3.5490366665081826e-08,1.0537442034934004e-05
1500.0,0.2582562506358182,25.65354098487464,25.14525767457067,15299.999999999996,220000.0,15299.999999999996,0.0,0.0,15299.999999999978,-1.8189894035458565e-11,temperature_in_benefit_band,3.62791913086368e-08,1.057372122624264e-05
1505.0,0.2579430958310926,25.658797104550548,25.149629445060434,15582.226850822653,220000.0,15582.226850822653,0.0,0.0,15582.226850822619,-3.456079866737127e-11,temperature_in_benefit_band,3.707350882656331e-08,1.0610794735069204e-05
1510.0,0.25762426491411927,25.664220973190684,25.154010849272492,15861.361565207939,220000.0,15861.361565207939,0.0,0.0,15861.36156520795,1.0913936421275139e-11,temperature_in_benefit_band,3.786467418944171e-08,1.0648659409258646e-05
1515.0,0.2572998798642647,25.66980915422003,25.158405031765355,16134.34588481236,220000.0,16134.34588481236,0.0,0.0,16134.34588481235,-9.094947017729282e-12,temperature_in_benefit_band,3.864391351998014e-08,1.0687303322778625e-05
1520.0,0.2569701234465678,25.67555630136923,25.16281499968225,16398.18893630466,220000.0,16398.18893630466,0.0,0.0,16398.18893630458,-8.003553375601768e-11,temperature_in_benefit_band,3.940242738949307e-08,1.0726705750168118e-05
1525.0,0.256635237264478,25.681455186341424,25.16724358755868,16649.999999999996,220000.0,16649.999999999996,0.0,0.0,16650.000000000062,6.548361852765083e-11,temperature_in_benefit_band,4.013150135003772e-08,1.0766837251518156e-05
1530.0,0.2562955191605391,25.687496752535154,25.17169342345199,16887.020181189666,220000.0,16887.020181189666,0.0,0.0,16887.02018118965,-1.4551915228366852e-11,temperature_in_benefit_band,4.082262196872769e-08,1.0807659873486883e-05
1535.0,0.255951319991606,25.69367019535953,25.17616689688519,17106.652637168907,220000.0,17106.652637168907,0.0,0.0,17106.652637168892,-1.4551915228366852e-11,temperature_in_benefit_band,4.146759625698017e-08,1.0849127469743864e-05
1540.0,0.2556030398124307,25.699963069100754,25.180666129097254,17306.491028788972,220000.0,17306.491028788972,0.0,0.0,17306.491028788954,-1.8189894035458565e-11,temperature_in_benefit_band,4.205867206879433e-08,1.0891186141812658e-05
1545.0,0.255251123508393,25.7063614196842,25.185192946080566,17484.345884812352,220000.0,17484.345884812352,0.0,0.0,17484.345884812315,-3.637978807091713e-11,temperature_in_benefit_band,4.2588656797934346e-08,1.0933774798610592e-05
1550.0,0.2548960559246906,25.71284994204433,25.18974885486249,17638.26859021798,220000.0,17638.26859021798,0.0,0.0,17638.268590218024,4.3655745685100555e-11,temperature_in_benefit_band,4.3051031550315155e-08,1.0976825830160906e-05
1555.0,0.2545383565453506,25.719412160188334,25.19433502345243,17766.57273563502,220000.0,17766.57273563502,0.0,0.0,17766.572735635084,6.184563972055912e-11,temperature_in_benefit_band,4.344005791738125e-08,1.1020265888078288e-05
1560.0,0.2541785737808821,25.726030627441226,25.198952264828158,17867.85259399691,220000.0,17867.85259399691,0.0,0.0,17867.85259399688,-3.2741809263825417e-11,temperature_in_benefit_band,4.375087453633611e-08,1.1064016762614625e-05
1565.0,0.2538172789281839,25.732687143812704,25.20360102527679,17940.998521981273,220000.0,17940.998521981273,0.0,0.0,17940.998521981375,1.0186340659856796e-10,temperature_in_benefit_band,4.3979580795838335e-08,1.1107996343410464e-05
1570.0,0.2534550598703696,25.739362986950088,25.208281377337787,17985.209117494338,220000.0,17985.209117494338,0.0,0.0,17985.209117494287,-5.093170329928398e-11,temperature_in_benefit_band,4.4123305327674794e-08,1.1152119648738138e-05
1575.0,0.2530925145874136,25.74603915275549,25.212993017519146,18000.0,220000.0,18000.0,0.0,0.0,18000.00000000007,6.912159733474255e-11,temperature_in_benefit_band,4.418025730674705e-08,1.1196299906044884e-05
1580.0,0.2527302445509017,25.752696601464148,25.21773526887581,17985.209117494338,220000.0,17985.209117494338,0.0,0.0,17985.209117494356,1.8189894035458565e-11,temperature_in_benefit_band,4.414975904887515e-08,1.1240449665093759e-05
1585.0,0.25236884807764826,25.759316504815594,25.22250708845333,17940.998521981277,220000.0,17940.998521981277,0.0,0.0,17940.99852198122,-5.820766091346741e-11,temperature_in_benefit_band,4.403225892946208e-08,1.128448192402322e-05
1590.0,0.2520089137174958,25.765880489906866,25.22730707951237,17867.85259399692,220000.0,17867.85259399692,0.0,0.0,17867.85259399684,-8.003553375601768e-11,temperature_in_benefit_band,4.3829324223074053e-08,1.1328311248246295e-05
1595.0,0.2516510137502259,25.772370875398884,25.232133508363265,17766.57273563502,220000.0,17766.57273563502,0.0,0.0,17766.572735635044,2.1827872842550278e-11,temperature_in_benefit_band,4.354361405946474e-08,1.1371854862305759e-05
1600.0,0.25129569786519745,25.7787708959506,25.236984325556993,17638.26859021798,220000.0,17638.26859021798,0.0,0.0,17638.26859021805,6.912159733474255e-11,temperature_in_benefit_band,4.3178833279164936e-08,1.1415033695584924e-05
1605.0,0.2509434870950966,25.785064911072734,25.241857191101996,17484.345884812363,220000.0,17484.345884812363,0.0,0.0,17484.345884812356,-7.275957614183426e-12,temperature_in_benefit_band,4.2739668525644676e-08,1.1457773364110568e-05
1610.0,0.2505948680720829,25.791238595011755,25.246749503307274,17306.49102878897,220000.0,17306.49102878897,0.0,0.0,17306.49102878902,5.093170329928398e-11,temperature_in_benefit_band,4.223170840709884e-08,1.1500005072517667e-05
1615.0,0.2502502876706815,25.7972791047792,25.251658430793167,17106.65263716892,220000.0,17106.65263716892,0.0,0.0,17106.652637168867,-5.4569682106375694e-11,temperature_in_benefit_band,4.1661349978090306e-08,1.1541666422495757e-05
1620.0,0.24991014809707537,25.803175224012563,25.25658094716353,16887.02018118968,220000.0,16887.02018118968,0.0,0.0,16887.020181189713,3.2741809263825417e-11,temperature_in_benefit_band,4.103569411280637e-08,1.1582702116608563e-05
1625.0,0.24957480247906116,25.808917480970365,25.26151386779784,16650.0,220000.0,16650.0,0.0,0.0,16650.000000000004,3.637978807091713e-12,temperature_in_benefit_band,4.036243255577046e-08,1.1623064549164333e-05
1630.0,0.24924455100493006,25.814498239603147,25.26645388819956,16398.18893630466,220000.0,16398.18893630466,0.0,0.0,16398.188936304585,-7.639755494892597e-11,temperature_in_benefit_band,3.964972953650765e-08,1.166271427870084e-05
1635.0,0.24891963765301062,25.819911763281112,25.271397623328316,16134.345884812357,220000.0,16134.345884812357,0.0,0.0,16134.345884812372,1.4551915228366852e-11,temperature_in_benefit_band,3.8906100821603354e-08,1.1701620379522444e-05
1640.0,0.24860024754665858,25.825154251375604,25.276341647347557,15861.361565207966,220000.0,15861.361565207966,0.0,0.0,15861.36156520796,-5.4569682106375694e-12,temperature_in_benefit_band,3.814029295645749e-08,1.1739760672478903e-05
1645.0,0.24828650496219581,25.83022384946509,25.281282533235636,15582.226850822679,220000.0,15582.226850822679,0.0,0.0,15582.226850822612,-6.730260793119669e-11,temperature_in_benefit_band,3.7361165230619506e-08,1.1777121837709522e-05
1650.0,0.24797847200978523,25.835120634448423,25.286216891735844,15299.999999999993,220000.0,15299.999999999993,0.0,0.0,15299.999999999933,-6.002665031701326e-11,temperature_in_benefit_band,3.657757660024224e-08,1.1813699414309765e-05
1655.0,0.24767614799958007,25.83984657628398,25.29114140915795,15017.773149177328,220000.0,15017.773149177328,0.0,0.0,15017.773149177297,-3.092281986027956e-11,temperature_in_benefit_band,3.579827943779312e-08,1.1849497693747557e-05
1660.0,0.24737946949779765,25.84440547842115,25.296052883588864,14738.63843479206,220000.0,14738.63843479206,0.0,0.0,14738.638434792003,-5.638867150992155e-11,temperature_in_benefit_band,3.5031821573790764e-08,1.1884529515321347e-05
1665.0,0.2470883110697332,25.84880289924365,25.300948259121004,14465.65411518765,220000.0,14465.65411518765,0.0,0.0,14465.654115187588,-6.184563972055912e-11,temperature_in_benefit_band,3.4286457670098985e-08,1.1918815972991447e-05
1670.0,0.2468024866992326,25.853046056998675,25.305824657761917,14201.811063695346,220000.0,14201.811063695346,0.0,0.0,14201.811063695372,2.546585164964199e-11,temperature_in_benefit_band,3.357007054093354e-08,1.195238604353238e-05
1675.0,0.24652175186686645,25.857143720743633,25.31067940874551,13949.999999999989,220000.0,13949.999999999989,0.0,0.0,13949.999999999904,-8.549250196665525e-11,temperature_in_benefit_band,3.28901026363259e-08,1.1985276146168706e-05
1680.0,0.24624580626206224,25.86110608980791,25.315510075021994,13712.979818810325,220000.0,13712.979818810325,0.0,0.0,13712.979818810278,-4.729372449219227e-11,temperature_in_benefit_band,3.2253497540748613e-08,1.2017529643709455e-05
1685.0,0.24597429709782528,25.86494466414995,25.320314476758462,13493.347362831086,220000.0,13493.347362831086,0.0,0.0,13493.34736283101,-7.639755494892597e-11,temperature_in_benefit_band,3.166665103071299e-08,1.2049196294740168e-05
1690.0,0.24570682299046717,25.868672107801924,25.325090711733317,13293.508971211037,220000.0,13293.508971211037,0.0,0.0,13293.508971211084,4.729372449219227e-11,temperature_in_benefit_band,3.113537098912136e-08,1.2080331665729289e-05
1695.0,0.24544293836101805,25.872302107350205,25.32983717255413,13115.65411518764,220000.0,13115.65411518764,0.0,0.0,13115.65411518775,1.0913936421275139e-10,temperature_in_benefit_band,3.0664845296157424e-08,1.2110996511025447e-05
1700.0,0.24518215830976434,25.875849227115918,25.334552560669028,12961.731409782024,220000.0,12961.731409782024,0.0,0.0,12961.731409781969,-5.4569682106375694e-11,temperature_in_benefit_band,3.0259616707612354e-08,1.214125612773306e-05
1705.0,0.2449239639106678,25.87932876239423,25.33923589717568,12833.427264364975,220000.0,12833.427264364975,0.0,0.0,12833.427264364953,-2.1827872842550278e-11,temperature_in_benefit_band,2.992356368883952e-08,1.21711796914219e-05
1710.0,0.2446678078683113,25.882756591801133,25.34388653045894,12732.147406003085,220000.0,12732.147406003085,0.0,0.0,12732.147406003145,6.002665031701326e-11,temperature_in_benefit_band,2.965988619014344e-08,1.2200839577612043e-05
1715.0,0.244413120476508,25.886149029479892,25.34850414070862,12659.001478018727,220000.0,12659.001478018727,0.0,0.0,12659.001478018774,4.729372449219227e-11,temperature_in_benefit_band,2.9471095419248225e-08,1.2230310673031292e-05
1720.0,0.24415931581482145,25.889522677652295,25.35308874138274,12614.790882505662,220000.0,12614.790882505662,0.0,0.0,12614.790882505671,9.094947017729282e-12,temperature_in_benefit_band,2.9359006779326014e-08,1.2259669679810618e-05
1725.0,0.24390579811698698,25.892894279776282,25.357640677689798,12600.0,220000.0,12600.0,0.0,0.0,12600.000000000065,6.548361852765083e-11,temperature_in_benefit_band,2.932473528751175e-08,1.2288994415098129e-05
1730.0,0.243651968243614,25.896280574403214,25.362160622167362,12614.790882505662,220000.0,12614.790882505662,0.0,0.0,12614.790882505622,-4.001776687800884e-11,temperature_in_benefit_band,2.9368692960009974e-08,1.2318363108058139e-05
1735.0,0.2433972301905837,25.899698149723548,25.366649567434404,12659.001478018723,220000.0,12659.001478018723,0.0,0.0,12659.001478018694,-2.9103830456733704e-11,temperature_in_benefit_band,2.949058783792589e-08,1.2347853695896065e-05
1740.0,0.2431409975642477,25.903163298754148,25.37110881619281,12732.147406003085,220000.0,12732.147406003085,0.0,0.0,12732.147406003152,6.730260793119669e-11,temperature_in_benefit_band,2.968942452597007e-08,1.2377543120422034e-05
1745.0,0.24288269995487227,25.906691875155314,25.37553996855105,12833.427264364977,220000.0,12833.427264364977,0.0,0.0,12833.427264364964,-1.2732925824820995e-11,temperature_in_benefit_band,2.9963506318209074e-08,1.2407506626740243e-05
1750.0,0.24262178914076418,25.91029914976907,25.379944906741066,12961.731409782014,220000.0,12961.731409782014,0.0,0.0,12961.731409782064,4.9112713895738125e-11,temperature_in_benefit_band,3.0310439185282874e-08,1.2437817065925526e-05
1755.0,0.24235774505714583,25.913999668136306,25.384325777299736,13115.65411518763,220000.0,13115.65411518763,0.0,0.0,13115.654115187719,8.913048077374697e-11,temperature_in_benefit_band,3.072713808999489e-08,1.246854420401552e-05
1760.0,0.24209008146611444,25.917807109470175,25.388684970789864,13293.508971211037,220000.0,13293.508971211037,0.0,0.0,13293.50897121109,5.275069270282984e-11,temperature_in_benefit_band,3.1209836276151124e-08,1.2499754040291671e-05
1765.0,0.24181835126690737,25.92173414782465,25.393025099143593,13493.347362831086,220000.0,13493.347362831086,0.0,0.0,13493.347362831146,6.002665031701326e-11,temperature_in_benefit_band,3.175409833103943e-08,1.253150813862271e-05
1770.0,0.24154215138919033,25.92579231648591,25.397348970724053,13712.979818810327,220000.0,13712.979818810327,0.0,0.0,13712.979818810367,4.001776687800884e-11,temperature_in_benefit_band,3.2354837946201016e-08,1.2563862976568911e-05
1775.0,0.24126112721616463,25.929991876913917,25.401659563219535,13949.99999999999,220000.0,13949.99999999999,0.0,0.0,13950.000000000047,5.638867150992155e-11,temperature_in_benefit_band,3.300634138459499e-08,1.2596869317953507e-05
1780.0,0.24097497648893165,25.934341693854773,25.405959994508546,14201.81106369533,220000.0,14201.81106369533,0.0,0.0,14201.811063695377,4.729372449219227e-11,temperature_in_benefit_band,3.37022976954604e-08,1.2630571615648967e-05
1785.0,0.2406834526487267,25.938849118513343,25.410253491663482,14465.654115187652,220000.0,14465.654115187652,0.0,0.0,14465.654115187679,2.7284841053187847e-11,temperature_in_benefit_band,3.443583669269965e-08,1.2665007452341666e-05
1790.0,0.2403863675793063,25.943519881902727,25.414543358294782,14738.638434792041,220000.0,14738.638434792041,0.0,0.0,14738.638434791932,-1.0913936421275139e-10,temperature_in_benefit_band,3.519957562191149e-08,1.2700207027963578e-05
1795.0,0.24008359371790008,25.948358000656484,25.418832940475344,15017.77314917733,220000.0,15017.77314917733,0.0,0.0,15017.773149177307,-2.3646862246096134e-11,temperature_in_benefit_band,3.598567528171363e-08,1.2736192703245291e-05
