time_s,soc,battery_core_temp_c,battery_surface_temp_c,requested_traction_power_w,available_traction_power_w,actual_traction_power_w,preconditioning_thermal_power_w,preconditioning_aux_power_w,battery_terminal_power_w,power_closure_residual_w,preconditioning_reason
0.0,0.34958504306291327,-14.986879972873545,-14.736842105263158,15300.0,214586.84210526315,15300.0,5000.0,5413.1578947368425,20713.157894736818,-2.4556356947869062e-11,cold_arrival_preheat
5.0,0.34916426968543113,-14.97224013590694,-14.47916973242146,15582.226850822663,214586.84210526315,15582.226850822663,5000.0,5413.1578947368425,20995.384745559502,-2.7284841053187847e-12,cold_arrival_preheat
10.0,0.34873773858368995,-14.956116089882151,-14.226832669931445,15861.36156520795,214586.84210526315,15861.36156520795,5000.0,5413.1578947368425,21274.519459944786,-6.366462912410498e-12,cold_arrival_preheat
15.0,0.34830557140634283,-14.938545580210754,-13.979684699201638,16134.345884812357,214586.84210526315,16134.345884812357,5000.0,5413.1578947368425,21547.503779549188,-1.1823431123048067e-11,cold_arrival_preheat
20.0,0.34786795152495653,-14.91956854371743,-13.73758355027066,16398.18893630466,214586.84210526315,16398.18893630466,5000.0,5413.1578947368425,21811.3468310415,-2.7284841053187847e-12,cold_arrival_preheat
25.0,0.3474251221357996,-14.899227112066143,-13.500390859389096,16650.0,214586.84210526315,16650.0,5000.0,5413.1578947368425,22063.157894736843,9.094947017729282e-13,cold_arrival_preheat
30.0,0.3469773836892078,-14.877565569064027,-13.267972127596394,16887.020181189677,214586.84210526315,16887.020181189677,5000.0,5413.1578947368425,22300.17807592649,-2.8194335754960775e-11,cold_arrival_preheat
35.0,0.34652509067078646,-14.854630260095465,-13.040196679348595,17106.652637168914,214586.84210526315,17106.652637168914,5000.0,5413.1578947368425,22519.810531905772,1.546140993013978e-11,cold_arrival_preheat
40.0,0.34606864776670343,-14.830469453093118,-12.816937620238416,17306.49102878896,214586.84210526315,17306.49102878896,5000.0,5413.1578947368425,22719.648923525783,-2.091837814077735e-11,cold_arrival_preheat
45.0,0.3456085054531035,-14.805133151703345,-12.59807179285823,17484.345884812356,214586.84210526315,17484.345884812356,5000.0,5413.1578947368425,22897.50377954923,3.3651303965598345e-11,cold_arrival_preheat
50.0,0.3451451550571161,-14.778672862604425,-12.383479729890393,17638.268590217984,214586.84210526315,17638.268590217984,5000.0,5413.1578947368425,23051.426484954845,1.9099388737231493e-11,cold_arrival_preheat
55.0,0.3446791233438898,-14.751141320236808,-12.173045603568559,17766.57273563502,214586.84210526315,17766.57273563502,5000.0,5413.1578947368425,23179.730630371836,-2.8194335754960775e-11,cold_arrival_preheat
60.0,0.3442109666904467,-14.722592173453956,-11.966657170737456,17867.852593996915,214586.84210526315,17867.852593996915,5000.0,5413.1578947368425,23281.010488733766,8.185452315956354e-12,cold_arrival_preheat
65.0,0.34374126491277796,-14.69307963974903,-11.76420571284569,17940.998521981273,214586.84210526315,17940.998521981273,5000.0,5413.1578947368425,23354.156416718084,-3.183231456205249e-11,cold_arrival_preheat
70.0,0.3432706148173869,-14.662658133709247,-11.565585970333778,17985.209117494338,214586.84210526315,17985.209117494338,5000.0,5413.1578947368425,23398.367012231207,2.637534635141492e-11,cold_arrival_preheat
75.0,0.3427996235523308,-14.631381877154292,-11.370696071024357,18000.0,214586.84210526315,18000.0,5000.0,5413.1578947368425,23413.15789473685,8.185452315956354e-12,cold_arrival_preheat
80.0,0.34232890183563003,-14.599304498993343,-11.179437452279279,17985.209117494338,214586.84210526315,17985.209117494338,5000.0,5413.1578947368425,23398.367012231192,1.1823431123048067e-11,cold_arrival_preheat
85.0,0.34185905714065046,-14.566478633162466,-10.9917147768541,17940.998521981273,214586.84210526315,17940.998521981273,5000.0,5413.1578947368425,23354.156416718135,1.9099388737231493e-11,cold_arrival_preheat
90.0,0.34139068691867763,-14.532955523066109,-10.80743584254922,17867.852593996915,214586.84210526315,17867.852593996915,5000.0,5413.1578947368425,23281.010488733733,-2.4556356947869062e-11,cold_arrival_preheat
95.0,0.34092437193838204,-14.498784640740604,-10.626511485923283,17766.57273563502,214586.84210526315,17766.57273563502,5000.0,5413.1578947368425,23179.730630371872,8.185452315956354e-12,cold_arrival_preheat
100.0,0.34046066982023265,-14.46401332849285,-10.448855480492929,17638.268590217984,214586.84210526315,17638.268590217984,5000.0,5413.1578947368425,23051.42648495485,2.2737367544323206e-11,cold_arrival_preheat
105.0,0.3400001088411886,-14.428686470063441,-10.274384429988862,17484.345884812356,214586.84210526315,17484.345884812356,5000.0,5413.1578947368425,22897.503779549206,8.185452315956354e-12,cold_arrival_preheat
110.0,0.33954318208124473,-14.392846197450387,-10.10301765736669,17306.49102878896,214586.84210526315,17306.49102878896,5000.0,5413.1578947368425,22719.648923525783,-2.091837814077735e-11,cold_arrival_preheat
115.0,0.3390903419787082,-14.356531638445537,-9.934677090378479,17106.652637168914,214586.84210526315,17106.652637168914,5000.0,5413.1578947368425,22519.810531905765,8.185452315956354e-12,cold_arrival_preheat
120.0,0.33864199535553297,-14.319778708725595,-9.769287144594387,16887.020181189677,214586.84210526315,16887.020181189677,5000.0,5413.1578947368425,22300.17807592651,-1.000444171950221e-11,cold_arrival_preheat
125.0,0.3381984989677565,-14.28261995105236,-9.60677460482118,16650.0,214586.84210526315,16650.0,5000.0,5413.1578947368425,22063.1578947368,-4.274625098332763e-11,cold_arrival_preheat
130.0,0.3377601556291796,-14.245084422823533,-9.447068505894817,16398.18893630466,214586.84210526315,16398.18893630466,5000.0,5413.1578947368425,21811.346831041512,8.185452315956354e-12,cold_arrival_preheat
135.0,0.33732721094904594,-14.207197631926638,-9.290100013827796,16134.345884812357,214586.84210526315,16134.345884812357,5000.0,5413.1578947368425,21547.503779549163,-3.728928277269006e-11,cold_arrival_preheat
140.0,0.33689985071673323,-14.168981519632156,-9.135802308269565,15861.361565207952,214586.84210526315,15861.361565207952,5000.0,5413.1578947368425,21274.51945994481,1.7280399333685637e-11,cold_arrival_preheat
145.0,0.33647819895849845,-14.130454488160751,-8.98411046719211,15582.226850822664,214586.84210526315,15582.226850822664,5000.0,5413.1578947368425,20995.384745559524,1.7280399333685637e-11,cold_arrival_preheat
150.0,0.3360623166832485,-14.091631469610144,-8.834961354645603,15300.0,214586.84210526315,15300.0,5000.0,5413.1578947368425,20713.15789473683,-1.3642420526593924e-11,cold_arrival_preheat
155.0,0.33565220132624934,-14.052524032158171,-8.68829351234423,15017.773149177336,214586.84210526315,15017.773149177336,5000.0,5413.1578947368425,20430.931043914177,-9.094947017729282e-13,cold_arrival_preheat
160.0,0.33524778689175366,-14.013140518889559,-8.544047055744086,14738.63843479205,214586.84210526315,14738.63843479205,5000.0,5413.1578947368425,20151.796329528865,-2.8194335754960775e-11,cold_arrival_preheat
165.0,0.33484894478780847,-13.973486214235573,-8.402163575167467,14465.654115187644,214586.84210526315,14465.654115187644,5000.0,5413.1578947368425,19878.812009924524,3.728928277269006e-11,cold_arrival_preheat
170.0,0.3344554853390914,-13.933563532868744,-8.262586042415625,14201.811063695339,214586.84210526315,14201.811063695339,5000.0,5413.1578947368425,19614.968958432164,-1.7280399333685637e-11,cold_arrival_preheat
175.0,0.3340671599565777,-13.893372225951603,-8.125258723199185,13950.0,214586.84210526315,13950.0,5000.0,5413.1578947368425,19363.15789473684,-2.7284841053187847e-12,cold_arrival_preheat
180.0,0.33368366393622606,-13.852909599882393,-7.990127095606234,13712.979818810323,214586.84210526315,13712.979818810323,5000.0,5413.1578947368425,19126.137713547174,8.185452315956354e-12,cold_arrival_preheat
185.0,0.3333046398527278,-13.812170743088764,-7.857137774726167,13493.347362831084,214586.84210526315,13493.347362831084,5000.0,5413.1578947368425,18906.505257567907,-1.9099388737231493e-11,cold_arrival_preheat
190.0,0.33292968150872715,-13.771148756963044,-7.726238443455765,13293.508971211035,214586.84210526315,13293.508971211035,5000.0,5413.1578947368425,18706.66686594792,4.092726157978177e-11,cold_arrival_preheat
195.0,0.3325583383948122,-13.729834987676027,-7.597377789435334,13115.654115187643,214586.84210526315,13115.654115187643,5000.0,5413.1578947368425,18528.812009924502,1.7280399333685637e-11,cold_arrival_preheat
200.0,0.3321901206110095,-13.688219256313712,-7.470505447998557,12961.731409782014,214586.84210526315,12961.731409782014,5000.0,5413.1578947368425,18374.88930451888,2.4556356947869062e-11,cold_arrival_preheat
205.0,0.33182450419649934,-13.646290085515021,-7.345571950971178,12833.427264364978,214586.84210526315,12833.427264364978,5000.0,5413.1578947368425,18246.585159101814,-6.366462912410498e-12,cold_arrival_preheat
210.0,0.33146093681080013,-13.60403492151074,-7.222528681120792,12732.147406003085,214586.84210526315,12732.147406003085,5000.0,5413.1578947368425,18145.305300739914,-1.3642420526593924e-11,cold_arrival_preheat
215.0,0.3310988437067512,-13.56144035113904,-7.101327832042316,12659.001478018725,214586.84210526315,12659.001478018725,5000.0,5413.1578947368425,18072.1593727556,3.183231456205249e-11,cold_arrival_preheat
220.0,0.3307376339332435,-13.518492314008489,-6.9819223732599625,12614.79088250566,214586.84210526315,12614.79088250566,5000.0,5413.1578947368425,18027.94877724253,2.8194335754960775e-11,cold_arrival_preheat
225.0,0.3303767067038038,-13.475176310467566,-6.864266020334718,12600.0,214586.84210526315,12600.0,5000.0,5413.1578947368425,18013.157894736833,-1.000444171950221e-11,cold_arrival_preheat
230.0,0.3300154578658216,-13.43147760639805,-6.7483132097841265,12614.79088250566,214586.84210526315,12614.79088250566,5000.0,5413.1578947368425,18027.948777242487,-1.546140993013978e-11,cold_arrival_preheat
235.0,0.32965328640441527,-13.387381436062046,-6.63401907864575,12659.001478018725,214586.84210526315,12659.001478018725,5000.0,5413.1578947368425,18072.15937275556,-8.185452315956354e-12,cold_arrival_preheat
240.0,0.32928960091466103,-13.342873204290015,-6.521339448543939,12732.147406003085,214586.84210526315,12732.147406003085,5000.0,5413.1578947368425,18145.305300739936,8.185452315956354e-12,cold_arrival_preheat
245.0,0.3289238259761521,-13.297938689197853,-6.410230814148385,12833.427264364977,214586.84210526315,12833.427264364977,5000.0,5413.1578947368425,18246.585159101836,1.7280399333685637e-11,cold_arrival_preheat
250.0,0.3285554083646204,-13.252564246370477,-6.300650335939101,12961.731409782014,214586.84210526315,12961.731409782014,5000.0,5413.1578947368425,18374.88930451886,2.7284841053187847e-12,cold_arrival_preheat
255.0,0.32818382303664073,-13.206737015059833,-6.192555837213104,13115.65411518764,214586.84210526315,13115.65411518764,5000.0,5413.1578947368425,18528.812009924502,1.9099388737231493e-11,cold_arrival_preheat
260.0,0.3278085788252531,-13.160445126435915,-6.085905805280436,13293.508971211035,214586.84210526315,13293.508971211035,5000.0,5413.1578947368425,18706.666865947886,8.185452315956354e-12,cold_arrival_preheat
265.0,0.3274292237866889,-13.113677913325436,-5.980659396799081,13493.347362831084,214586.84210526315,13493.347362831084,5000.0,5413.1578947368425,18906.505257567926,-9.094947017729282e-13,cold_arrival_preheat
270.0,0.3270453501412803,-13.066426120203817,-5.876776447188136,13712.979818810321,214586.84210526315,13712.979818810321,5000.0,5413.1578947368425,19126.137713547116,-4.8203219193965197e-11,cold_arrival_preheat
275.0,0.32665659875507114,-13.018682111506468,-5.7742174840352085,13950.0,214586.84210526315,13950.0,5000.0,5413.1578947368425,19363.157894736865,2.2737367544323206e-11,cold_arrival_preheat
280.0,0.3262626631126403,-12.970440075630682,-5.672943744377201,14201.811063695337,214586.84210526315,14201.811063695337,5000.0,5413.1578947368425,19614.96895843215,-3.001332515850663e-11,cold_arrival_preheat
285.0,0.32586329273618725,-12.921696221347558,-5.572917195683681,14465.654115187643,214586.84210526315,14465.654115187643,5000.0,5413.1578947368425,19878.812009924502,1.7280399333685637e-11,cold_arrival_preheat
290.0,0.3254582960110181,-12.87244896277077,-5.474100560310173,14738.638434792048,214586.84210526315,14738.638434792048,5000.0,5413.1578947368425,20151.79632952888,-1.1823431123048067e-11,cold_arrival_preheat
295.0,0.325047542383185,-12.822699088570415,-5.376457343116709,15017.773149177336,214586.84210526315,15017.773149177336,5000.0,5413.1578947368425,20430.931043914148,-3.001332515850663e-11,cold_arrival_preheat
300.0,0.32463096390115753,-12.772449910806513,-5.27995186186741,15300.0,214586.84210526315,15300.0,5000.0,5413.1578947368425,20713.15789473686,1.9099388737231493e-11,cold_arrival_preheat
305.0,0.3242085560800051,-12.721707388613693,-5.184549279942752,15582.226850822664,214586.84210526315,15582.226850822664,5000.0,5413.1578947368425,20995.384745559513,6.366462912410498e-12,cold_arrival_preheat
310.0,0.3237803780736013,-12.670480222015255,-5.090215640811013,15861.36156520795,214586.84210526315,15861.36156520795,5000.0,5413.1578947368425,21274.51945994482,2.637534635141492e-11,cold_arrival_preheat
315.0,0.3233465521477671,-12.618779911392567,-4.9969179036230775,16134.345884812357,214586.84210526315,16134.345884812357,5000.0,5413.1578947368425,21547.503779549217,1.7280399333685637e-11,cold_arrival_preheat
320.0,0.3229072624549779,-12.566620778587415,-4.904623979219162,16398.188936304658,214586.84210526315,16398.188936304658,5000.0,5413.1578947368425,21811.346831041457,-4.274625098332763e-11,cold_arrival_preheat
325.0,0.3224627531191915,-12.514019946264309,-4.813302765771123,16649.999999999996,214586.84210526315,16649.999999999996,5000.0,5413.1578947368425,22063.15789473683,-1.000444171950221e-11,cold_arrival_preheat
330.0,0.32201332564740326,-12.460997272991339,-4.722924183233514,16887.020181189673,214586.84210526315,16887.020181189673,5000.0,5413.1578947368425,22300.17807592658,6.275513442233205e-11,cold_arrival_preheat
335.0,0.3215593356926085,-12.407575242487914,-4.633459205743766,17106.652637168914,214586.84210526315,17106.652637168914,5000.0,5413.1578947368425,22519.810531905765,8.185452315956354e-12,cold_arrival_preheat
340.0,0.32110118920081554,-12.353778806603117,-4.544879891099647,17306.49102878896,214586.84210526315,17306.49102878896,5000.0,5413.1578947368425,22719.64892352586,5.547917680814862e-11,cold_arrival_preheat
345.0,0.3206393379824982,-12.299635182790556,-4.457159406452428,17484.34588481236,214586.84210526315,17484.34588481236,5000.0,5413.1578947368425,22897.503779549206,4.547473508864641e-12,cold_arrival_preheat
350.0,0.3201742747562605,-12.245173608089866,-4.370272049388357,17638.268590217984,214586.84210526315,17638.268590217984,5000.0,5413.1578947368425,23051.426484954813,-1.3642420526593924e-11,cold_arrival_preheat
355.0,0.31970652771938873,-12.190425052863828,-4.284193263629303,17766.57273563502,214586.84210526315,17766.57273563502,5000.0,5413.1578947368425,23179.7306303719,3.728928277269006e-11,cold_arrival_preheat
360.0,0.3192366547062561,-12.135421898724358,-4.198899648665203,17867.852593996915,214586.84210526315,17867.852593996915,5000.0,5413.1578947368425,23281.010488733704,-5.3660187404602766e-11,cold_arrival_preheat
365.0,0.31876523700109916,-12.080197586162525,-4.114368962734635,17940.998521981273,214586.84210526315,17940.998521981273,5000.0,5413.1578947368425,23354.156416718106,-1.000444171950221e-11,cold_arrival_preheat
370.0,0.31829287287640234,-12.024786238332775,-4.0305801186928925,17985.209117494338,214586.84210526315,17985.209117494338,5000.0,5413.1578947368425,23398.367012231225,4.4565240386873484e-11,cold_arrival_preheat
375.0,0.3178201709319014,-11.969222268190697,-3.947513172445993,18000.0,214586.84210526315,18000.0,5000.0,5413.1578947368425,23413.157894736843,9.094947017729282e-13,cold_arrival_preheat
380.0,0.3173477433119789,-11.913539976715407,-3.8651493037800653,17985.209117494338,214586.84210526315,17985.209117494338,5000.0,5413.1578947368425,23398.367012231185,4.547473508864641e-12,cold_arrival_preheat
385.0,0.31687619888091356,-11.857773150239481,-3.783470789573914,17940.998521981273,214586.84210526315,17940.998521981273,5000.0,5413.1578947368425,23354.15641671814,2.2737367544323206e-11,cold_arrival_preheat
390.0,0.3164061364360266,-11.801954664949,-3.7024609695432735,17867.852593996915,214586.84210526315,17867.852593996915,5000.0,5413.1578947368425,23281.010488733787,3.001332515850663e-11,cold_arrival_preheat
395.0,0.31593813803823145,-11.746116106402026,-3.622104204823282,17766.57273563502,214586.84210526315,17766.57273563502,5000.0,5413.1578947368425,23179.730630371872,8.185452315956354e-12,cold_arrival_preheat
400.0,0.3154727625378504,-11.690287411455008,-3.542385829845972,17638.268590217984,214586.84210526315,17638.268590217984,5000.0,5413.1578947368425,23051.426484954838,1.1823431123048067e-11,cold_arrival_preheat
405.0,0.31501053937084983,-11.634496539302534,-3.4632920981073836,17484.34588481236,214586.84210526315,17484.34588481236,5000.0,5413.1578947368425,22897.503779549214,1.1823431123048067e-11,cold_arrival_preheat
410.0,0.3145519626969216,-11.578769177455495,-3.384810122540036,17306.49102878897,214586.84210526315,17306.49102878897,5000.0,5413.1578947368425,22719.648923525794,-1.7280399333685637e-11,cold_arrival_preheat
415.0,0.314097485946181,-11.523128487442554,-3.3069278113073506,17106.652637168918,214586.84210526315,17106.652637168918,5000.0,5413.1578947368425,22519.810531905772,1.1823431123048067e-11,cold_arrival_preheat
420.0,0.3136475168357561,-11.467594893862417,-3.2296337999144886,16887.020181189677,214586.84210526315,16887.020181189677,5000.0,5413.1578947368425,22300.178075926524,4.547473508864641e-12,cold_arrival_preheat
425.0,0.3132024129113165,-11.412185919186351,-3.1529173805830784,16650.000000000004,214586.84210526315,16650.000000000004,5000.0,5413.1578947368425,22063.15789473689,4.4565240386873484e-11,cold_arrival_preheat
430.0,0.31276247766175075,-11.356916065459744,-3.076768429864596,16398.18893630466,214586.84210526315,16398.18893630466,5000.0,5413.1578947368425,21811.346831041497,-6.366462912410498e-12,cold_arrival_preheat
435.0,0.31232795724787626,-11.301796742826037,-3.0011773354688533,16134.34588481236,214586.84210526315,16134.34588481236,5000.0,5413.1578947368425,21547.50377954918,-2.091837814077735e-11,cold_arrival_preheat
440.0,0.3118990378783793,-11.24683624364086,-2.926134923261186,15861.36156520795,214586.84210526315,15861.36156520795,5000.0,5413.1578947368425,21274.519459944797,4.547473508864641e-12,cold_arrival_preheat
445.0,0.3114758438582609,-11.192039759899316,-2.851632385336456,15582.226850822668,214586.84210526315,15582.226850822668,5000.0,5413.1578947368425,20995.384745559528,1.7280399333685637e-11,cold_arrival_preheat
450.0,0.31105843632703223,-11.137409440799033,-2.77766121001262,15300.0,214586.84210526315,15300.0,5000.0,5413.1578947368425,20713.157894736807,-3.54702933691442e-11,cold_arrival_preheat
455.0,0.3106468126958712,-11.082944486532792,-2.7042131145046406,15017.773149177334,214586.84210526315,15017.773149177334,5000.0,5413.1578947368425,20430.931043914166,-1.000444171950221e-11,cold_arrival_preheat
460.0,0.3102409067850287,-11.028641273865512,-2.6312799809448,14738.638434792048,214586.84210526315,14738.638434792048,5000.0,5413.1578947368425,20151.79632952887,-2.2737367544323206e-11,cold_arrival_preheat
465.0,0.30984058965505396,-10.97449350871081,-2.5588537963120004,14465.654115187643,214586.84210526315,14465.654115187643,5000.0,5413.1578947368425,19878.812009924448,-3.728928277269006e-11,cold_arrival_preheat
470.0,0.30944567111797266,-10.920492400783111,-2.486926596724665,14201.811063695339,214586.84210526315,14201.811063695339,5000.0,5413.1578947368425,19614.968958432175,-6.366462912410498e-12,cold_arrival_preheat
475.0,0.3090559019074756,-10.866626855454548,-2.4154904164434465,13949.999999999998,214586.84210526315,13949.999999999998,5000.0,5413.1578947368425,19363.157894736825,-1.546140993013978e-11,cold_arrival_preheat
480.0,0.3086709764805126,-10.81288367817638,-2.344537241824957,13712.979818810323,214586.84210526315,13712.979818810323,5000.0,5413.1578947368425,19126.13771354718,1.546140993013978e-11,cold_arrival_preheat
485.0,0.30829053641648596,-10.759247787209958,-2.2740589703696763,13493.347362831086,214586.84210526315,13493.347362831086,5000.0,5413.1578947368425,18906.505257567944,1.546140993013978e-11,cold_arrival_preheat
490.0,0.30791417437453356,-10.70570243092464,-2.204047374918959,13293.508971211037,214586.84210526315,13293.508971211037,5000.0,5413.1578947368425,18706.666865947867,-1.1823431123048067e-11,cold_arrival_preheat
495.0,0.30754143856421035,-10.652229406527368,-2.1344940729800115,13115.654115187643,214586.84210526315,13115.654115187643,5000.0,5413.1578947368425,18528.812009924488,2.7284841053187847e-12,cold_arrival_preheat
500.0,0.3071718376802333,-10.598809277756223,-2.065390501095469,12961.731409782018,214586.84210526315,12961.731409782018,5000.0,5413.1578947368425,18374.889304518874,1.3642420526593924e-11,cold_arrival_preheat
505.0,0.306804846247861,-10.545421589762187,-1.996727894126666,12833.427264364978,214586.84210526315,12833.427264364978,5000.0,5413.1578947368425,18246.585159101833,1.1823431123048067e-11,cold_arrival_preheat
510.0,0.3064399103219354,-10.492045080084035,-1.9284972692870377,12732.147406003085,214586.84210526315,12732.147406003085,5000.0,5413.1578947368425,18145.305300739947,1.9099388737231493e-11,cold_arrival_preheat
515.0,0.30607645347962487,-10.438657885256983,-1.8606894147437647,12659.001478018725,214586.84210526315,12659.001478018725,5000.0,5413.1578947368425,18072.159372755574,6.366462912410498e-12,cold_arrival_preheat
520.0,0.30571388304446334,-10.385237743155873,-1.7932948826005537,12614.790882505662,214586.84210526315,12614.790882505662,5000.0,5413.1578947368425,18027.94877724253,2.637534635141492e-11,cold_arrival_preheat
525.0,0.3053515964773872,-10.331762191631789,-1.7263039860805538,12600.0,214586.84210526315,12600.0,5000.0,5413.1578947368425,18013.15789473681,-3.183231456205249e-11,cold_arrival_preheat
530.0,0.30498898786911277,-10.278208764336233,-1.6597068007435354,12614.79088250566,214586.84210526315,12614.79088250566,5000.0,5413.1578947368425,18027.94877724253,2.8194335754960775e-11,cold_arrival_preheat
535.0,0.3046254544673797,-10.224555184824128,-1.593493169592967,12659.001478018725,214586.84210526315,12659.001478018725,5000.0,5413.1578947368425,18072.15937275555,-1.9099388737231493e-11,cold_arrival_preheat
540.0,0.30426040317229847,-10.170779560077744,-1.5276527119536032,12732.147406003085,214586.84210526315,12732.147406003085,5000.0,5413.1578947368425,18145.30530073996,3.3651303965598345e-11,cold_arrival_preheat
545.0,0.30389325693329006,-10.116860574496464,-1.4621748360256452,12833.427264364977,214586.84210526315,12833.427264364977,5000.0,5413.1578947368425,18246.585159101858,3.9108272176235914e-11,cold_arrival_preheat
550.0,0.3035234609818866,-10.062777685157627,-1.397048755044488,12961.731409782016,214586.84210526315,12961.731409782016,5000.0,5413.1578947368425,18374.889304518838,-2.091837814077735e-11,cold_arrival_preheat
555.0,0.3031504888359836,-10.008511318783519,-1.3322635069927216,13115.65411518764,214586.84210526315,13115.65411518764,5000.0,5413.1578947368425,18528.812009924506,2.2737367544323206e-11,cold_arrival_preheat
560.0,0.3027738480129952,-9.954043070367291,-1.2678079778209193,13293.508971211033,214586.84210526315,13293.508971211033,5000.0,5413.1578947368425,18706.666865947893,1.7280399333685637e-11,cold_arrival_preheat
565.0,0.30239308539177373,-9.899355902840165,-1.2036709281337556,13493.34736283108,214586.84210526315,13493.34736283108,5000.0,5413.1578947368425,18906.50525756788,-4.4565240386873484e-11,cold_arrival_preheat
570.0,0.30200779216611573,-9.844434346532143,-1.1398410232865848,13712.979818810321,214586.84210526315,13712.979818810321,5000.0,5413.1578947368425,19126.1377135472,3.54702933691442e-11,cold_arrival_preheat
575.0,0.30161760833619145,-9.789264696520867,-1.0763068668138627,13949.999999999996,214586.84210526315,13949.999999999996,5000.0,5413.1578947368425,19363.15789473685,1.1823431123048067e-11,cold_arrival_preheat
580.0,0.3012222266883081,-9.733835205312541,-1.0130570370743983,14201.811063695337,214586.84210526315,14201.811063695337,5000.0,5413.1578947368425,19614.968958432175,-4.547473508864641e-12,cold_arrival_preheat
585.0,0.30082139621804,-9.678136267690276,-0.9500801269498136,14465.654115187639,214586.84210526315,14465.654115187639,5000.0,5413.1578947368425,19878.81200992447,-1.1823431123048067e-11,cold_arrival_preheat
590.0,0.3004149249569261,-9.62216059403353,-0.8873647863728732,14738.63843479205,214586.84210526315,14738.63843479205,5000.0,5413.1578947368425,20151.79632952889,-2.7284841053187847e-12,cold_arrival_preheat
595.0,0.3000026821686302,-9.565903367990023,-0.8248997673932942,15017.773149177332,214586.84210526315,15017.773149177332,5000.0,5413.1578947368425,20430.931043914166,-8.185452315956354e-12,cold_arrival_preheat
600.0,0.29958459988665165,-9.5093623840975,-0.7626739714126621,15299.999999999998,214586.84210526315,15299.999999999998,5000.0,5413.1578947368425,20713.157894736847,6.366462912410498e-12,cold_arrival_preheat
605.0,0.2991606737723379,-9.452538160831093,-0.7006764981400724,15582.226850822664,214586.84210526315,15582.226850822664,5000.0,5413.1578947368425,20995.3847455595,-8.185452315956354e-12,cold_arrival_preheat
610.0,0.29873096327902654,-9.39543402461009,-0.6388966957394242,15861.361565207952,214586.84210526315,15861.361565207952,5000.0,5413.1578947368425,21274.51945994475,-4.4565240386873484e-11,cold_arrival_preheat
615.0,0.29829559111558485,-9.338056160546252,-0.577324211561528,16134.345884812357,214586.84210526315,16134.345884812357,5000.0,5413.1578947368425,21547.50377954921,1.000444171950221e-11,cold_arrival_preheat
620.0,0.2978547420103416,-9.280413626156454,-0.5159490427830828,16398.18893630466,214586.84210526315,16398.18893630466,5000.0,5413.1578947368425,21811.346831041552,4.8203219193965197e-11,cold_arrival_preheat
625.0,0.2974086607843352,-9.222518324888894,-0.45476158621384455,16650.0,214586.84210526315,16650.0,5000.0,5413.1578947368425,22063.15789473686,1.9099388737231493e-11,cold_arrival_preheat
630.0,0.29695764975084143,-9.164384937109727,-0.39375268648642525,16887.020181189677,214586.84210526315,16887.020181189677,5000.0,5413.1578947368425,22300.17807592652,9.094947017729282e-13,cold_arrival_preheat
635.0,0.2965020654661831,-9.10603080714219,-0.33291368181325837,17106.652637168914,214586.84210526315,17106.652637168914,5000.0,5413.1578947368425,22519.810531905787,3.001332515850663e-11,cold_arrival_preheat
640.0,0.29604231486474686,-9.047475786012578,-0.27223644648491785,17306.49102878896,214586.84210526315,17306.49102878896,5000.0,5413.1578947368425,22719.648923525838,3.3651303965598345e-11,cold_arrival_preheat
645.0,0.2955788508188216,-8.988742030699616,-0.2117134292951041,17484.345884812356,214586.84210526315,17484.345884812356,5000.0,5413.1578947368425,22897.50377954922,2.2737367544323206e-11,cold_arrival_preheat
650.0,0.2951121671711943,-8.929853761863894,-0.1513376871113349,17638.26859021798,214586.84210526315,17638.26859021798,5000.0,5413.1578947368425,23051.42648495485,2.637534635141492e-11,cold_arrival_preheat
655.0,0.2946427932952751,-8.870836983207136,-0.09110291286697048,17766.57273563502,214586.84210526315,17766.57273563502,5000.0,5413.1578947368425,23179.730630371818,-4.638422979041934e-11,cold_arrival_preheat
660.0,0.29417128824374417,-8.811719166731034,-0.03100345732901883,17867.85259399691,214586.84210526315,17867.85259399691,5000.0,5413.1578947368425,23281.010488733744,-1.000444171950221e-11,cold_arrival_preheat
665.0,0.2936982345522033,-8.75252890918741,0.028965655904336432,17940.998521981273,214586.84210526315,17940.998521981273,5000.0,5413.1578947368425,23354.156416718084,-3.183231456205249e-11,cold_arrival_preheat
670.0,0.2932242317689723,-8.693295565893628,0.08880872260478298,17985.209117494338,214586.84210526315,17985.209117494338,5000.0,5413.1578947368425,23398.367012231185,4.547473508864641e-12,cold_arrival_preheat
675.0,0.2927498897858974,-8.634048868793254,0.14852935760896385,18000.0,214586.84210526315,18000.0,5000.0,5413.1578947368425,23413.15789473681,-3.183231456205249e-11,cold_arrival_preheat
680.0,0.2922758220477652,-8.574818536142242,0.20813050215900822,17985.209117494338,214586.84210526315,17985.209117494338,5000.0,5413.1578947368425,23398.36701223119,8.185452315956354e-12,cold_arrival_preheat
685.0,0.29180263871958295,-8.515633881474644,0.2676144388890061,17940.998521981277,214586.84210526315,17940.998521981277,5000.0,5413.1578947368425,23354.156416718117,-2.7284841053187847e-12,cold_arrival_preheat
690.0,0.2913309398915625,-8.456523429537384,0.3269828143048323,17867.85259399691,214586.84210526315,17867.85259399691,5000.0,5413.1578947368425,23281.010488733722,-3.183231456205249e-11,cold_arrival_preheat
695.0,0.29086130890111983,-8.397514546679634,0.3862366684542685,17766.57273563502,214586.84210526315,17766.57273563502,5000.0,5413.1578947368425,23179.730630371865,9.094947017729282e-13,cold_arrival_preheat
700.0,0.2903943058495862,-8.338633092747449,0.44537647134128,17638.268590217984,214586.84210526315,17638.268590217984,5000.0,5413.1578947368425,23051.426484954853,2.637534635141492e-11,cold_arrival_preheat
705.0,0.28993046138865486,-8.279903100886917,0.5044021655070346,17484.34588481236,214586.84210526315,17484.34588481236,5000.0,5413.1578947368425,22897.503779549246,4.4565240386873484e-11,cold_arrival_preheat
710.0,0.28947027084791793,-8.221346490826095,0.5633132140848005,17306.49102878897,214586.84210526315,17306.49102878897,5000.0,5413.1578947368425,22719.648923525816,4.547473508864641e-12,cold_arrival_preheat
715.0,0.2890141887702506,-8.1629828202218,0.6221086535395842,17106.652637168914,214586.84210526315,17106.652637168914,5000.0,5413.1578947368425,22519.810531905783,2.637534635141492e-11,cold_arrival_preheat
720.0,0.2885626239163727,-8.104829077561952,0.6807871502288889,16887.020181189677,214586.84210526315,16887.020181189677,5000.0,5413.1578947368425,22300.17807592654,1.9099388737231493e-11,cold_arrival_preheat
725.0,0.2881159347937593,-8.046899518951118,0.7393470598700189,16650.000000000004,214586.84210526315,16650.000000000004,5000.0,5413.1578947368425,22063.15789473688,3.3651303965598345e-11,cold_arrival_preheat
730.0,0.2876744257583,-7.989205549921612,0.797786488972783,16398.188936304658,214586.84210526315,16398.188936304658,5000.0,5413.1578947368425,21811.34683104153,3.001332515850663e-11,cold_arrival_preheat
735.0,0.2872383437298443,-7.931755652249804,0.8561033572941558,16134.34588481236,214586.84210526315,16134.34588481236,5000.0,5413.1578947368425,21547.50377954921,8.185452315956354e-12,cold_arrival_preheat
740.0,0.28680787555513404,-7.874555354659448,0.9142954603924716,15861.361565207955,214586.84210526315,15861.361565207955,5000.0,5413.1578947368425,21274.519459944826,2.8194335754960775e-11,cold_arrival_preheat
745.0,0.28638314604374643,-7.817607245299199,0.9723605314012365,15582.226850822663,214586.84210526315,15582.226850822663,5000.0,5413.1578947368425,20995.384745559488,-1.7280399333685637e-11,cold_arrival_preheat
750.0,0.28596421669466426,-7.760911023022325,1.0302963012041202,15300.000000000002,214586.84210526315,15300.000000000002,5000.0,5413.1578947368425,20713.157894736843,-9.094947017729282e-13,cold_arrival_preheat
755.0,0.2855510851230707,-7.704463583798382,1.0881005562700048,15017.77314917734,214586.84210526315,15017.77314917734,5000.0,5413.1578947368425,20430.931043914177,-4.547473508864641e-12,cold_arrival_preheat
760.0,0.28514368518903965,-7.64825913806704,1.1457711934965609,14738.638434792048,214586.84210526315,14738.638434792048,5000.0,5413.1578947368425,20151.79632952887,-2.2737367544323206e-11,cold_arrival_preheat
765.0,0.284741887822052,-7.592289354512509,1.2033062715088478,14465.654115187648,214586.84210526315,14465.654115187648,5000.0,5413.1578947368425,19878.812009924495,4.547473508864641e-12,cold_arrival_preheat
770.0,0.284345502527799,-7.536543525594381,1.260704057961957,14201.811063695335,214586.84210526315,14201.811063695335,5000.0,5413.1578947368425,19614.968958432204,2.637534635141492e-11,cold_arrival_preheat
775.0,0.2839542795566063,-7.48100875021013,1.3179630724998477,13950.000000000002,214586.84210526315,13950.000000000002,5000.0,5413.1578947368425,19363.157894736865,2.091837814077735e-11,cold_arrival_preheat
780.0,0.28356791270608983,-7.425670129071691,1.3750821251226222,13712.979818810323,214586.84210526315,13712.979818810323,5000.0,5413.1578947368425,19126.137713547163,-2.7284841053187847e-12,cold_arrival_preheat
785.0,0.283186042724381,-7.370510968732749,1.432060349808247,13493.347362831084,214586.84210526315,13493.347362831084,5000.0,5413.1578947368425,18906.505257567896,-3.001332515850663e-11,cold_arrival_preheat
790.0,0.282808261274477,-7.31551299067837,1.4888972333193593,13293.508971211035,214586.84210526315,13293.508971211035,5000.0,5413.1578947368425,18706.6668659479,2.2737367544323206e-11,cold_arrival_preheat
795.0,0.2824341154150065,-7.260656542454505,1.5455926391990795,13115.654115187644,214586.84210526315,13115.654115187644,5000.0,5413.1578947368425,18528.812009924477,-1.000444171950221e-11,cold_arrival_preheat
800.0,0.2820631125479754,-7.2059208084386155,1.602146827020115,12961.731409782014,214586.84210526315,12961.731409782014,5000.0,5413.1578947368425,18374.889304518823,-3.3651303965598345e-11,cold_arrival_preheat
805.0,0.28169472577987764,-7.151284018500621,1.6585604669980085,12833.427264364978,214586.84210526315,12833.427264364978,5000.0,5413.1578947368425,18246.58515910179,-3.183231456205249e-11,cold_arrival_preheat
810.0,0.2813283996389387,-7.096723653441733,1.7148346501119869,12732.147406003085,214586.84210526315,12732.147406003085,5000.0,5413.1578947368425,18145.30530073997,4.092726157978177e-11,cold_arrival_preheat
815.0,0.28096355608819545,-7.042216646695578,1.7709708938959694,12659.001478018725,214586.84210526315,12659.001478018725,5000.0,5413.1578947368425,18072.15937275553,-3.728928277269006e-11,cold_arrival_preheat
820.0,0.28059960077161666,-6.987739582302377,1.826971144069067,12614.790882505662,214586.84210526315,12614.790882505662,5000.0,5413.1578947368425,18027.948777242502,-2.7284841053187847e-12,cold_arrival_preheat
825.0,0.2802359294285201,-6.933268889597747,1.8828377721709846,12600.0,214586.84210526315,12600.0,5000.0,5413.1578947368425,18013.15789473686,1.9099388737231493e-11,cold_arrival_preheat
830.0,0.2798719344101516,-6.878781035373026,1.938573569355295,12614.79088250566,214586.84210526315,12614.79088250566,5000.0,5413.1578947368425,18027.94877724248,-2.2737367544323206e-11,cold_arrival_preheat
835.0,0.27950701123144994,-6.824252714449627,1.994181736475074,12659.001478018723,214586.84210526315,12659.001478018723,5000.0,5413.1578947368425,18072.159372755566,9.094947017729282e-13,cold_arrival_preheat
840.0,0.27914056509072827,-6.76966103965775,2.0496658705735995,12732.147406003085,214586.84210526315,12732.147406003085,5000.0,5413.1578947368425,18145.30530073988,-4.638422979041934e-11,cold_arrival_preheat
845.0,0.2787720172902612,-6.714983732118522,2.1050299478705474,12833.427264364977,214586.84210526315,12833.427264364977,5000.0,5413.1578947368425,18246.585159101796,-2.2737367544323206e-11,cold_arrival_preheat
850.0,0.27840081149157003,-6.660199312503207,2.160278303314162,12961.731409782013,214586.84210526315,12961.731409782013,5000.0,5413.1578947368425,18374.88930451887,1.546140993013978e-11,cold_arrival_preheat
855.0,0.2780264197405588,-6.605287293595212,2.215415606754868,13115.654115187643,214586.84210526315,13115.654115187643,5000.0,5413.1578947368425,18528.812009924495,1.000444171950221e-11,cold_arrival_preheat
860.0,0.27764834819956297,-6.550228374027531,2.2704468357880545,13293.508971211033,214586.84210526315,13293.508971211033,5000.0,5413.1578947368425,18706.666865947904,2.8194335754960775e-11,cold_arrival_preheat
865.0,0.27726614252584547,-6.495004632532709,2.325377245315291,13493.347362831088,214586.84210526315,13493.347362831088,5000.0,5413.1578947368425,18906.50525756797,3.9108272176235914e-11,cold_arrival_preheat
870.0,0.276879392839103,-6.439599721451551,2.3802123338853822,13712.979818810321,214586.84210526315,13712.979818810321,5000.0,5413.1578947368425,19126.13771354713,-3.3651303965598345e-11,cold_arrival_preheat
875.0,0.2764877382241388,-6.383999057630978,2.434957806900434,13949.999999999998,214586.84210526315,13949.999999999998,5000.0,5413.1578947368425,19363.157894736814,-2.637534635141492e-11,cold_arrival_preheat
880.0,0.27609087071900934,-6.328190008233214,2.4896195368076204,14201.81106369534,214586.84210526315,14201.81106369534,5000.0,5413.1578947368425,19614.968958432175,-8.185452315956354e-12,cold_arrival_preheat
885.0,0.275688538743657,-6.272162068411298,2.5442035204442632,14465.654115187644,214586.84210526315,14465.654115187644,5000.0,5413.1578947368425,19878.812009924462,-2.4556356947869062e-11,cold_arrival_preheat
890.0,0.27528054992928686,-6.215907027312303,2.5987158337610703,14738.638434792043,214586.84210526315,14738.638434792043,5000.0,5413.1578947368425,20151.796329528876,-1.000444171950221e-11,cold_arrival_preheat
895.0,0.2748667733145117,-6.159419118480421,2.6531625842142534,15017.773149177332,214586.84210526315,15017.773149177332,5000.0,5413.1578947368425,20430.931043914203,2.8194335754960775e-11,cold_arrival_preheat
900.0,0.27444714088055244,-6.102695150474245,2.707549861189439,15299.999999999998,214586.84210526315,15299.999999999998,5000.0,5413.1578947368425,20713.157894736825,-1.546140993013978e-11,cold_arrival_preheat
905.0,0.27402164840449394,-6.045734613408662,2.7618836848960795,15582.226850822653,214586.84210526315,15582.226850822653,5000.0,5413.1578947368425,20995.384745559517,2.091837814077735e-11,cold_arrival_preheat
910.0,0.2735903556167217,-5.988539757197959,2.8161699542472816,15861.361565207952,214586.84210526315,15861.361565207952,5000.0,5413.1578947368425,21274.519459944764,-3.001332515850663e-11,cold_arrival_preheat
915.0,0.273153385656131,-5.9311156375226135,2.8704143943131846,16134.345884812352,214586.84210526315,16134.345884812352,5000.0,5413.1578947368425,21547.503779549188,-6.366462912410498e-12,cold_arrival_preheat
920.0,0.2727109238244424,-5.873470125969412,2.924622504002734,16398.188936304665,214586.84210526315,16398.188936304665,5000.0,5413.1578947368425,21811.34683104154,3.3651303965598345e-11,cold_arrival_preheat
925.0,0.2722632156488869,-5.81561388139679,2.9787995046853912,16649.999999999996,214586.84210526315,16649.999999999996,5000.0,5413.1578947368425,22063.1578947368,-3.9108272176235914e-11,cold_arrival_preheat
930.0,0.27181056427054723,-5.757560280340193,3.032950290507748,16887.020181189677,214586.84210526315,16887.020181189677,5000.0,5413.1578947368425,22300.178075926513,-6.366462912410498e-12,cold_arrival_preheat
935.0,0.27135332718365185,-5.699325305173658,3.0870793811872224,17106.652637168914,214586.84210526315,17106.652637168914,5000.0,5413.1578947368425,22519.81053190577,1.1823431123048067e-11,cold_arrival_preheat
940.0,0.27089191235900084,-5.640927389754645,3.141190878073607,17306.491028788965,214586.84210526315,17306.491028788965,5000.0,5413.1578947368425,22719.64892352577,-3.9108272176235914e-11,cold_arrival_preheat
945.0,0.27042677379234054,-5.582387223364141,3.195288424257433,17484.345884812352,214586.84210526315,17484.345884812352,5000.0,5413.1578947368425,22897.5037795492,4.547473508864641e-12,cold_arrival_preheat
950.0,0.2699584065257698,-5.523727514873855,3.249375169470843,17638.268590217984,214586.84210526315,17638.268590217984,5000.0,5413.1578947368425,23051.426484954798,-2.8194335754960775e-11,cold_arrival_preheat
955.0,0.269487341197035,-5.4649727201842975,3.303453740471766,17766.57273563502,214586.84210526315,17766.57273563502,5000.0,5413.1578947368425,23179.73063037187,4.547473508864641e-12,cold_arrival_preheat
960.0,0.26901413817773123,-5.406148737038508,3.3575262175261966,17867.85259399691,214586.84210526315,17867.85259399691,5000.0,5413.1578947368425,23281.010488733726,-2.8194335754960775e-11,cold_arrival_preheat
965.0,0.2685393813668627,-5.347282572283845,3.4115941175078808,17940.998521981273,214586.84210526315,17940.998521981273,5000.0,5413.1578947368425,23354.156416718124,8.185452315956354e-12,cold_arrival_preheat
970.0,0.26806367171081963,-5.288401987489401,3.4656583840219,17985.209117494338,214586.84210526315,17985.209117494338,5000.0,5413.1578947368425,23398.367012231163,-1.7280399333685637e-11,cold_arrival_preheat
975.0,0.26758762052451984,-5.229535129495002,3.5197193848316335,18000.0,214586.84210526315,18000.0,5000.0,5413.1578947368425,23413.15789473682,-2.091837814077735e-11,cold_arrival_preheat
980.0,0.2671118426911565,-5.170710152941681,3.5737769167309374,17985.209117494338,214586.84210526315,17985.209117494338,5000.0,5413.1578947368425,23398.36701223117,-1.000444171950221e-11,cold_arrival_preheat
985.0,0.26663694981965147,-5.111954842093327,3.6278302178592963,17940.998521981277,214586.84210526315,17940.998521981277,5000.0,5413.1578947368425,23354.15641671814,1.9099388737231493e-11,cold_arrival_preheat
990.0,0.26616354343948695,-5.053296239294016,3.6818779873115557,17867.852593996915,214586.84210526315,17867.852593996915,5000.0,5413.1578947368425,23281.010488733726,-3.183231456205249e-11,cold_arrival_preheat
995.0,0.26569220831207974,-4.994760287213984,3.7359184117501862,17766.57273563502,214586.84210526315,17766.57273563502,5000.0,5413.1578947368425,23179.730630371898,3.3651303965598345e-11,cold_arrival_preheat
1000.0,0.2652235059362738,-4.936371491627346,3.789949198591363,17638.26859021799,214586.84210526315,17638.26859021799,5000.0,5413.1578947368425,23051.426484954805,-2.8194335754960775e-11,cold_arrival_preheat
1005.0,0.2647579683228982,-4.878152610853619,3.8439676152106363,17484.345884812356,214586.84210526315,17484.345884812356,5000.0,5413.1578947368425,22897.503779549163,-3.54702933691442e-11,cold_arrival_preheat
1010.0,0.26429609210971694,-4.820124377208143,3.897970533503437,17306.49102878897,214586.84210526315,17306.49102878897,5000.0,5413.1578947368425,22719.648923525816,4.547473508864641e-12,cold_arrival_preheat
1015.0,0.2638383330835607,-4.76230525487583,3.951954479043278,17106.65263716891,214586.84210526315,17106.65263716891,5000.0,5413.1578947368425,22519.810531905765,1.1823431123048067e-11,cold_arrival_preheat
1020.0,0.26338510117106445,-4.704711237585771,4.005915684008763,16887.020181189677,214586.84210526315,16887.020181189677,5000.0,5413.1578947368425,22300.178075926524,4.547473508864641e-12,cold_arrival_preheat
1025.0,0.26293675595334026,-4.6473556883621265,4.059850143001067,16650.0,214586.84210526315,16650.0,5000.0,5413.1578947368425,22063.157894736865,2.2737367544323206e-11,cold_arrival_preheat
1030.0,0.26249360275320427,-4.590249222502126,4.113753670847222,16398.18893630466,214586.84210526315,16398.18893630466,5000.0,5413.1578947368425,21811.346831041545,4.092726157978177e-11,cold_arrival_preheat
1035.0,0.2620558893363664,-4.533399633827085,4.167621961481307,16134.345884812365,214586.84210526315,16134.345884812365,5000.0,5413.1578947368425,21547.503779549177,-3.001332515850663e-11,cold_arrival_preheat
1040.0,0.2616238032604038,-4.47681186320724,4.221450647014516,15861.361565207955,214586.84210526315,15861.361565207955,5000.0,5413.1578947368425,21274.51945994475,-4.8203219193965197e-11,cold_arrival_preheat
1045.0,0.2611974698974924,-4.420488007412055,4.2752353561445275,15582.226850822668,214586.84210526315,15582.226850822668,5000.0,5413.1578947368425,20995.384745559535,2.4556356947869062e-11,cold_arrival_preheat
1050.0,0.260776951148887,-4.3644273655152785,4.328971771112077,15300.000000000002,214586.84210526315,15300.000000000002,5000.0,5413.1578947368425,20713.15789473686,1.7280399333685637e-11,cold_arrival_preheat
1055.0,0.2603622448611259,-4.308626519412623,4.382655682485376,15017.773149177347,214586.84210526315,15017.773149177347,5000.0,5413.1578947368425,20430.931043914232,4.274625098332763e-11,cold_arrival_preheat
1060.0,0.2599532849460003,-4.253079444506647,4.436283041137575,14738.638434792048,214586.84210526315,14738.638434792048,5000.0,5413.1578947368425,20151.796329528846,-4.4565240386873484e-11,cold_arrival_preheat
1065.0,0.2595499421985644,-4.197777646287249,4.489850006875226,14465.654115187648,214586.84210526315,14465.654115187648,5000.0,5413.1578947368425,19878.812009924557,6.639311322942376e-11,cold_arrival_preheat
1070.0,0.2591520257999548,-4.142710318388712,4.543352993272996,14201.811063695335,214586.84210526315,14201.811063695335,5000.0,5413.1578947368425,19614.96895843219,1.1823431123048067e-11,cold_arrival_preheat
1075.0,0.2587592854846066,-4.08786451772909,4.596788708367943,13950.000000000002,214586.84210526315,13950.000000000002,5000.0,5413.1578947368425,19363.15789473684,-4.547473508864641e-12,cold_arrival_preheat
1080.0,0.2583714143446714,-4.0332253525218285,4.650154190962167,13712.979818810323,214586.84210526315,13712.979818810323,5000.0,5413.1578947368425,19126.13771354722,5.547917680814862e-11,cold_arrival_preheat
1085.0,0.2579880522380946,-3.9787761792734213,4.703446842372293,13493.347362831084,214586.84210526315,13493.347362831084,5000.0,5413.1578947368425,18906.50525756791,-1.546140993013978e-11,cold_arrival_preheat
1090.0,0.25760878976095125,-3.92449880532019,4.756664453545535,13293.508971211035,214586.84210526315,13293.508971211035,5000.0,5413.1578947368425,18706.666865947882,4.547473508864641e-12,cold_arrival_preheat
1095.0,0.2572331727392935,-3.8703736939835456,4.809805227532742,13115.654115187646,214586.84210526315,13115.654115187646,5000.0,5413.1578947368425,18528.81200992448,-8.185452315956354e-12,cold_arrival_preheat
1100.0,0.2568607071909537,-3.8163801700055635,4.862867797367487,12961.731409782014,214586.84210526315,12961.731409782014,5000.0,5413.1578947368425,18374.88930451882,-3.728928277269006e-11,cold_arrival_preheat
1105.0,0.25649086470348903,-3.762496623533206,4.915851239445928,12833.427264364978,214586.84210526315,12833.427264364978,5000.0,5413.1578947368425,18246.585159101836,1.546140993013978e-11,cold_arrival_preheat
1110.0,0.2561230881707606,-3.708700711518331,4.968755082534734,12732.147406003087,214586.84210526315,12732.147406003087,5000.0,5413.1578947368425,18145.305300739976,4.638422979041934e-11,cold_arrival_preheat
1115.0,0.25575679782750993,-3.6549695559613418,5.021579312554267,12659.001478018725,214586.84210526315,12659.001478018725,5000.0,5413.1578947368425,18072.159372755603,3.54702933691442e-11,cold_arrival_preheat
1120.0,0.2553913975187353,-3.6012799389214476,5.0743243732924075,12614.790882505662,214586.84210526315,12614.790882505662,5000.0,5413.1578947368425,18027.948777242465,-3.9108272176235914e-11,cold_arrival_preheat
1125.0,0.2550262811386796,-3.5476084946222124,5.126991163202592,12600.0,214586.84210526315,12600.0,5000.0,5413.1578947368425,18013.15789473688,3.728928277269006e-11,cold_arrival_preheat
1130.0,0.2546608391728135,-3.4939318992784276,5.17958102842967,12614.79088250566,214586.84210526315,12614.79088250566,5000.0,5413.1578947368425,18027.948777242505,2.7284841053187847e-12,cold_arrival_preheat
1135.0,0.2542944652753379,-3.440227059445691,5.232095752191559,12659.001478018723,214586.84210526315,12659.001478018723,5000.0,5413.1578947368425,18072.159372755545,-2.091837814077735e-11,cold_arrival_preheat
1140.0,0.2539265628144308,-3.3864712997398505,5.28453754062583,12732.147406003085,214586.84210526315,12732.147406003085,5000.0,5413.1578947368425,18145.30530073991,-1.7280399333685637e-11,cold_arrival_preheat
1145.0,0.2535565513177309,-3.332642550688195,5.336909005191047,12833.427264364977,214586.84210526315,12833.427264364977,5000.0,5413.1578947368425,18246.585159101793,-2.637534635141492e-11,cold_arrival_preheat
1150.0,0.2531838727513762,-3.2787195372628473,5.389213141695479,12961.73140978201,214586.84210526315,12961.73140978201,5000.0,5413.1578947368425,18374.889304518856,2.7284841053187847e-12,cold_arrival_preheat
1155.0,0.25280799756731276,-3.224681968320042,5.441453306013189,13115.654115187643,214586.84210526315,13115.654115187643,5000.0,5413.1578947368425,18528.812009924466,-1.9099388737231493e-11,cold_arrival_preheat
1160.0,0.2524284304555465,-3.170510726743479,5.493633186541763,13293.508971211033,214586.84210526315,13293.508971211033,5000.0,5413.1578947368425,18706.666865947875,-9.094947017729282e-13,cold_arrival_preheat
1165.0,0.252044715740541,-3.1161880595871985,5.545756773458745,13493.347362831088,214586.84210526315,13493.347362831088,5000.0,5413.1578947368425,18906.505257567886,-4.4565240386873484e-11,cold_arrival_preheat
1170.0,0.2516564423640602,-3.0616977669591514,5.597828324846718,13712.979818810321,214586.84210526315,13712.979818810321,5000.0,5413.1578947368425,19126.137713547185,2.091837814077735e-11,cold_arrival_preheat
1175.0,0.25126324840042163,-3.007025387809678,5.64985232978062,13949.999999999998,214586.84210526315,13949.999999999998,5000.0,5413.1578947368425,19363.1578947368,-4.092726157978177e-11,cold_arrival_preheat
1180.0,0.25086482505435104,-2.9521583802202844,5.701833468505534,14201.811063695339,214586.84210526315,14201.811063695339,5000.0,5413.1578947368425,19614.968958432197,1.546140993013978e-11,cold_arrival_preheat
1185.0,0.250460920096413,-2.8970862932589547,5.753776569878507,14465.654115187634,214586.84210526315,14465.654115187634,5000.0,5413.1578947368425,19878.812009924473,-2.7284841053187847e-12,cold_arrival_preheat
1190.0,0.2500513406963115,-2.8418009270096602,5.805686566302824,14738.638434792043,214586.84210526315,14738.638434792043,5000.0,5413.1578947368425,20151.79632952893,4.4565240386873484e-11,cold_arrival_preheat
1195.0,0.24963595562019214,-2.7862964770246075,5.857568446446017,15017.77314917733,214586.84210526315,15017.77314917733,5000.0,5413.1578947368425,20430.931043914177,4.547473508864641e-12,cold_arrival_preheat
1200.0,0.2492146967644014,-2.7305696592136837,5.909427206101572,15299.999999999998,214586.84210526315,15299.999999999998,5000.0,5413.1578947368425,20713.157894736883,4.274625098332763e-11,cold_arrival_preheat
1205.0,0.24878756000492833,-2.6746198110974486,5.961267797626133,15582.226850822653,214586.84210526315,15582.226850822653,5000.0,5413.1578947368425,20995.384745559495,-9.094947017729282e-13,cold_arrival_preheat
1210.0,0.24835460534891815,-2.618448965423155,6.0130950784560335,15861.36156520795,214586.84210526315,15861.36156520795,5000.0,5413.1578947368425,21274.51945994481,1.9099388737231493e-11,cold_arrival_preheat
1215.0,0.24791595638214553,-2.562061892386328,6.064913759276031,16134.345884812352,214586.84210526315,16134.345884812352,5000.0,5413.1578947368425,21547.503779549148,-4.638422979041934e-11,cold_arrival_preheat
1220.0,0.24747179901409244,-2.5054661071147937,6.116728352475697,16398.188936304665,214586.84210526315,16398.188936304665,5000.0,5413.1578947368425,21811.346831041516,8.185452315956354e-12,cold_arrival_preheat
1225.0,0.24702237953020784,-2.4486718396515226,6.168543121581958,16649.999999999996,214586.84210526315,16649.999999999996,5000.0,5413.1578947368425,22063.157894736833,-6.366462912410498e-12,cold_arrival_preheat
1230.0,0.24656800196893755,-2.39169196540342,6.22036203239648,16887.020181189673,214586.84210526315,16887.020181189673,5000.0,5413.1578947368425,22300.178075926495,-2.091837814077735e-11,cold_arrival_preheat
1235.0,0.24610902484909966,-2.334541894884179,6.27218870659133,17106.652637168914,214586.84210526315,17106.652637168914,5000.0,5413.1578947368425,22519.8105319058,4.4565240386873484e-11,cold_arrival_preheat
1240.0,0.2456458572810289,-2.2772394225427806,6.324026378523362,17306.491028788965,214586.84210526315,17306.491028788965,5000.0,5413.1578947368425,22719.648923525798,-1.000444171950221e-11,cold_arrival_preheat
1245.0,0.24517895450250737,-2.219804535502001,6.375877856015285,17484.345884812352,214586.84210526315,17484.345884812352,5000.0,5413.1578947368425,22897.503779549217,2.2737367544323206e-11,cold_arrival_preheat
1250.0,0.24470881288771706,-2.162259184095878,6.427745485818596,17638.268590217984,214586.84210526315,17638.268590217984,5000.0,5413.1578947368425,23051.426484954864,3.728928277269006e-11,cold_arrival_preheat
1255.0,0.24423596448417015,-2.104627017151511,6.479631124420115,17766.57273563502,214586.84210526315,17766.57273563502,5000.0,5413.1578947368425,23179.730630371872,8.185452315956354e-12,cold_arrival_preheat
1260.0,0.24376097113868292,-2.046933085967937,6.53153611478054,17867.85259399691,214586.84210526315,17867.85259399691,5000.0,5413.1578947368425,23281.01048873375,-2.7284841053187847e-12,cold_arrival_preheat
1265.0,0.243284418278844,-1.9892035218632802,6.583461269501501,17940.998521981273,214586.84210526315,17940.998521981273,5000.0,5413.1578947368425,23354.156416718153,3.728928277269006e-11,cold_arrival_preheat
1270.0,0.24280690842099123,-1.931465192954072,6.635406860809334,17985.209117494338,214586.84210526315,17985.209117494338,5000.0,5413.1578947368425,23398.36701223116,-2.091837814077735e-11,cold_arrival_preheat
1275.0,0.24232905447936445,-1.873745346465178,6.6873726176220485,18000.0,214586.84210526315,18000.0,5000.0,5413.1578947368425,23413.157894736833,-1.000444171950221e-11,cold_arrival_preheat
1280.0,0.24185147295377632,-1.816071243319211,6.7393577298341585,17985.209117494338,214586.84210526315,17985.209117494338,5000.0,5413.1578947368425,23398.367012231207,2.637534635141492e-11,cold_arrival_preheat
1285.0,0.24137477707478444,-1.7584697920019288,6.791360859816133,17940.998521981277,214586.84210526315,17940.998521981277,5000.0,5413.1578947368425,23354.156416718153,3.3651303965598345e-11,cold_arrival_preheat
1290.0,0.2408995699859271,-1.7009671887347442,6.843380160985373,17867.852593996915,214586.84210526315,17867.852593996915,5000.0,5413.1578947368425,23281.01048873379,3.3651303965598345e-11,cold_arrival_preheat
1295.0,0.24042643804208802,-1.6435885708056759,6.8954133031681035,17766.57273563502,214586.84210526315,17766.57273563502,5000.0,5413.1578947368425,23179.73063037185,-1.3642420526593924e-11,cold_arrival_preheat
1300.0,0.2399559443014959,-1.5863576895233584,6.9474575043406865,17638.26859021799,214586.84210526315,17638.26859021799,5000.0,5413.1578947368425,23051.42648495476,-7.185008144006133e-11,cold_arrival_preheat
1305.0,0.23948862228627105,-1.529296608681118,6.999509568218568,17484.345884812356,214586.84210526315,17484.345884812356,5000.0,5413.1578947368425,22897.503779549166,-3.183231456205249e-11,cold_arrival_preheat
1310.0,0.23902497008285895,-1.472425433673299,7.0515659270549085,17306.49102878897,214586.84210526315,17306.49102878897,5000.0,5413.1578947368425,22719.648923525794,-1.7280399333685637e-11,cold_arrival_preheat
1315.0,0.23856544484920444,-1.4157620755242348,7.103622688922085,17106.65263716892,214586.84210526315,17106.65263716892,5000.0,5413.1578947368425,22519.810531905747,-1.7280399333685637e-11,cold_arrival_preheat
1320.0,0.23811045779021106,-1.35932205310676,7.155675688679882,16887.020181189688,214586.84210526315,16887.020181189688,5000.0,5413.1578947368425,22300.178075926557,2.637534635141492e-11,cold_arrival_preheat
1325.0,0.23766036965699003,-1.3031183357806317,7.207720541786054,16650.0,214586.84210526315,16650.0,5000.0,5413.1578947368425,22063.157894736865,2.2737367544323206e-11,cold_arrival_preheat
1330.0,0.23721548681874605,-1.2471612276118573,7.259752700078799,16398.18893630466,214586.84210526315,16398.18893630466,5000.0,5413.1578947368425,21811.34683104148,-2.4556356947869062e-11,cold_arrival_preheat
1335.0,0.23677605794898351,-1.1914582932816975,7.31176750865642,16134.345884812365,214586.84210526315,16134.345884812365,5000.0,5413.1578947368425,21547.503779549206,-9.094947017729282e-13,cold_arrival_preheat
1340.0,0.23634227136016686,-1.1360143247969636,7.363760262996448,15861.361565207955,214586.84210526315,15861.361565207955,5000.0,5413.1578947368425,21274.519459944742,-5.547917680814862e-11,cold_arrival_preheat
1345.0,0.2359142530131505,-1.0808313472054858,7.415726265492954,15582.22685082267,214586.84210526315,15582.22685082267,5000.0,5413.1578947368425,20995.384745559535,2.2737367544323206e-11,cold_arrival_preheat
1350.0,0.2354920652197238,-1.0259086607316292,7.467660880644656,15299.999999999993,214586.84210526315,15299.999999999993,5000.0,5413.1578947368425,20713.157894736843,8.185452315956354e-12,cold_arrival_preheat
1355.0,0.23507570604860467,-0.9712429160997275,7.51955958819489,15017.773149177336,214586.84210526315,15017.773149177336,5000.0,5413.1578947368425,20430.93104391413,-4.8203219193965197e-11,cold_arrival_preheat
1360.0,0.23466510943726676,-0.9168282193246412,7.571418033604428,14738.63843479205,214586.84210526315,14738.63843479205,5000.0,5413.1578947368425,20151.796329528857,-3.54702933691442e-11,cold_arrival_preheat
1365.0,0.23426014600419448,-0.862656261927421,7.623232075326049,14465.65411518765,214586.84210526315,14465.65411518765,5000.0,5413.1578947368425,19878.812009924513,2.091837814077735e-11,cold_arrival_preheat
1370.0,0.2338606245486126,-0.8087164723818799,7.674997828442221,14201.811063695346,214586.84210526315,14201.811063695346,5000.0,5413.1578947368425,19614.968958432233,4.4565240386873484e-11,cold_arrival_preheat
1375.0,0.2334662942175073,-0.7549961846092546,7.726711704320714,13950.000000000013,214586.84210526315,13950.000000000013,5000.0,5413.1578947368425,19363.15789473682,-3.3651303965598345e-11,cold_arrival_preheat
1380.0,0.23307684731290793,-0.7014808195008347,7.778370446034155,13712.979818810318,214586.84210526315,13712.979818810318,5000.0,5413.1578947368425,19126.137713547174,1.3642420526593924e-11,cold_arrival_preheat
1385.0,0.23269192270598496,-0.6481540757444137,7.829971159375498,13493.347362831084,214586.84210526315,13493.347362831084,5000.0,5413.1578947368425,18906.50525756796,3.183231456205249e-11,cold_arrival_preheat
1390.0,0.23231110981858577,-0.594998126636673,7.8815113393795135,13293.508971211037,214586.84210526315,13293.508971211037,5000.0,5413.1578947368425,18706.666865947875,-4.547473508864641e-12,cold_arrival_preheat
1395.0,0.23193395312740409,-0.5419938200534861,7.932988892328754,13115.654115187646,214586.84210526315,13115.654115187646,5000.0,5413.1578947368425,18528.812009924473,-1.546140993013978e-11,cold_arrival_preheat
1400.0,0.23155995714109337,-0.4891208792944321,7.984402153279451,12961.731409782018,214586.84210526315,12961.731409782018,5000.0,5413.1578947368425,18374.889304518867,6.366462912410498e-12,cold_arrival_preheat
1405.0,0.23118859179630044,-0.43635810308620865,8.03574989918772,12833.427264364975,214586.84210526315,12833.427264364975,5000.0,5413.1578947368425,18246.58515910184,2.2737367544323206e-11,cold_arrival_preheat
1410.0,0.23081929821482974,-0.38368356359195144,8.087031357749002,12732.147406003087,214586.84210526315,12732.147406003087,5000.0,5413.1578947368425,18145.30530073992,-8.185452315956354e-12,cold_arrival_preheat
1415.0,0.23045149476095583,-0.3310748018009037,8.138246212084224,12659.001478018725,214586.84210526315,12659.001478018725,5000.0,5413.1578947368425,18072.159372755574,6.366462912410498e-12,cold_arrival_preheat
1420.0,0.23008458333528656,-0.2785090201392252,8.18939460141584,12614.790882505662,214586.84210526315,12614.790882505662,5000.0,5413.1578947368425,18027.948777242556,5.184119800105691e-11,cold_arrival_preheat
1425.0,0.22971795583954263,-0.2259632725253709,8.240477117876868,12600.0,214586.84210526315,12600.0,5000.0,5413.1578947368425,18013.15789473684,-2.7284841053187847e-12,cold_arrival_preheat
1430.0,0.22935100074516146,-0.17341465237427917,8.291494799588524,12614.790882505662,214586.84210526315,12614.790882505662,5000.0,5413.1578947368425,18027.94877724246,-4.274625098332763e-11,cold_arrival_preheat
1435.0,0.22898310969775326,-0.12084047922062151,8.342449120128974,12659.001478018725,214586.84210526315,12659.001478018725,5000.0,5413.1578947368425,18072.159372755534,-3.3651303965598345e-11,cold_arrival_preheat
1440.0,0.22861368408913407,-0.06821848467527666,8.39334197449964,12732.147406003085,214586.84210526315,12732.147406003085,5000.0,5413.1578947368425,18145.30530073991,-1.7280399333685637e-11,cold_arrival_preheat
1445.0,0.22824214152893466,-0.01552699834959951,8.444175661678905,12833.427264364977,214586.84210526315,12833.427264364977,5000.0,5413.1578947368425,18246.58515910182,2.7284841053187847e-12,cold_arrival_preheat
1450.0,0.22786792214863477,0.03725486581647133,8.4949528638384,12961.73140978201,214586.84210526315,12961.73140978201,5000.0,5413.1578947368425,18374.88930451886,6.366462912410498e-12,cold_arrival_preheat
1455.0,0.2274904946723001,0.09014702269355496,8.54567662228668,13115.654115187637,214586.84210526315,13115.654115187637,5000.0,5413.1578947368425,18528.812009924444,-3.54702933691442e-11,cold_arrival_preheat
1460.0,0.2271093621903055,0.1431682288403431,8.596350310201132,13293.508971211038,214586.84210526315,13293.508971211038,5000.0,5413.1578947368425,18706.66686594787,-1.000444171950221e-11,cold_arrival_preheat
1465.0,0.22672406757491215,0.19633589586309766,8.646977602213019,13493.347362831086,214586.84210526315,13493.347362831086,5000.0,5413.1578947368425,18906.505257567936,8.185452315956354e-12,cold_arrival_preheat
1470.0,0.22633419847972627,0.24966590552127504,8.697562440924049,13712.97981881032,214586.84210526315,13712.97981881032,5000.0,5413.1578947368425,19126.1377135472,3.728928277269006e-11,cold_arrival_preheat
1475.0,0.22593939186880194,0.30317242838462566,8.748109000456397,13949.999999999998,214586.84210526315,13949.999999999998,5000.0,5413.1578947368425,19363.157894736818,-2.2737367544323206e-11,cold_arrival_preheat
1480.0,0.22553933802544954,0.35686774837975505,8.798621647172016,14201.81106369533,214586.84210526315,14201.81106369533,5000.0,5413.1578947368425,19614.968958432164,-8.185452315956354e-12,cold_arrival_preheat
1485.0,0.2251337839956671,0.4107620960583231,8.849104897740855,14465.654115187644,214586.84210526315,14465.654115187644,5000.0,5413.1578947368425,19878.812009924455,-3.183231456205249e-11,cold_arrival_preheat
1490.0,0.2247225364265033,0.46486349384556397,8.899563374790313,14738.638434792052,214586.84210526315,14738.638434792052,5000.0,5413.1578947368425,20151.796329528857,-3.728928277269006e-11,cold_arrival_preheat
1495.0,0.22430546376556595,0.519177616859328,8.950001760428384,15017.77314917733,214586.84210526315,15017.77314917733,5000.0,5413.1578947368425,20430.931043914137,-3.54702933691442e-11,cold_arrival_preheat
1500.0,0.22388249779427466,0.573707673102292,9.000424747998318,15299.999999999996,214586.84210526315,15299.999999999996,5000.0,5413.1578947368425,20713.15789473685,1.1823431123048067e-11,cold_arrival_preheat
1505.0,0.223453634474278,0.6284543069036574,9.050836992490927,15582.226850822653,214586.84210526315,15582.226850822653,5000.0,5413.1578947368425,20995.38474555945,-4.4565240386873484e-11,cold_arrival_preheat
1510.0,0.22301893409366255,0.6834155294072798,9.101243060108803,15861.361565207939,214586.84210526315,15861.361565207939,5000.0,5413.1578947368425,21274.519459944786,4.547473508864641e-12,cold_arrival_preheat
1515.0,0.2225785207071098,0.7385866796627644,9.151647377541941,16134.34588481236,214586.84210526315,16134.34588481236,5000.0,5413.1578947368425,21547.503779549184,-1.7280399333685637e-11,cold_arrival_preheat
1520.0,0.22213258087193155,0.7939604194734998,9.202054181573097,16398.18893630466,214586.84210526315,16398.18893630466,5000.0,5413.1578947368425,21811.346831041526,2.2737367544323206e-11,cold_arrival_preheat
1525.0,0.2216813616898536,0.8495267645969652,9.252467469680838,16649.999999999996,214586.84210526315,16649.999999999996,5000.0,5413.1578947368425,22063.157894736873,3.3651303965598345e-11,cold_arrival_preheat
1530.0,0.22122516817242055,0.9052731541912202,9.302890952345537,16887.020181189666,214586.84210526315,16887.020181189666,5000.0,5413.1578947368425,22300.178075926502,-6.366462912410498e-12,cold_arrival_preheat
1535.0,0.22076435995586413,0.9611845595774057,9.353328007786025,17106.652637168907,214586.84210526315,17106.652637168907,5000.0,5413.1578947368425,22519.8105319058,5.184119800105691e-11,cold_arrival_preheat
1540.0,0.22029934739909818,1.017243632467682,9.403781639860142,17306.491028788972,214586.84210526315,17306.491028788972,5000.0,5413.1578947368425,22719.64892352579,-2.4556356947869062e-11,cold_arrival_preheat
1545.0,0.2198305871060601,1.0734308918228535,9.454254439849393,17484.345884812352,214586.84210526315,17484.345884812352,5000.0,5413.1578947368425,22897.503779549203,8.185452315956354e-12,cold_arrival_preheat
1550.0,0.21935857692079586,1.1297249474894302,9.504748552815455,17638.26859021798,214586.84210526315,17638.26859021798,5000.0,5413.1578947368425,23051.42648495483,8.185452315956354e-12,cold_arrival_preheat
1555.0,0.21888385045036227,1.1861027577599539,9.555265649164275,17766.57273563502,214586.84210526315,17766.57273563502,5000.0,5413.1578947368425,23179.730630371927,6.275513442233205e-11,cold_arrival_preheat
1560.0,0.21840697117668437,1.2425399170416997,9.605806901982465,17867.85259399691,214586.84210526315,17867.85259399691,5000.0,5413.1578947368425,23281.01048873371,-4.274625098332763e-11,cold_arrival_preheat
1565.0,0.21792852622384945,1.2990109689449896,9.656372970622103,17940.998521981273,214586.84210526315,17940.998521981273,5000.0,5413.1578947368425,23354.15641671804,-7.548806024715304e-11,cold_arrival_preheat
1570.0,0.21744911985184545,1.3554897393481984,9.706963990905836,17985.209117494338,214586.84210526315,17985.209117494338,5000.0,5413.1578947368425,23398.36701223117,-1.000444171950221e-11,cold_arrival_preheat
1575.0,0.2169693667513759,1.41194968339259,9.757579572207225,18000.0,214586.84210526315,18000.0,5000.0,5413.1578947368425,23413.157894736898,5.547917680814862e-11,cold_arrival_preheat
1580.0,0.2164898852170372,1.468364239931023,9.808218801534762,17985.209117494338,214586.84210526315,17985.209117494338,5000.0,5413.1578947368425,23398.3670122312,1.9099388737231493e-11,cold_arrival_preheat
1585.0,0.21601129027777702,1.5247071867179238,9.85888025461565,17940.998521981277,214586.84210526315,17940.998521981277,5000.0,5413.1578947368425,23354.15641671812,9.094947017729282e-13,cold_arrival_preheat
1590.0,0.21553418686413306,1.5809529895934633,9.909562013841299,17867.85259399692,214586.84210526315,17867.85259399692,5000.0,5413.1578947368425,23281.010488733704,-5.729816621169448e-11,cold_arrival_preheat
1595.0,0.2150591630912674,1.637077139083996,9.96026169280453,17766.57273563502,214586.84210526315,17766.57273563502,5000.0,5413.1578947368425,23179.73063037185,-1.3642420526593924e-11,cold_arrival_preheat
1600.0,0.21458678373527657,1.6930564682065299,10.010976467032847,17638.26859021798,214586.84210526315,17638.26859021798,5000.0,5413.1578947368425,23051.426484954794,-2.8194335754960775e-11,cold_arrival_preheat
1605.0,0.2141175839776965,1.7488694458122849,10.061703110406524,17484.345884812363,214586.84210526315,17484.345884812363,5000.0,5413.1578947368425,22897.50377954925,4.4565240386873484e-11,cold_arrival_preheat
1610.0,0.21365206348959015,1.804496440510982,10.1124380366481,17306.49102878897,214586.84210526315,17306.49102878897,5000.0,5413.1578947368425,22719.64892352581,-2.7284841053187847e-12,cold_arrival_preheat
1615.0,0.21319068092216484,1.8599199510549302,10.163177345184165,17106.65263716892,214586.84210526315,17106.65263716892,5000.0,5413.1578947368425,22519.81053190577,4.547473508864641e-12,cold_arrival_preheat
1620.0,0.21273384886560567,1.9151247999969667,10.213916870613083,16887.02018118968,214586.84210526315,16887.02018118968,5000.0,5413.1578947368425,22300.17807592649,-3.183231456205249e-11,cold_arrival_preheat
1625.0,0.21228192933181958,1.9700982884323779,10.264652234965421,16650.0,214586.84210526315,16650.0,5000.0,5413.1578947368425,22063.15789473684,-2.7284841053187847e-12,cold_arrival_preheat
1630.0,0.21183522981017194,2.024830310654038,10.315378901917718,16398.18893630466,214586.84210526315,16398.18893630466,5000.0,5413.1578947368425,21811.346831041516,1.1823431123048067e-11,cold_arrival_preheat
1635.0,0.21139399993817418,2.0793134285543124,10.366092232115228,16134.345884812357,214586.84210526315,16134.345884812357,5000.0,5413.1578947368425,21547.50377954919,-8.185452315956354e-12,cold_arrival_preheat
1640.0,0.21095842882156202,2.133542906560742,10.416787538774324,15861.361565207966,214586.84210526315,15861.361565207966,5000.0,5413.1578947368425,21274.519459944793,-1.546140993013978e-11,cold_arrival_preheat
1645.0,0.2105286430304077,2.1875167087625393,10.467460142769152,15582.226850822679,214586.84210526315,15582.226850822679,5000.0,5413.1578947368425,20995.38474555948,-4.092726157978177e-11,cold_arrival_preheat
1650.0,0.21010470528994893,2.2412354606434306,10.518105426457604,15299.999999999993,214586.84210526315,15299.999999999993,5000.0,5413.1578947368425,20713.15789473686,2.637534635141492e-11,cold_arrival_preheat
1655.0,0.20968661387680376,2.2947023784611575,10.568718885566266,15017.773149177328,214586.84210526315,15017.773149177328,5000.0,5413.1578947368425,20430.931043914115,-5.547917680814862e-11,cold_arrival_preheat
1660.0,0.20927430272327627,2.3479231697891554,10.6192961785297,14738.63843479206,214586.84210526315,14738.63843479206,5000.0,5413.1578947368425,20151.79632952885,-5.184119800105691e-11,cold_arrival_preheat
1665.0,0.20886764222463938,2.40090590905266,10.66983317276286,14465.65411518765,214586.84210526315,14465.65411518765,5000.0,5413.1578947368425,19878.812009924495,2.7284841053187847e-12,cold_arrival_preheat
1670.0,0.20846644073669368,2.453660892047902,10.720325987433567,14201.811063695346,214586.84210526315,14201.811063695346,5000.0,5413.1578947368425,19614.968958432237,4.8203219193965197e-11,cold_arrival_preheat
1675.0,0.20807044674362016,2.506200473434008,10.770771032391107,13949.999999999989,214586.84210526315,13949.999999999989,5000.0,5413.1578947368425,19363.157894736843,1.1823431123048067e-11,cold_arrival_preheat
1680.0,0.2076793516692377,2.5585388910441176,10.821165042994402,13712.979818810325,214586.84210526315,13712.979818810325,5000.0,5413.1578947368425,19126.13771354714,-2.637534635141492e-11,cold_arrival_preheat
1685.0,0.20729279329829492,2.6106920805918357,10.87150511066567,13493.347362831086,214586.84210526315,13493.347362831086,5000.0,5413.1578947368425,18906.50525756792,-1.000444171950221e-11,cold_arrival_preheat
1690.0,0.20691035976841937,2.6626774839731815,10.921788709070862,13293.508971211037,214586.84210526315,13293.508971211037,5000.0,5413.1578947368425,18706.666865947944,6.45741238258779e-11,cold_arrival_preheat
1695.0,0.20653159408784796,2.714513853907762,10.972013715894304,13115.65411518764,214586.84210526315,13115.65411518764,5000.0,5413.1578947368425,18528.812009924462,-2.091837814077735e-11,cold_arrival_preheat
1700.0,0.20615599912910038,2.766221057153641,11.022178430230557,12961.731409782024,214586.84210526315,12961.731409782024,5000.0,5413.1578947368425,18374.88930451883,-3.54702933691442e-11,cold_arrival_preheat
1705.0,0.20578304304435194,2.817819877997045,11.072281585660699,12833.427264364975,214586.84210526315,12833.427264364975,5000.0,5413.1578947368425,18246.585159101793,-2.4556356947869062e-11,cold_arrival_preheat
1710.0,0.2054121650444282,2.8693318231892886,11.122322359112788,12732.147406003085,214586.84210526315,12732.147406003085,5000.0,5413.1578947368425,18145.30530073991,-1.7280399333685637e-11,cold_arrival_preheat
1715.0,0.20504278148008934,2.9207789290065307,11.17230037562753,12659.001478018727,214586.84210526315,12659.001478018727,5000.0,5413.1578947368425,18072.159372755552,-1.7280399333685637e-11,cold_arrival_preheat
1720.0,0.20467429216160568,2.9721835706681143,11.22221570916106,12614.790882505662,214586.84210526315,12614.790882505662,5000.0,5413.1578947368425,18027.94877724246,-4.274625098332763e-11,cold_arrival_preheat
1725.0,0.20430608685054621,3.0235682739878897,11.272068879558537,12600.0,214586.84210526315,12600.0,5000.0,5413.1578947368425,18013.15789473689,4.8203219193965197e-11,cold_arrival_preheat
1730.0,0.2039375518562142,3.0749555288673447,11.321860845826885,12614.790882505662,214586.84210526315,12614.790882505662,5000.0,5413.1578947368425,18027.948777242487,-1.7280399333685637e-11,cold_arrival_preheat
1735.0,0.203568076668266,3.1263676040819925,11.37159299582433,12659.001478018723,214586.84210526315,12659.001478018723,5000.0,5413.1578947368425,18072.159372755545,-2.091837814077735e-11,cold_arrival_preheat
1740.0,0.20319706055674103,3.1778263627702685,11.42126713247086,12732.147406003085,214586.84210526315,12732.147406003085,5000.0,5413.1578947368425,18145.30530073992,-6.366462912410498e-12,cold_arrival_preheat
1745.0,0.20282391907101266,3.229353078108564,11.470885456569665,12833.427264364977,214586.84210526315,12833.427264364977,5000.0,5413.1578947368425,18246.58515910184,2.091837814077735e-11,cold_arrival_preheat
1750.0,0.20244809037004177,3.2809682488426475,11.520450546317289,12961.731409782014,214586.84210526315,12961.731409782014,5000.0,5413.1578947368425,18374.889304518856,-9.094947017729282e-13,cold_arrival_preheat
1755.0,0.20206904131777448,3.3326914146347812,11.569965333571949,13115.65411518763,214586.84210526315,13115.65411518763,5000.0,5413.1578947368425,18528.812009924502,3.001332515850663e-11,cold_arrival_preheat
1760.0,0.20168627327957542,3.384540971562422,11.619433076947152,13293.508971211037,214586.84210526315,13293.508971211037,5000.0,5413.1578947368425,18706.66686594792,3.9108272176235914e-11,cold_arrival_preheat
1765.0,0.20129932755822452,3.4365339885490096,11.668857331802975,13493.347362831086,214586.84210526315,13493.347362831086,5000.0,5413.1578947368425,18906.50525756795,2.2737367544323206e-11,cold_arrival_preheat
1770.0,0.2009077904112261,3.4886860259968393,11.718241917221416,13712.979818810327,214586.84210526315,13712.979818810327,5000.0,5413.1578947368425,19126.137713547214,4.4565240386873484e-11,cold_arrival_preheat
1775.0,0.20051129759497824,3.541010958400311,11.767590880075728,13949.99999999999,214586.84210526315,13949.99999999999,5000.0,5413.1578947368425,19363.157894736793,-4.092726157978177e-11,cold_arrival_preheat
1780.0,0.20010953838572018,3.5935208032172192,11.816908456336817,14201.81106369533,214586.84210526315,14201.81106369533,5000.0,5413.1578947368425,19614.96895843212,-5.184119800105691e-11,cold_arrival_preheat
1785.0,0.19970225903209987,3.646225558737799,11.866199029802226,14465.654115187652,214586.84210526315,14465.654115187652,5000.0,5413.1578947368425,19878.812009924513,1.9099388737231493e-11,cold_arrival_preheat
1790.0,0.1992892655996647,3.6991330540883025,11.915467088483934,14738.638434792041,214586.84210526315,14738.638434792041,5000.0,5413.1578947368425,20151.79632952887,-1.546140993013978e-11,cold_arrival_preheat
1795.0,0.19887042617354836,3.752248814812063,11.964717178948815,15017.77314917733,214586.84210526315,15017.77314917733,5000.0,5413.1578947368425,20430.93104391417,-2.7284841053187847e-12,cold_arrival_preheat
1800.0,0.19844567239207045,3.8055759476635913,12.013953858968016,15299.999999999996,214586.84210526315,15299.999999999996,5000.0,5413.1578947368425,20713.15789473681,-2.8194335754960775e-11,cold_arrival_preheat
1805.0,0.19801500029083915,3.8591150483116867,12.06318164889646,15582.22685082266,214586.84210526315,15582.22685082266,5000.0,5413.1578947368425,20995.38474555954,3.54702933691442e-11,cold_arrival_preheat
1810.0,0.19757847044419638,3.91286413556243,12.112404982268377,15861.36156520793,214586.84210526315,15861.36156520793,5000.0,5413.1578947368425,21274.51945994484,6.821210263296962e-11,cold_arrival_preheat
1815.0,0.1971362073984045,3.96681861547492,12.161628156156395,16134.34588481236,214586.84210526315,16134.34588481236,5000.0,5413.1578947368425,21547.50377954918,-2.091837814077735e-11,cold_arrival_preheat
1820.0,0.1966883983987698,4.020971278350789,12.210855281897214,16398.18893630466,214586.84210526315,16398.18893630466,5000.0,5413.1578947368425,21811.34683104153,2.637534635141492e-11,cold_arrival_preheat
1825.0,0.19623529142084442,4.075312331038923,12.260090236833317,16650.000000000004,214586.84210526315,16650.000000000004,5000.0,5413.1578947368425,22063.157894736833,-1.3642420526593924e-11,cold_arrival_preheat
1830.0,0.19577719252385087,4.129829466322107,12.309336617754841,16887.020181189666,214586.84210526315,16887.020181189666,5000.0,5413.1578947368425,22300.17807592646,-5.002220859751105e-11,cold_arrival_preheat
1835.0,0.19531446255242865,4.184507970361881,12.358597696746111,17106.652637168907,214586.84210526315,17106.652637168907,5000.0,5413.1578947368425,22519.810531905816,6.639311322942376e-11,cold_arrival_preheat
1840.0,0.1948475132206016,4.2393308682966735,12.407876380145472,17306.49102878897,214586.84210526315,17306.49102878897,5000.0,5413.1578947368425,22719.64892352578,-3.183231456205249e-11,cold_arrival_preheat
1845.0,0.19437680261939264,4.294279107146465,12.45717517131349,17484.345884812352,214586.84210526315,17484.345884812352,5000.0,5413.1578947368425,22897.503779549166,-2.8194335754960775e-11,cold_arrival_preheat
1850.0,0.19390283019665475,4.349331774208266,12.506496137872468,17638.26859021798,214586.84210526315,17638.26859021798,5000.0,5413.1578947368425,23051.426484954824,9.094947017729282e-13,cold_arrival_preheat
1855.0,0.19342613126432628,4.404466348166719,12.555840884029418,17766.57273563502,214586.84210526315,17766.57273563502,5000.0,5413.1578947368425,23179.730630371836,-2.8194335754960775e-11,cold_arrival_preheat
1860.0,0.19294727109434506,4.45965897922965,12.605210528525795,17867.85259399691,214586.84210526315,17867.85259399691,5000.0,5413.1578947368425,23281.0104887338,4.4565240386873484e-11,cold_arrival_preheat
1865.0,0.1924668386697639,4.514884793765032,12.654605688671536,17940.998521981273,214586.84210526315,17940.998521981273,5000.0,5413.1578947368425,23354.15641671809,-2.4556356947869062e-11,cold_arrival_preheat
1870.0,0.19198544016210486,4.570118218196689,12.70402647082059,17985.209117494338,214586.84210526315,17985.209117494338,5000.0,5413.1578947368425,23398.367012231218,3.728928277269006e-11,cold_arrival_preheat
1875.0,0.19150369220958843,4.625333316340005,12.75347246753239,18000.0,214586.84210526315,18000.0,5000.0,5413.1578947368425,23413.157894736807,-3.54702933691442e-11,cold_arrival_preheat
1880.0,0.1910222150735122,4.680504133949141,12.802942761542035,17985.209117494338,214586.84210526315,17985.209117494338,5000.0,5413.1578947368425,23398.36701223114,-3.9108272176235914e-11,cold_arrival_preheat
1885.0,0.19054162575167705,4.735605044020702,12.852435936534704,17940.998521981277,214586.84210526315,17940.998521981277,5000.0,5413.1578947368425,23354.15641671805,-6.821210263296962e-11,cold_arrival_preheat
1890.0,0.1900625311283429,4.79061108636452,12.901950094590807,17867.85259399692,214586.84210526315,17867.85259399692,5000.0,5413.1578947368425,23281.010488733744,-1.7280399333685637e-11,cold_arrival_preheat
1895.0,0.18958552123972386,4.845498295111674,12.951482880041508,17766.57273563502,214586.84210526315,17766.57273563502,5000.0,5413.1578947368425,23179.730630371814,-5.002220859751105e-11,cold_arrival_preheat
1900.0,0.18911116273251802,4.900244008176608,13.001031509353362,17638.26859021798,214586.84210526315,17638.26859021798,5000.0,5413.1578947368425,23051.42648495481,-1.3642420526593924e-11,cold_arrival_preheat
1905.0,0.18863999259043662,4.954827153209956,13.050592806549439,17484.345884812363,214586.84210526315,17484.345884812363,5000.0,5413.1578947368425,22897.50377954921,4.547473508864641e-12,cold_arrival_preheat
1910.0,0.18817251220020012,5.009228505250606,13.100163243575848,17306.49102878897,214586.84210526315,17306.49102878897,5000.0,5413.1578947368425,22719.64892352578,-3.183231456205249e-11,cold_arrival_preheat
1915.0,0.18770918182406932,5.063430912082636,13.149738984939598,17106.65263716892,214586.84210526315,17106.65263716892,5000.0,5413.1578947368425,22519.810531905718,-4.638422979041934e-11,cold_arrival_preheat
1920.0,0.18725041554075963,5.117419484193688,13.199315935878623,16887.02018118968,214586.84210526315,16887.02018118968,5000.0,5413.1578947368425,22300.178075926524,9.094947017729282e-13,cold_arrival_preheat
1925.0,0.1867965767106368,5.171181747181484,13.248889793278831,16650.000000000004,214586.84210526315,16650.000000000004,5000.0,5413.1578947368425,22063.15789473683,-1.7280399333685637e-11,cold_arrival_preheat
1930.0,0.18634797401451794,5.224707755428589,13.29845609852716,16398.18893630466,214586.84210526315,16398.18893630466,5000.0,5413.1578947368425,21811.346831041505,9.094947017729282e-13,cold_arrival_preheat
1935.0,0.18590485810831098,5.277990166826126,13.348010291483691,16134.345884812357,214586.84210526315,16134.345884812357,5000.0,5413.1578947368425,21547.503779549177,-2.2737367544323206e-11,cold_arrival_preheat
1940.0,0.1854674189282323,5.331024279240834,13.397547764769385,15861.361565207968,214586.84210526315,15861.361565207968,5000.0,5413.1578947368425,21274.519459944797,-1.3642420526593924e-11,cold_arrival_preheat
1945.0,0.18503578367356216,5.38380803025536,13.447063917597397,15582.226850822679,214586.84210526315,15582.226850822679,5000.0,5413.1578947368425,20995.384745559462,-5.911715561524034e-11,cold_arrival_preheat
1950.0,0.18461001548594255,5.436341962442383,13.496554208423403,15299.999999999993,214586.84210526315,15299.999999999993,5000.0,5413.1578947368425,20713.157894736887,5.184119800105691e-11,cold_arrival_preheat
1955.0,0.18419011283620187,5.488629157037531,13.546014205751423,15017.773149177328,214586.84210526315,15017.773149177328,5000.0,5413.1578947368425,20430.931043914177,6.366462912410498e-12,cold_arrival_preheat
1960.0,0.1837760096217097,5.540675139338939,13.595439636503393,14738.63843479206,214586.84210526315,14738.63843479206,5000.0,5413.1578947368425,20151.796329528883,-1.9099388737231493e-11,cold_arrival_preheat
1965.0,0.18336757596941555,5.592487759473887,13.64482643144023,14465.65411518765,214586.84210526315,14465.65411518765,5000.0,5413.1578947368425,19878.812009924495,2.7284841053187847e-12,cold_arrival_preheat
1970.0,0.18296461973209843,5.644077052333159,13.694170767206144,14201.811063695346,214586.84210526315,14201.811063695346,5000.0,5413.1578947368425,19614.968958432186,-2.7284841053187847e-12,cold_arrival_preheat
1975.0,0.18256688865802223,5.695455080486061,13.743469104653304,13950.000000000004,214586.84210526315,13950.000000000004,5000.0,5413.1578947368425,19363.15789473688,3.3651303965598345e-11,cold_arrival_preheat
1980.0,0.18217407320722578,5.746635763763786,13.792718223187704,13712.979818810325,214586.84210526315,13712.979818810325,5000.0,5413.1578947368425,19126.13771354722,5.3660187404602766e-11,cold_arrival_preheat
1985.0,0.18178580998113059,5.7976346989519785,13.84191525095651,13493.347362831086,214586.84210526315,13493.347362831086,5000.0,5413.1578947368425,18906.505257567987,5.911715561524034e-11,cold_arrival_preheat
1990.0,0.18140168572607207,5.848468972685158,13.891057690769921,13293.508971211037,214586.84210526315,13293.508971211037,5000.0,5413.1578947368425,18706.666865947896,1.7280399333685637e-11,cold_arrival_preheat
1995.0,0.1810212418657896,5.899156970209983,13.940143441714703,13115.654115187643,214586.84210526315,13115.654115187643,5000.0,5413.1578947368425,18528.812009924444,-4.092726157978177e-11,cold_arrival_preheat
2000.0,0.18064397951287636,5.949718182207351,13.989170816470924,12961.731409782024,214586.84210526315,12961.731409782024,5000.0,5413.1578947368425,18374.8893045189,3.3651303965598345e-11,cold_arrival_preheat
2005.0,0.18026936490471535,6.000173011362257,14.03813855438689,12833.427264364975,214586.84210526315,12833.427264364975,5000.0,5413.1578947368425,18246.58515910187,5.184119800105691e-11,cold_arrival_preheat
2010.0,0.17989683520552868,6.050542579872537,14.087045830399896,12732.147406003085,214586.84210526315,12732.147406003085,5000.0,5413.1578947368425,18145.305300739972,4.4565240386873484e-11,cold_arrival_preheat
2015.0,0.17952580461285528,6.100848538619102,14.135892259912296,12659.001478018727,214586.84210526315,12659.001478018727,5000.0,5413.1578947368425,18072.159372755523,-4.638422979041934e-11,cold_arrival_preheat
2020.0,0.17915567070405408,6.151112878304882,14.18467789974449,12614.790882505662,214586.84210526315,12614.790882505662,5000.0,5413.1578947368425,18027.948777242487,-1.7280399333685637e-11,cold_arrival_preheat
2025.0,0.1787858209563123,6.201357742527965,14.233403245289852,12600.0,214586.84210526315,12600.0,5000.0,5413.1578947368425,18013.157894736778,-6.45741238258779e-11,cold_arrival_preheat
2030.0,0.1784156393721195,6.251605242502974,14.28206922399329,12614.790882505662,214586.84210526315,12614.790882505662,5000.0,5413.1578947368425,18027.948777242553,4.8203219193965197e-11,cold_arrival_preheat
2035.0,0.1780445131412546,6.30187727299528,14.330677185266653,12659.001478018723,214586.84210526315,12659.001478018723,5000.0,5413.1578947368425,18072.159372755526,-3.9108272176235914e-11,cold_arrival_preheat
2040.0,0.17767183927001906,6.352195328992117,14.379228886943103,12732.147406003085,214586.84210526315,12732.147406003085,5000.0,5413.1578947368425,18145.305300739914,-1.3642420526593924e-11,cold_arrival_preheat
2045.0,0.17729703110873937,6.402580322704199,14.427726478360768,12833.427264364975,214586.84210526315,12833.427264364975,5000.0,5413.1578947368425,18246.585159101836,1.9099388737231493e-11,cold_arrival_preheat
2050.0,0.17691952470945316,6.453052400667122,14.476172480155919,12961.731409782014,214586.84210526315,12961.731409782014,5000.0,5413.1578947368425,18374.88930451887,1.3642420526593924e-11,cold_arrival_preheat
2055.0,0.1765387849471843,6.503630760984228,14.52456976083954,13115.65411518763,214586.84210526315,13115.65411518763,5000.0,5413.1578947368425,18528.812009924437,-3.54702933691442e-11,cold_arrival_preheat
2060.0,0.17615431134030327,6.55433347110753,14.572921510230362,13293.508971211037,214586.84210526315,13293.508971211037,5000.0,5413.1578947368425,18706.66686594787,-8.185452315956354e-12,cold_arrival_preheat
2065.0,0.17576564350815574,6.60517728697227,14.621231209823797,13493.347362831086,214586.84210526315,13493.347362831086,5000.0,5413.1578947368425,18906.505257567973,4.4565240386873484e-11,cold_arrival_preheat
2070.0,0.17537236620742078,6.656177474761512,14.669502600190775,13712.97981881031,214586.84210526315,13712.97981881031,5000.0,5413.1578947368425,19126.137713547163,1.000444171950221e-11,cold_arrival_preheat
2075.0,0.1749741138925219,6.707347637055164,14.717739645523944,13949.999999999989,214586.84210526315,13949.999999999989,5000.0,5413.1578947368425,19363.157894736854,2.2737367544323206e-11,cold_arrival_preheat
2080.0,0.17457057474985,6.758699545586545,14.765946495481234,14201.81106369533,214586.84210526315,14201.81106369533,5000.0,5413.1578947368425,19614.96895843217,-9.094947017729282e-13,cold_arrival_preheat
2085.0,0.1741614941605486,6.810242983262074,14.81412744451798,14465.654115187652,214586.84210526315,14465.654115187652,5000.0,5413.1578947368425,19878.812009924466,-2.8194335754960775e-11,cold_arrival_preheat
2090.0,0.17374667755213952,6.861985598469589,14.862286888947699,14738.638434792041,214586.84210526315,14738.638434792041,5000.0,5413.1578947368425,20151.79632952885,-3.3651303965598345e-11,cold_arrival_preheat
2095.0,0.17332599260529927,6.9139327749836745,14.910429282026916,15017.77314917733,214586.84210526315,15017.77314917733,5000.0,5413.1578947368425,20430.93104391414,-3.183231456205249e-11,cold_arrival_preheat
2100.0,0.17289937078859838,6.966087520950705,14.95855908741916,15299.999999999996,214586.84210526315,15299.999999999996,5000.0,5413.1578947368425,20713.157894736873,3.3651303965598345e-11,cold_arrival_preheat
2105.0,0.17246680820094043,7.018450380484508,15.00668073145507,15582.22685082266,214586.84210526315,15582.22685082266,5000.0,5413.1578947368425,20995.384745559542,3.9108272176235914e-11,cold_arrival_preheat
2110.0,0.17202836570872845,7.071019371313186,15.054798554667189,15861.36156520793,214586.84210526315,15861.36156520793,5000.0,5413.1578947368425,21274.519459944782,1.000444171950221e-11,cold_arrival_preheat
2115.0,0.17158416837237972,7.12378995168169,15.102916763136248,16134.345884812357,214586.84210526315,16134.345884812357,5000.0,5413.1578947368425,21547.503779549224,2.4556356947869062e-11,cold_arrival_preheat
2120.0,0.171134404164628,7.176755019332775,15.151039380238222,16398.18893630466,214586.84210526315,16398.18893630466,5000.0,5413.1578947368425,21811.34683104156,5.547917680814862e-11,cold_arrival_preheat
2125.0,0.17067932199101085,7.229904944866621,15.199170199424938,16650.000000000004,214586.84210526315,16650.000000000004,5000.0,5413.1578947368425,22063.15789473681,-3.54702933691442e-11,cold_arrival_preheat
2130.0,0.17021922903094383,7.283227641129135,15.247312738703252,16887.020181189666,214586.84210526315,16887.020181189666,5000.0,5413.1578947368425,22300.17807592654,3.001332515850663e-11,cold_arrival_preheat
2135.0,0.1697544874257309,7.336708669519145,15.295470197496265,17106.652637168907,214586.84210526315,17106.652637168907,5000.0,5413.1578947368425,22519.810531905725,-2.4556356947869062e-11,cold_arrival_preheat
2140.0,0.1692855103476429,7.390331383259271,15.343645416572913,17306.49102878897,214586.84210526315,17306.49102878897,5000.0,5413.1578947368425,22719.648923525798,-1.3642420526593924e-11,cold_arrival_preheat
2145.0,0.16881275749170138,7.444077106772879,15.391840841718217,17484.345884812352,214586.84210526315,17484.345884812352,5000.0,5413.1578947368425,22897.503779549173,-2.091837814077735e-11,cold_arrival_preheat
2150.0,0.16833673003891841,7.497925349382133,15.440058491784566,17638.26859021798,214586.84210526315,17638.26859021798,5000.0,5413.1578947368425,23051.426484954853,3.001332515850663e-11,cold_arrival_preheat
2155.0,0.16785796514635132,7.551854050624027,15.488299931714808,17766.57273563502,214586.84210526315,17766.57273563502,5000.0,5413.1578947368425,23179.730630371887,2.2737367544323206e-11,cold_arrival_preheat
2160.0,0.1673770300253269,7.6058398536070175,15.536566251060886,17867.85259399691,214586.84210526315,17867.85259399691,5000.0,5413.1578947368425,23281.010488733762,8.185452315956354e-12,cold_arrival_preheat
2165.0,0.16689451567446636,7.659858402034524,15.584858048438802,17940.99852198127,214586.84210526315,17940.99852198127,5000.0,5413.1578947368425,23354.156416718066,-4.638422979041934e-11,cold_arrival_preheat
2170.0,0.16641103033861138,7.7138846558342875,15.633175422263593,17985.209117494338,214586.84210526315,17985.209117494338,5000.0,5413.1578947368425,23398.36701223121,3.001332515850663e-11,cold_arrival_preheat
2175.0,0.1659271927683298,7.767893219781859,15.681517967999257,18000.0,214586.84210526315,18000.0,5000.0,5413.1578947368425,23413.15789473688,3.728928277269006e-11,cold_arrival_preheat
2180.0,0.16544362535730264,7.821858679114494,15.729884782041227,17985.209117494338,214586.84210526315,17985.209117494338,5000.0,5413.1578947368425,23398.367012231138,-4.274625098332763e-11,cold_arrival_preheat
2185.0,0.16496094723651353,7.875755935914291,15.7782744722263,17940.998521981277,214586.84210526315,17940.998521981277,5000.0,5413.1578947368425,23354.15641671815,3.001332515850663e-11,cold_arrival_preheat
2190.0,0.16447976740474582,7.929560540005377,15.826685174840696,17867.85259399692,214586.84210526315,17867.85259399692,5000.0,5413.1578947368425,23281.010488733722,-3.9108272176235914e-11,cold_arrival_preheat
2195.0,0.16400067797443374,7.983249008260721,15.875114577874546,17766.57273563502,214586.84210526315,17766.57273563502,5000.0,5413.1578947368425,23179.73063037189,2.637534635141492e-11,cold_arrival_preheat
2200.0,0.1635242476104163,8.036799126543585,15.923559950154607,17638.26859021798,214586.84210526315,17638.26859021798,5000.0,5413.1578947368425,23051.426484954805,-1.7280399333685637e-11,cold_arrival_preheat
2205.0,0.16305101523663929,8.090190229003454,15.97201817587947,17484.345884812363,214586.84210526315,17484.345884812363,5000.0,5413.1578947368425,22897.503779549257,5.184119800105691e-11,cold_arrival_preheat
2210.0,0.16258148408238352,8.143403450086627,16.02048579398638,17306.49102878897,214586.84210526315,17306.49102878897,5000.0,5413.1578947368425,22719.648923525736,-7.548806024715304e-11,cold_arrival_preheat
2215.0,0.16211611613523394,8.196421945382099,16.068959041698413,17106.65263716892,214586.84210526315,17106.65263716892,5000.0,5413.1578947368425,22519.81053190571,-5.3660187404602766e-11,cold_arrival_preheat
2220.0,0.1616553270628187,8.249231078274157,16.117433901537378,16887.02018118968,214586.84210526315,16887.02018118968,5000.0,5413.1578947368425,22300.17807592653,8.185452315956354e-12,cold_arrival_preheat
2225.0,0.1611994816594339,8.30181857028144,16.165906151042964,16650.000000000004,214586.84210526315,16650.000000000004,5000.0,5413.1578947368425,22063.15789473684,-6.366462912410498e-12,cold_arrival_preheat
2230.0,0.1607488898671266,8.354174613893852,16.214371414412653,16398.18893630466,214586.84210526315,16398.18893630466,5000.0,5413.1578947368425,21811.346831041465,-3.9108272176235914e-11,cold_arrival_preheat
2235.0,0.1603038034137453,8.406291947639522,16.262825215270464,16134.345884812357,214586.84210526315,16134.345884812357,5000.0,5413.1578947368425,21547.503779549173,-2.637534635141492e-11,cold_arrival_preheat
2240.0,0.15986441310299332,8.458165893991271,16.311263029784453,15861.361565207968,214586.84210526315,15861.361565207968,5000.0,5413.1578947368425,21274.519459944746,-6.45741238258779e-11,cold_arrival_preheat
2245.0,0.15943084678375102,8.509794361526057,16.359680339382145,15582.226850822679,214586.84210526315,15582.226850822679,5000.0,5413.1578947368425,20995.384745559488,-3.3651303965598345e-11,cold_arrival_preheat
2250.0,0.15900316801797978,8.561177813456059,16.40807268235774,15299.999999999996,214586.84210526315,15299.999999999996,5000.0,5413.1578947368425,20713.15789473688,4.092726157978177e-11,cold_arrival_preheat
2255.0,0.15858137545849046,8.61231920523583,16.456435703722732,15017.77314917733,214586.84210526315,15017.77314917733,5000.0,5413.1578947368425,20430.93104391411,-6.093614501878619e-11,cold_arrival_preheat
2260.0,0.1581654029398572,8.66322389440142,16.50476520271982,14738.63843479206,214586.84210526315,14738.63843479206,5000.0,5413.1578947368425,20151.796329528926,2.4556356947869062e-11,cold_arrival_preheat
2265.0,0.15775512027787766,8.71389952610624,16.55305717749581,14465.654115187652,214586.84210526315,14465.654115187652,5000.0,5413.1578947368425,19878.81200992448,-1.3642420526593924e-11,cold_arrival_preheat
2270.0,0.15735033476531154,8.764355897982046,16.601307866509472,14201.811063695348,214586.84210526315,14201.811063695348,5000.0,5413.1578947368425,19614.96895843214,-5.184119800105691e-11,cold_arrival_preheat
2275.0,0.15695079334424783,8.814604807976155,16.649513786332196,13950.000000000007,214586.84210526315,13950.000000000007,5000.0,5413.1578947368425,19363.157894736913,6.275513442233205e-11,cold_arrival_preheat
2280.0,0.15655618542842675,8.86465988870717,16.697671765579727,13712.979818810327,214586.84210526315,13712.979818810327,5000.0,5413.1578947368425,19126.137713547178,8.185452315956354e-12,cold_arrival_preheat
2285.0,0.15616614634223258,8.914536431656257,16.745778974789893,13493.347362831086,214586.84210526315,13493.347362831086,5000.0,5413.1578947368425,18906.505257567904,-2.4556356947869062e-11,cold_arrival_preheat
2290.0,0.15578026133692904,8.96425120418844,16.793832952131556,13293.508971211037,214586.84210526315,13293.508971211037,5000.0,5413.1578947368425,18706.66686594783,-4.8203219193965197e-11,cold_arrival_preheat
2295.0,0.1553980701390684,9.013822262001018,16.84183162489245,13115.654115187643,214586.84210526315,13115.654115187643,5000.0,5413.1578947368425,18528.81200992451,2.4556356947869062e-11,cold_arrival_preheat
2300.0,0.15501907198090212,9.063268759148961,16.88977332674666,12961.731409782024,214586.84210526315,12961.731409782024,5000.0,5413.1578947368425,18374.889304518903,3.728928277269006e-11,cold_arrival_preheat
2305.0,0.15464273105807946,9.112610757325847,16.937656810845436,12833.427264364975,214586.84210526315,12833.427264364975,5000.0,5413.1578947368425,18246.585159101778,-3.9108272176235914e-11,cold_arrival_preheat
2310.0,0.15426848235595844,9.161869035609662,16.985481258807695,12732.147406003085,214586.84210526315,12732.147406003085,5000.0,5413.1578947368425,18145.30530073989,-3.9108272176235914e-11,cold_arrival_preheat
2315.0,0.15389573778248616,9.211064901440416,17.03324628570909,12659.001478018727,214586.84210526315,12659.001478018727,5000.0,5413.1578947368425,18072.15937275553,-3.9108272176235914e-11,cold_arrival_preheat
2320.0,0.15352389254283969,9.26022000320369,17.08095194118162,12614.790882505662,214586.84210526315,12614.790882505662,5000.0,5413.1578947368425,18027.94877724248,-2.4556356947869062e-11,cold_arrival_preheat
2325.0,0.1531523316888618,9.309356144470728,17.128598706740938,12600.0,214586.84210526315,12600.0,5000.0,5413.1578947368425,18013.157894736865,2.2737367544323206e-11,cold_arrival_preheat
2330.0,0.15278043677478093,9.358495099707238,17.1761874894568,12614.790882505662,214586.84210526315,12614.790882505662,5000.0,5413.1578947368425,18027.948777242505,9.094947017729282e-13,cold_arrival_preheat
2335.0,0.15240759254977276,9.407658431121057,17.223719612075968,12659.001478018723,214586.84210526315,12659.001478018723,5000.0,5413.1578947368425,18072.1593727556,3.3651303965598345e-11,cold_arrival_preheat
2340.0,0.15203319361760384,9.456867306279799,17.271196799697783,12732.147406003085,214586.84210526315,12732.147406003085,5000.0,5413.1578947368425,18145.30530073997,4.092726157978177e-11,cold_arrival_preheat
2345.0,0.15165665099389383,9.506142316194717,17.318621163093137,12833.427264364975,214586.84210526315,12833.427264364975,5000.0,5413.1578947368425,18246.585159101836,1.9099388737231493e-11,cold_arrival_preheat
2350.0,0.15127739849244293,9.555503293732595,17.365995178749472,12961.731409782014,214586.84210526315,12961.731409782014,5000.0,5413.1578947368425,18374.889304518827,-3.001332515850663e-11,cold_arrival_preheat
2355.0,0.1508948988735918,9.604969132474459,17.41332166571986,13115.65411518763,214586.84210526315,13115.65411518763,5000.0,5413.1578947368425,18528.812009924426,-4.638422979041934e-11,cold_arrival_preheat
2360.0,0.15050864968971164,9.654557606474887,17.460603759354942,13293.508971211037,214586.84210526315,13293.508971211037,5000.0,5413.1578947368425,18706.66686594785,-3.001332515850663e-11,cold_arrival_preheat
2365.0,0.15011818876565597,9.704285191770898,17.50784488200379,13493.347362831086,214586.84210526315,13493.347362831086,5000.0,5413.1578947368425,18906.505257567867,-6.093614501878619e-11,cold_arrival_preheat
2370.0,0.14972309925534008,9.754166890923818,17.555048710784916,13712.979818810309,214586.84210526315,13712.979818810309,5000.0,5413.1578947368425,19126.137713547192,4.092726157978177e-11,cold_arrival_preheat
2375.0,0.1493230141839904,9.80421608594426,17.602219142552038,13949.999999999989,214586.84210526315,13949.999999999989,5000.0,5413.1578947368425,19363.157894736793,-3.9108272176235914e-11,cold_arrival_preheat
2380.0,0.1489176204208778,9.85444442481463,17.6493602566836,14201.81106369533,214586.84210526315,14201.81106369533,5000.0,5413.1578947368425,19614.9689584321,-7.366907084360719e-11,cold_arrival_preheat
2385.0,0.14850666223973644,9.904861609480268,17.69647627641549,14465.65411518765,214586.84210526315,14465.65411518765,5000.0,5413.1578947368425,19878.812009924495,2.7284841053187847e-12,cold_arrival_preheat
2390.0,0.14808994418240595,9.955475251376656,17.743571526778123,14738.638434792041,214586.84210526315,14738.638434792041,5000.0,5413.1578947368425,20151.7963295289,1.7280399333685637e-11,cold_arrival_preheat
2395.0,0.1476673332685769,10.006290746522177,17.79065039056287,15017.773149177328,214586.84210526315,15017.773149177328,5000.0,5413.1578947368425,20430.931043914203,3.183231456205249e-11,cold_arrival_preheat
